/*
Navicat MySQL Data Transfer

Source Server         : local
Source Server Version : 50555
Source Host           : localhost:3306
Source Database       : db

Target Server Type    : MYSQL
Target Server Version : 50555
File Encoding         : 65001

Date: 2018-08-28 23:11:43
*/

SET FOREIGN_KEY_CHECKS=0;

-- ----------------------------
-- Table structure for area
-- ----------------------------
DROP TABLE IF EXISTS `area`;
CREATE TABLE `area` (
  `id` int(11) NOT NULL AUTO_INCREMENT,
  `name` varchar(255) DEFAULT NULL,
  PRIMARY KEY (`id`)
) ENGINE=InnoDB AUTO_INCREMENT=4 DEFAULT CHARSET=utf8;

-- ----------------------------
-- Records of area
-- ----------------------------
INSERT INTO `area` VALUES ('1', '安全生产控制大区');
INSERT INTO `area` VALUES ('2', '管理信息大区');
INSERT INTO `area` VALUES ('3', '其他大区');

-- ----------------------------
-- Table structure for button
-- ----------------------------
DROP TABLE IF EXISTS `button`;
CREATE TABLE `button` (
  `id` int(11) NOT NULL AUTO_INCREMENT,
  `isShow` int(4) DEFAULT NULL,
  `name` varchar(255) DEFAULT NULL,
  `title` varchar(255) DEFAULT NULL,
  `img` varchar(255) DEFAULT NULL,
  `callback` varchar(255) DEFAULT NULL,
  PRIMARY KEY (`id`)
) ENGINE=InnoDB AUTO_INCREMENT=16 DEFAULT CHARSET=utf8;

-- ----------------------------
-- Records of button
-- ----------------------------
INSERT INTO `button` VALUES ('1', '1', 'btn_reset', '场景还原', './menus/reset.png', 'function(){ D3DOBJ.reset(); }');
INSERT INTO `button` VALUES ('2', '1', 'btn_aeroview', '空中俯瞰', './menus/aeroview.png', 'function(){D3DOBJ.aeroview();}');
INSERT INTO `button` VALUES ('3', '1', 'btn_power', '供电情况', './menus/power.png', 'function(){D3DOBJ.power();}');
INSERT INTO `button` VALUES ('4', '1', 'btn_air', '空调风向', './menus/air.png', 'function(){D3DOBJ.air();}');
INSERT INTO `button` VALUES ('5', '1', 'btn_connection', '网线管理', './menus/connection.png', 'function(){D3DOBJ.connection();}');
INSERT INTO `button` VALUES ('6', '1', 'btn_smoke', '烟雾检测', './menus/smoke.png', 'function(){D3DOBJ.smoke();}');
INSERT INTO `button` VALUES ('7', '1', 'btn_cab_usage', '机柜利用率', './menus/space.png', 'function(){D3DOBJ.cab_usage();}');
INSERT INTO `button` VALUES ('8', '1', 'btn_dyn_data', '动环数据', './menus/dyndata.png', 'function(){D3DOBJ.dyn_data();}');
INSERT INTO `button` VALUES ('9', '1', 'btn_roam', '场景巡视', './menus/person.png', 'function(){D3DOBJ.roam();}');
INSERT INTO `button` VALUES ('10', '1', 'btn_cab_sel_box', '机柜选取', './menus/cab_sel.png', 'function(){D3DOBJ.cab_sel_box();}');
INSERT INTO `button` VALUES ('12', '1', 'btn_help', '使用说明', './menus/help.png', 'function(){D3DOBJ.help();}');
INSERT INTO `button` VALUES ('15', '0', 'btn_temp', '温度监控', './menus/temperature.png', 'function(){D3DOBJ.temp();}');

-- ----------------------------
-- Table structure for cabinet
-- ----------------------------
DROP TABLE IF EXISTS `cabinet`;
CREATE TABLE `cabinet` (
  `id` int(11) NOT NULL,
  `code` varchar(255) DEFAULT NULL,
  `name` varchar(255) DEFAULT NULL,
  `station` int(11) DEFAULT NULL,
  `person` varchar(255) DEFAULT NULL,
  `memo` varchar(1000) DEFAULT NULL,
  `capacity` double DEFAULT '6500',
  `areaId` int(11) DEFAULT NULL,
  `systemId` int(11) DEFAULT NULL,
  PRIMARY KEY (`id`)
) ENGINE=InnoDB DEFAULT CHARSET=utf8;

-- ----------------------------
-- Records of cabinet
-- ----------------------------
INSERT INTO `cabinet` VALUES ('11', '1A1', 'A1网络列头柜1', '1', '孙长春', null, '6500', '3', '10');
INSERT INTO `cabinet` VALUES ('12', '1A2', 'A2D5000网络柜I', '1', '孙长春', null, '6500', '1', '2');
INSERT INTO `cabinet` VALUES ('13', '1A3', 'A3D5000网络柜II', '1', '孙长春', null, '6500', '1', '2');
INSERT INTO `cabinet` VALUES ('14', '1A4', 'A4D5000网络柜III', '1', '孙长春', null, '6500', '1', '2');
INSERT INTO `cabinet` VALUES ('15', '1A5', 'A5D5000网络柜IV', '1', '孙长春', null, '6500', '1', '2');
INSERT INTO `cabinet` VALUES ('16', '1A6', 'A6D5000服务器柜I', '1', '孙长春', null, '6500', '1', '2');
INSERT INTO `cabinet` VALUES ('17', '1A7', 'A7D5000服务器柜II', '1', '孙长春', null, '6500', '1', '2');
INSERT INTO `cabinet` VALUES ('18', '1A8', 'A8D5000服务器柜III', '1', '孙长春', null, '6500', '1', '2');
INSERT INTO `cabinet` VALUES ('19', '1A9', 'A9D5000服务器柜IV', '1', '孙长春', null, '6500', '3', '9');
INSERT INTO `cabinet` VALUES ('21', '1B1', 'B1网络列头柜1', '1', '孙长春', null, '6500', '3', '10');
INSERT INTO `cabinet` VALUES ('22', '1B2', 'B2未分配', '1', '孙长春', null, '6500', '2', '5');
INSERT INTO `cabinet` VALUES ('23', '1B3', 'B3未分配', '1', '孙长春', null, '6500', '2', '5');
INSERT INTO `cabinet` VALUES ('24', '1B4', 'B4未分配', '1', '孙长春', null, '6500', '2', '5');
INSERT INTO `cabinet` VALUES ('25', '1B5', 'B5未分配', '1', '孙长春', null, '6500', '2', '5');
INSERT INTO `cabinet` VALUES ('26', '1B6', 'B6未分配', '1', '孙长春', null, '6500', '2', '5');
INSERT INTO `cabinet` VALUES ('27', '1B7', 'B7未分配', '1', '孙长春', null, '6500', '2', '5');
INSERT INTO `cabinet` VALUES ('28', '1B8', 'B8未分配', '1', '孙长春', null, '6500', '2', '5');
INSERT INTO `cabinet` VALUES ('29', '1B9', 'B9未分配', '1', '孙长春', null, '6500', '2', '5');
INSERT INTO `cabinet` VALUES ('31', '1C1', 'C1网络列头柜1', '1', '孙长春', null, '6500', '3', '10');
INSERT INTO `cabinet` VALUES ('32', '1C2', 'C2配自网络机柜Ⅰ', '1', '孙长春', '', '6500', '1', '1');
INSERT INTO `cabinet` VALUES ('33', '1C3', 'C3配自网络机柜Ⅱ', '1', '孙长春', '', '6500', '1', '1');
INSERT INTO `cabinet` VALUES ('34', '1C4', 'C4配自安全接入Ⅰ', '1', '孙长春', '', '6500', '1', '1');
INSERT INTO `cabinet` VALUES ('35', '1C5', 'C5配自安全接入Ⅱ', '1', '孙长春', '', '6500', '1', '1');
INSERT INTO `cabinet` VALUES ('36', '1C6', 'C6配自工作站柜', '1', '孙长春', '', '6500', '1', '1');
INSERT INTO `cabinet` VALUES ('37', '1C7', 'C7配自安全防护', '1', '孙长春', '', '6500', '1', '1');
INSERT INTO `cabinet` VALUES ('38', '1C8', 'C8配自服务器柜Ⅰ', '1', '孙长春', '', '6500', '1', '1');
INSERT INTO `cabinet` VALUES ('39', '1C9', 'C9配自服务器柜Ⅱ', '1', '孙长春', '', '6500', '1', '1');
INSERT INTO `cabinet` VALUES ('41', '1D1', 'D1网络列头柜1', '1', '孙长春', null, '6500', '3', '10');
INSERT INTO `cabinet` VALUES ('42', '1D2', 'D2配自服务器柜Ⅰ', '1', '孙长春', '', '6500', '2', '6');
INSERT INTO `cabinet` VALUES ('43', '1D3', 'D3配自服务器柜Ⅱ', '1', '孙长春', '', '6500', '2', '6');
INSERT INTO `cabinet` VALUES ('44', '1D4', 'D4配自安全接入Ⅰ', '1', '孙长春', '', '6500', '2', '6');
INSERT INTO `cabinet` VALUES ('45', '1D5', 'D5配自安全接入Ⅱ', '1', '孙长春', '', '6500', '2', '6');
INSERT INTO `cabinet` VALUES ('46', '1D6', 'D6配自服务器柜III', '1', '孙长春', '', '6500', '2', '6');
INSERT INTO `cabinet` VALUES ('47', '1D7', 'D7未分配', '1', '孙长春', null, '6500', '2', '6');
INSERT INTO `cabinet` VALUES ('48', '1D8', 'D8未分配', '1', '孙长春', null, '6500', '2', '6');
INSERT INTO `cabinet` VALUES ('49', '1D9', 'D9未分配', '1', '孙长春', null, '6500', '2', '6');
INSERT INTO `cabinet` VALUES ('51', '1E1', 'E1网络列头柜1', '1', '孙长春', null, '6500', '3', '10');
INSERT INTO `cabinet` VALUES ('52', '1E2', 'E2新能源数据采集', '1', '孙长春', '', '6500', '2', '7');
INSERT INTO `cabinet` VALUES ('53', '1E3', 'E3监控安全防护Ⅰ', '1', '孙长春', '', '6500', '2', '6');
INSERT INTO `cabinet` VALUES ('54', '1E4', 'E4监控安全防护Ⅱ', '1', '孙长春', '', '6500', '2', '6');
INSERT INTO `cabinet` VALUES ('55', '1E5', 'E5未分配', '1', '孙长春', null, '6500', '3', '10');
INSERT INTO `cabinet` VALUES ('56', '1E6', 'E6未分配', '1', '孙长春', null, '6500', '3', '10');
INSERT INTO `cabinet` VALUES ('57', '1E7', 'E7未分配', '1', '孙长春', null, '6500', '3', '10');
INSERT INTO `cabinet` VALUES ('58', '1E8', 'E81#UPS配电柜', '1', '孙长春', '', '6500', '3', '8');
INSERT INTO `cabinet` VALUES ('59', '1E9', 'E92#UPS配电柜', '1', '孙长春', '', '6500', '3', '8');
INSERT INTO `cabinet` VALUES ('61', '1F1', 'F1网络列头柜1', '1', '孙长春', null, '6500', '3', '10');
INSERT INTO `cabinet` VALUES ('62', '1F2', 'F2骨干网一平面', '1', '孙长春', '', '6500', '1', '3');
INSERT INTO `cabinet` VALUES ('63', '1F3', 'F3骨干网二平面', '1', '孙长春', '', '6500', '1', '3');
INSERT INTO `cabinet` VALUES ('64', '1F4', 'F4入侵检测加密管理', '1', '孙长春', '', '6500', '1', '3');
INSERT INTO `cabinet` VALUES ('65', '1F5', 'F5地调接入网', '1', '孙长春', '', '6500', '1', '3');
INSERT INTO `cabinet` VALUES ('66', '1F6', 'F6未分配', '1', '孙长春', null, '6500', '3', '10');
INSERT INTO `cabinet` VALUES ('67', '1F7', 'F7未分配', '1', '孙长春', null, '6500', '3', '10');
INSERT INTO `cabinet` VALUES ('68', '1F8', 'F8未分配', '1', '孙长春', null, '6500', '3', '10');
INSERT INTO `cabinet` VALUES ('69', '1F9', 'F9市电配电柜', '1', '孙长春', '', '6500', '3', '8');

-- ----------------------------
-- Table structure for clone
-- ----------------------------
DROP TABLE IF EXISTS `clone`;
CREATE TABLE `clone` (
  `id` int(11) NOT NULL AUTO_INCREMENT,
  `name` varchar(255) DEFAULT NULL,
  `isShow` int(11) DEFAULT NULL,
  `refCode` varchar(255) DEFAULT '0',
  `copyfrom` varchar(255) DEFAULT NULL,
  `pos_x` double DEFAULT '0',
  `pos_y` double DEFAULT '0',
  `pos_z` double DEFAULT '0',
  `rot_x` double DEFAULT '0',
  `rot_y` double DEFAULT '0',
  `rot_z` double DEFAULT '0',
  `scl_x` double DEFAULT '1',
  `scl_y` double DEFAULT '1',
  `scl_z` double DEFAULT '1',
  `parent` varchar(255) DEFAULT '',
  `isDirty` int(11) DEFAULT '1',
  PRIMARY KEY (`id`)
) ENGINE=InnoDB AUTO_INCREMENT=62 DEFAULT CHARSET=utf8;

-- ----------------------------
-- Records of clone
-- ----------------------------
INSERT INTO `clone` VALUES ('1', 'aircondition2', '1', null, 'aircondition', '450', '110', '-595', '0', '-90', '0', '1', '1', '1', '', '0');
INSERT INTO `clone` VALUES ('3', 'firedevice2', '1', null, 'firedevice', '-650', '110', '600', '0', '90', '0', '1', '1', '1', '', '0');
INSERT INTO `clone` VALUES ('4', 'firedevice3', '1', null, 'firedevice', '980', '110', '330', '0', '90', '0', '1', '1', '1', '', '0');
INSERT INTO `clone` VALUES ('5', 'firedevice4', '1', null, 'firedevice', '950', '110', '-595', '0', '-90', '0', '1', '1', '1', '', '0');
INSERT INTO `clone` VALUES ('6', 'cab_F2', '1', '1F2', 'cabinet', '680', '113', '-329', '0', '0', '0', '1', '1', '1', '', '0');
INSERT INTO `clone` VALUES ('7', 'cab_F3', '1', '1F3', 'cabinet', '680', '113', '-258', '0', '0', '0', '1', '1', '1', '', '0');
INSERT INTO `clone` VALUES ('8', 'cab_F4', '1', '1F4', 'cabinet', '680', '113', '-187', '0', '0', '0', '1', '1', '1', '', '0');
INSERT INTO `clone` VALUES ('9', 'cab_F5', '1', '1F5', 'cabinet', '680', '113', '-116', '0', '0', '0', '1', '1', '1', '', '0');
INSERT INTO `clone` VALUES ('10', 'cab_F6', '1', '1F6', 'cabinet', '680', '113', '-45', '0', '0', '0', '1', '1', '1', '', '0');
INSERT INTO `clone` VALUES ('11', 'cab_F7', '1', '1F7', 'cabinet', '680', '113', '26', '0', '0', '0', '1', '1', '1', '', '0');
INSERT INTO `clone` VALUES ('12', 'cab_F8', '1', '1F8', 'cabinet', '680', '113', '97', '0', '0', '0', '1', '1', '1', '', '0');
INSERT INTO `clone` VALUES ('13', 'cab_F9', '1', '1F9', 'cabinet', '680', '113', '168', '0', '0', '0', '1', '1', '1', '', '0');
INSERT INTO `clone` VALUES ('14', 'cab_E1', '1', '1E1', 'cabinet', '400', '113', '-400', '0', '0', '0', '1', '1', '1', '', '0');
INSERT INTO `clone` VALUES ('15', 'cab_E2', '1', '1E2', 'cabinet', '400', '113', '-329', '0', '0', '0', '1', '1', '1', '', '0');
INSERT INTO `clone` VALUES ('16', 'cab_E3', '1', '1E3', 'cabinet', '400', '113', '-258', '0', '0', '0', '1', '1', '1', '', '0');
INSERT INTO `clone` VALUES ('17', 'cab_E4', '1', '1E4', 'cabinet', '400', '113', '-187', '0', '0', '0', '1', '1', '1', '', '0');
INSERT INTO `clone` VALUES ('18', 'cab_E5', '1', '1E5', 'cabinet', '400', '113', '-116', '0', '0', '0', '1', '1', '1', '', '0');
INSERT INTO `clone` VALUES ('19', 'cab_E6', '1', '1E6', 'cabinet', '400', '113', '-45', '0', '0', '0', '1', '1', '1', '', '0');
INSERT INTO `clone` VALUES ('20', 'cab_E7', '1', '1E7', 'cabinet', '400', '113', '26', '0', '0', '0', '1', '1', '1', '', '0');
INSERT INTO `clone` VALUES ('21', 'cab_E8', '1', '1E8', 'cabinet', '400', '113', '97', '0', '0', '0', '1', '1', '1', '', '0');
INSERT INTO `clone` VALUES ('22', 'cab_E9', '1', '1E9', 'cabinet', '400', '113', '168', '0', '0', '0', '1', '1', '1', '', '0');
INSERT INTO `clone` VALUES ('23', 'cab_D1', '1', '1D1', 'cabinet', '120', '113', '-400', '0', '0', '0', '1', '1', '1', null, '0');
INSERT INTO `clone` VALUES ('24', 'cab_D2', '1', '1D2', 'cabinet', '120', '113', '-329', '0', '0', '0', '1', '1', '1', null, '0');
INSERT INTO `clone` VALUES ('25', 'cab_D3', '1', '1D3', 'cabinet', '120', '113', '-258', '0', '0', '0', '1', '1', '1', null, '0');
INSERT INTO `clone` VALUES ('26', 'cab_D4', '1', '1D4', 'cabinet', '120', '113', '-187', '0', '0', '0', '1', '1', '1', null, '0');
INSERT INTO `clone` VALUES ('27', 'cab_D5', '1', '1D5', 'cabinet', '120', '113', '-116', '0', '0', '0', '1', '1', '1', null, '0');
INSERT INTO `clone` VALUES ('28', 'cab_D6', '1', '1D6', 'cabinet', '120', '113', '-45', '0', '0', '0', '1', '1', '1', null, '0');
INSERT INTO `clone` VALUES ('29', 'cab_D7', '1', '1D7', 'cabinet', '120', '113', '26', '0', '0', '0', '1', '1', '1', null, '0');
INSERT INTO `clone` VALUES ('30', 'cab_D8', '1', '1D8', 'cabinet', '120', '113', '97', '0', '0', '0', '1', '1', '1', null, '0');
INSERT INTO `clone` VALUES ('31', 'cab_D9', '1', '1D9', 'cabinet', '120', '113', '168', '0', '0', '0', '1', '1', '1', null, '0');
INSERT INTO `clone` VALUES ('32', 'cab_C1', '1', '1C1', 'cabinet', '-160', '113', '-400', '0', '0', '0', '1', '1', '1', null, '0');
INSERT INTO `clone` VALUES ('33', 'cab_C2', '1', '1C2', 'cabinet', '-160', '113', '-329', '0', '0', '0', '1', '1', '1', null, '0');
INSERT INTO `clone` VALUES ('34', 'cab_C3', '1', '1C3', 'cabinet', '-160', '113', '-258', '0', '0', '0', '1', '1', '1', null, '0');
INSERT INTO `clone` VALUES ('35', 'cab_C4', '1', '1C4', 'cabinet', '-160', '113', '-187', '0', '0', '0', '1', '1', '1', null, '0');
INSERT INTO `clone` VALUES ('36', 'cab_C5', '1', '1C5', 'cabinet', '-160', '113', '-116', '0', '0', '0', '1', '1', '1', null, '0');
INSERT INTO `clone` VALUES ('37', 'cab_C6', '1', '1C6', 'cabinet', '-160', '113', '-45', '0', '0', '0', '1', '1', '1', null, '0');
INSERT INTO `clone` VALUES ('38', 'cab_C7', '1', '1C7', 'cabinet', '-160', '113', '26', '0', '0', '0', '1', '1', '1', null, '0');
INSERT INTO `clone` VALUES ('39', 'cab_C8', '1', '1C8', 'cabinet', '-160', '113', '97', '0', '0', '0', '1', '1', '1', null, '0');
INSERT INTO `clone` VALUES ('40', 'cab_C9', '1', '1C9', 'cabinet', '-160', '113', '168', '0', '0', '0', '1', '1', '1', null, '0');
INSERT INTO `clone` VALUES ('41', 'cab_B1', '1', '1B1', 'cabinet', '-440', '113', '-400', '0', '0', '0', '1', '1', '1', null, '0');
INSERT INTO `clone` VALUES ('42', 'cab_B2', '1', '1B2', 'cabinet', '-440', '113', '-329', '0', '0', '0', '1', '1', '1', null, '0');
INSERT INTO `clone` VALUES ('43', 'cab_B3', '1', '1B3', 'cabinet', '-440', '113', '-258', '0', '0', '0', '1', '1', '1', null, '0');
INSERT INTO `clone` VALUES ('44', 'cab_B4', '1', '1B4', 'cabinet', '-440', '113', '-187', '0', '0', '0', '1', '1', '1', null, '0');
INSERT INTO `clone` VALUES ('45', 'cab_B5', '1', '1B5', 'cabinet', '-440', '113', '-116', '0', '0', '0', '1', '1', '1', null, '0');
INSERT INTO `clone` VALUES ('46', 'cab_B6', '1', '1B6', 'cabinet', '-440', '113', '-45', '0', '0', '0', '1', '1', '1', null, '0');
INSERT INTO `clone` VALUES ('47', 'cab_B7', '1', '1B7', 'cabinet', '-440', '113', '26', '0', '0', '0', '1', '1', '1', null, '0');
INSERT INTO `clone` VALUES ('48', 'cab_B8', '1', '1B8', 'cabinet', '-440', '113', '97', '0', '0', '0', '1', '1', '1', null, '0');
INSERT INTO `clone` VALUES ('49', 'cab_B9', '1', '1B9', 'cabinet', '-440', '113', '168', '0', '0', '0', '1', '1', '1', null, '0');
INSERT INTO `clone` VALUES ('50', 'cab_A1', '1', '1A1', 'cabinet', '-720', '113', '-400', '0', '0', '0', '1', '1', '1', null, '0');
INSERT INTO `clone` VALUES ('51', 'cab_A2', '1', '1A2', 'cabinet', '-720', '113', '-329', '0', '0', '0', '1', '1', '1', null, '0');
INSERT INTO `clone` VALUES ('52', 'cab_A3', '1', '1A3', 'cabinet', '-720', '113', '-258', '0', '0', '0', '1', '1', '1', null, '0');
INSERT INTO `clone` VALUES ('53', 'cab_A4', '1', '1A4', 'cabinet', '-720', '113', '-187', '0', '0', '0', '1', '1', '1', null, '0');
INSERT INTO `clone` VALUES ('54', 'cab_A5', '1', '1A5', 'cabinet', '-720', '113', '-116', '0', '0', '0', '1', '1', '1', null, '0');
INSERT INTO `clone` VALUES ('55', 'cab_A6', '1', '1A6', 'cabinet', '-720', '113', '-45', '0', '0', '0', '1', '1', '1', null, '0');
INSERT INTO `clone` VALUES ('56', 'cab_A7', '1', '1A7', 'cabinet', '-720', '113', '26', '0', '0', '0', '1', '1', '1', null, '0');
INSERT INTO `clone` VALUES ('57', 'cab_A8', '1', '1A8', 'cabinet', '-720', '113', '97', '0', '0', '0', '1', '1', '1', null, '0');
INSERT INTO `clone` VALUES ('58', 'cab_A9', '1', '1A9', 'cabinet', '-720', '113', '168', '0', '0', '0', '1', '1', '1', null, '0');
INSERT INTO `clone` VALUES ('59', 'firedevice1', '1', null, 'firedevice', '-650', '110', '-595', '0', '-90', '0', '1', '1', '1', '', '0');
INSERT INTO `clone` VALUES ('60', 'aircondition1', '1', null, 'aircondition', '-450', '110', '-595', '0', '-90', '0', '1', '1', '1', '', '0');
INSERT INTO `clone` VALUES ('61', 'cab_F1', '1', '1F1', 'cabinet', '680', '113', '-400', '0', '0', '0', '1', '1', '1', '', '0');

-- ----------------------------
-- Table structure for device
-- ----------------------------
DROP TABLE IF EXISTS `device`;
CREATE TABLE `device` (
  `id` int(11) NOT NULL,
  `code` varchar(255) DEFAULT NULL,
  `name` varchar(255) DEFAULT NULL,
  `typeId` int(11) DEFAULT NULL,
  `typeName` varchar(255) DEFAULT NULL,
  `cabinet` varchar(255) DEFAULT NULL,
  `cabinet_old` int(11) DEFAULT NULL,
  `user` varchar(255) DEFAULT NULL,
  `pass` varchar(255) DEFAULT NULL,
  `person` varchar(255) DEFAULT NULL,
  `record` varchar(255) DEFAULT NULL,
  `capacity` double DEFAULT '200',
  `memo` varchar(1000) DEFAULT NULL,
  `modelNo` varchar(255) DEFAULT NULL,
  `cpu` varchar(255) DEFAULT NULL,
  `memory` varchar(255) DEFAULT NULL,
  `disk` varchar(255) DEFAULT NULL,
  `barcode` varchar(255) DEFAULT NULL,
  PRIMARY KEY (`id`)
) ENGINE=InnoDB DEFAULT CHARSET=utf8;

-- ----------------------------
-- Records of device
-- ----------------------------
INSERT INTO `device` VALUES ('1', '1C21401', '一区KVM系统', '3', '1UKVM', '1C2', '1', '', '', '孙长春', '', '200', '设备型号：武汉达梦KVM DKX3-832\n切换方式：远程切换\n输入路数：32\n输出路数：32\n设备U数：1\n安装地点：C2\n起始U位：14U', null, null, null, null, 'device.png');
INSERT INTO `device` VALUES ('2', '1C21602', '配电加密认证装置A', '7', '2U加密设备', '1C2', '1', '', '', '孙长春', '', '200', '设备型号：北京智芯SJJ1545\n设备U数：2\n安装地点：C2\n起始U位 ：16', null, null, null, null, 'device.png');
INSERT INTO `device` VALUES ('3', '1C21902', '反向安全隔离装置A(一安区)', '12', '2U反向隔离', '1C2', '1', '', '', '孙长春', '', '200', '设备型号：南瑞信通Syskeeper-2000E\n传输方向：反向\n设备U数：2\n安装地点：C2\n起始U位 ：19', null, null, null, null, 'device.png');
INSERT INTO `device` VALUES ('4', '1C22201', '正向安全隔离装置A(一安区)', '2', '1U正向隔离', '1C2', '1', '', '', '孙长春', '', '200', '设备型号：珠海鸿瑞WALL-85M-II-SQ\n传输方向：正向\n设备U数：1\n安装地点：C2\n起始U位 ：22', null, null, null, null, 'device.png');
INSERT INTO `device` VALUES ('5', '1C22402', '反向安全隔离装置A(一三区)', '12', '2U反向隔离', '1C2', '1', '', '', '孙长春', '', '200', '设备型号：南瑞信通Syskeeper-2000E\n传输方向：反向\n设备U数：2\n安装地点：C2\n起始U位 ：24', null, null, null, null, 'device.png');
INSERT INTO `device` VALUES ('6', '1C22701', '正向安全隔离装置A(一三区)', '2', '1U正向隔离', '1C2', '1', '', '', '孙长春', '', '200', '设备型号：珠海鸿瑞WALL-85M-II-SQ\n传输方向：正向\n设备U数：1\n安装地点：C2\n起始U位 ：27', null, null, null, null, 'device.png');
INSERT INTO `device` VALUES ('7', '1C23001', '主干网交换机A', '4', '1U交换机', '1C2', '1', '', '', '孙长春', '', '200', '设备型号：华为S5720-56C-HI\n交换速率：48个10/100/1000Base-T以太网端口，\n4个万兆SFP+，两个扩展槽位\n光口数：4\n电口数：48\n设备U数：1\n安装地点：C2\n起始U位 ：30', null, null, null, null, 'device.png');
INSERT INTO `device` VALUES ('8', '1C23204', '天文时钟', '16', '4U天文时钟', '1C2', '1', '', '', '孙长春', '', '200', '设备型号：PCS-9785-H2\n序列码：NRJB2121391790330\n管理网络地址：198.120.10.20\n主钟数：1\n扩展钟数：1\n时钟源1：北斗\n时钟源2：GPS\n网络时间信号：5\nIRIG-B信号输出：2\n串行输出路数：1\n设备U数4\n安装地点：C2\n起始U位：32U', null, null, null, null, 'device.png');
INSERT INTO `device` VALUES ('9', '1C31401', '县公司防火墙', '1', '1U防火墙', '1C3', '2', '', '', '孙长春', '', '200', '设备型号：天融信TG-51030\n是否光纤接入：N\n吞吐量：6G\n电源数：2\n设备U数：1\n安装地点：C3\n起始U位：14U', null, null, null, null, 'device.png');
INSERT INTO `device` VALUES ('10', '1C31602', '配电加密认证装置B', '7', '2U加密设备', '1C3', '2', '', '', '孙长春', '', '200', '设备型号：北京智芯SJJ1545\n设备U数：2\n安装地点：C3\n起始U位 ：16', null, null, null, null, 'device.png');
INSERT INTO `device` VALUES ('11', '1C31902', '反向安全隔离装置B(一安区)', '12', '2U反向隔离', '1C3', '2', '', '', '孙长春', '', '200', '设备型号：南瑞信通Syskeeper-2000E\n传输方向：反向\n设备U数：2\n安装地点：C3\n起始U位 ：19', null, null, null, null, 'device.png');
INSERT INTO `device` VALUES ('12', '1C32201', '正向安全隔离装置B(一安区)', '2', '1U正向隔离', '1C3', '2', '', '', '孙长春', '', '200', '设备型号：珠海鸿瑞WALL-85M-II-SQ\n传输方向：正向\n设备U数：1\n安装地点：C3\n起始U位 ：22', null, null, null, null, 'device.png');
INSERT INTO `device` VALUES ('13', '1C32402', '反向安全隔离装置B(一三区)', '12', '2U反向隔离', '1C3', '2', '', '', '孙长春', '', '200', '设备型号：南瑞信通Syskeeper-2000E\n传输方向：反向\n设备U数：2\n安装地点：C3\n起始U位 ：24', null, null, null, null, 'device.png');
INSERT INTO `device` VALUES ('14', '1C32701', '正向安全隔离装置B(一三区)', '2', '1U正向隔离', '1C3', '2', '', '', '孙长春', '', '200', '设备型号：珠海鸿瑞WALL-85M-II-SQ\n传输方向：正向\n设备U数：1\n安装地点：C3\n起始U位 ：27', null, null, null, null, 'device.png');
INSERT INTO `device` VALUES ('15', '1C33001', '主干网交换机B', '4', '1U交换机', '1C3', '2', '', '', '孙长春', '', '200', '设备型号：华为S5720-56C-HI\n交换速率：48个10/100/1000Base-T以太网端口，\n4个万兆SFP+，两个扩展槽位\n光口数：4\n电口数：48\n设备U数：1\n安装地点：C3\n起始U位 ：30', null, null, null, null, 'device.png');
INSERT INTO `device` VALUES ('16', '1C41301', '采集交换机A', '4', '1U交换机', '1C4', '3', '', '', '孙长春', '', '200', '设备型号：华为S5710-28C-EI\n交换速率：24个10/100/1000Base-T以太网端口，\n4个复用的千兆Combo SFP，\n两个扩展槽位；4个万兆SFP+\n光口数：8\n电口数：24\n设备U数：1\n安装地点：C4\n起始U位 ：13', null, null, null, null, 'device.png');
INSERT INTO `device` VALUES ('17', '1C41501', '安全区交换机A', '4', '1U交换机', '1C4', '3', '', '', '孙长春', '', '200', '设备型号：华为S5710-28C-EI\n交换速率：24个10/100/1000Base-T以太网端口，\n4个复用的千兆Combo SFP，\n两个扩展槽位；4个万兆SFP+\n光口数：8\n电口数：24\n设备U数：1\n安装地点：C4\n起始U位 ：15', null, null, null, null, 'device.png');
INSERT INTO `device` VALUES ('18', '1C41802', '配电安全接入网关A', '13', '2U服务器', '1C4', '3', '', '', '孙长春', '', '200', '', null, null, null, null, 'device.png');
INSERT INTO `device` VALUES ('19', '1C42102', '采集服务器A', '13', '2U服务器', '1C4', '3', '', '', '孙长春', '', '200', '设备型号：曙光A420r-G\nCPU主频：3.1GHz\nCPU数   ：2颗AMD4386每颗8核\n内存大小：32GB\n磁盘容量：600 GB*2  SAS硬盘\n安装地点：C4安全接入柜Ⅰ\n起始U位 ：21\nHspdbfe1. a 198.120.100.141   Hspdbfe1. b 198.121.100.141\nHspdbfe1. c 198.122.100.141   Hspdbfe1. d 198.123.100.141', null, null, null, null, 'device.png');
INSERT INTO `device` VALUES ('20', '1C51301', '采集交换机B', '4', '1U交换机', '1C5', '4', '', '', '孙长春', '', '200', '设备型号：华为S5710-28C-EI\n交换速率：24个10/100/1000Base-T以太网端口，\n4个复用的千兆Combo SFP，\n两个扩展槽位；4个万兆SFP+\n光口数：8\n电口数：24\n设备U数：1\n安装地点：C5\n起始U位 ：13', null, null, null, null, 'device.png');
INSERT INTO `device` VALUES ('21', '1C51501', '安全区交换机B', '4', '1U交换机', '1C5', '4', '', '', '孙长春', '', '200', '设备型号：华为S5710-28C-EI\n交换速率：24个10/100/1000Base-T以太网端口，\n4个复用的千兆Combo SFP，\n两个扩展槽位；4个万兆SFP+\n光口数：8\n电口数：24\n设备U数：1\n安装地点：C5\n起始U位 ：15', null, null, null, null, 'device.png');
INSERT INTO `device` VALUES ('22', '1C51802', '配电安全接入网关B', '13', '2U服务器', '1C5', '4', '', '', '孙长春', '', '200', '', null, null, null, null, 'device.png');
INSERT INTO `device` VALUES ('23', '1C52102', '采集服务器B', '13', '2U服务器', '1C5', '4', '', '', '孙长春', '', '200', '设备型号：曙光A420r-G\nCPU主频：3.1GHz\nCPU数   ：2颗AMD4386每颗8核\n内存大小：32GB\n磁盘容量：600 GB*2  SAS硬盘\n安装地点：C5安全接入柜Ⅱ\n起始U位 ：21\nHspdbfe2. a 198.120.100.142   Hspdbfe2. b 198.121.100.142\nHspdbfe2. c 198.122.100.142   Hspdbfe2. d 198.123.100.142', null, null, null, null, 'device.png');
INSERT INTO `device` VALUES ('24', '1C70903', '磁盘阵列扩展', '14', '3U磁盘阵列', '1C7', '6', '', '', '孙长春', '', '200', '', null, null, null, null, 'device.png');
INSERT INTO `device` VALUES ('25', '1C71303', '磁盘阵列', '14', '3U磁盘阵列', '1C7', '6', '', '', '孙长春', '', '200', '设备型号：曙光DS600-G20\nRAID方式：RAID5\n磁盘容量：1.2T*13\n硬盘转速：10000转\n高速缓存容量：64GB\n外接主机通道：FC-SAN存储\n单击磁盘个数：13\n设备U数：6\n安装地点：C7\n起始U位 ：13', null, null, null, null, 'device.png');
INSERT INTO `device` VALUES ('26', '1C71701', '入侵检测装置', '1', '1U防火墙', '1C7', '6', '', '', '孙长春', '', '200', '设备型号：天融信TS-21104\n是否光纤接入：N\n电源数：2\n电口数：4（千兆）\n设备U数：1\n安装地点：C7\n起始U位：17U', null, null, null, null, 'device.png');
INSERT INTO `device` VALUES ('27', '1C71902', '内网审计系统', '9', '2U防火墙', '1C7', '6', '', '', '孙长春', '', '200', '设备型号：天融信TA-11314-NET\n是否光纤接入：N\n吞吐量：6G\n电源数：2\n设备U数：1\n安装地点：C7\n起始U位：19U', null, null, null, null, 'device.png');
INSERT INTO `device` VALUES ('28', '1C72202', 'EMS反向安全隔离装置', '12', '2U反向隔离', '1C7', '6', '', '', '孙长春', '', '200', '设备型号：南瑞信通Syskeeper-2000E\n传输方向：反向\n设备U数：2\n安装地点：C7\n起始U位 ：22', null, null, null, null, 'device.png');
INSERT INTO `device` VALUES ('29', '1C72501', 'EMS正向安全隔离装置', '2', '1U正向隔离', '1C7', '6', '', '', '孙长春', '', '200', '设备型号：珠海鸿瑞WALL-85M-II-SQ\n传输方向：正向\n设备U数：1\n安装地点：C7\n起始U位 ：25', null, null, null, null, 'device.png');
INSERT INTO `device` VALUES ('30', '1C72804', '内网安全监测服务器', '17', '4U服务器', '1C7', '6', '', '', '孙长春', '', '200', '设备型号：曙光A840-G10\nCPU主频：2.8GHz\nCPU数   ：4颗AMD6320每颗8核\n内存大小：32GB\n磁盘容量：600 GB*2  SAS硬盘\n安装地点：C7安全防护柜\n起始U位 ：28\nHspdajc1. a 198.120.100.116   Hspdajc1. b 198.121.100.116\nHspdajc1. c 198.122.100.116   Hspdajc1. d 198.123.100.116', null, null, null, null, 'device.png');
INSERT INTO `device` VALUES ('32', '1C82004', '数据库服务器A', '17', '4U服务器', '1C8', '7', '', '', '孙长春', '', '200', '设备型号：曙光A840-G10\nCPU主频：2.8GHz\nCPU数   ：4颗AMD6320每颗8核\n内存大小：32GB\n磁盘容量：600 GB*2  SAS硬盘\n安装地点：C8服务器机柜Ⅰ\n起始U位 ：20\nHspdadb1.a 198.120.100.105   Hspdadb1.b 198.121.100.105\nHspdadb1.c 198.122.100.105   Hspdadb1.d 198.123.100.105', null, null, null, null, 'device.png');
INSERT INTO `device` VALUES ('33', '1C82504', 'SCADA/应用服务器A', '17', '4U服务器', '1C8', '7', '', '', '孙长春', '', '200', '设备型号：曙光A840-G10\nCPU主频：2.6GHz\nCPU数   ：4颗AMD6344每颗12核\n内存大小：64GB\n磁盘容量：600 GB*2  SAS硬盘\n安装地点：C8服务器机柜Ⅰ\n起始U位 ：25\nHspdasd1. a 198.120.100.101   Hspdasd1. b 198.121.100.101\nHspdasd1. c 198.120.100.101   Hspdasd1. d 198.123.100.101\n', null, null, null, null, 'device.png');
INSERT INTO `device` VALUES ('34', '1C83002', '前置服务器A', '13', '2U服务器', '1C8', '7', '', '', '孙长春', '', '200', '设备型号：曙光A420r-G\nCPU主频：3.1GHz\nCPU数   ：2颗AMD4386每颗8核\n内存大小：32GB\n磁盘容量：600 GB*2  SAS硬盘\n安装地点：C8服务器机柜Ⅰ\n起始U位 ：30\nHspdafe1. a 198.120.100.101   Hspdafe1. b 198.121.100.103\nHspdafe1. c 198.122.100.103   Hspdafe1. d 198.123.100.103', null, null, null, null, 'device.png');
INSERT INTO `device` VALUES ('35', '1C83302', '图模调试服务器A', '13', '2U服务器', '1C8', '7', '', '', '孙长春', '', '200', '设备型号：曙光A420r-G\nCPU主频：3.1GHz\nCPU数   ：2颗AMD4386每颗8核\n内存大小：32GB\n磁盘容量：600 GB*2  SAS硬盘\n安装地点：C8服务器机柜Ⅰ\n起始U位 ：33\nHspdatm1. a 198.120.100.107   Hspdatm1. b 198.121.100.107\nHspdatm1. c 198.122.100.107   Hspdatm1. d 198.123.100.107', null, null, null, null, 'device.png');
INSERT INTO `device` VALUES ('36', '1C83602', '标准化接口服务器A', '13', '2U服务器', '1C8', '7', '', '', '孙长春', '', '200', '设备型号：曙光A420r-G\nCPU主频：3.1GHz\nCPU数   ：2颗AMD4386每颗8核\n内存大小：32GB\n磁盘容量：300 GB*2  SAS硬盘\n安装地点：C8服务器机柜Ⅰ\n起始U位 ：36\nHspdajk1. a 198.120.100.109   Hspdajk1. b 198.121.100.109\nHspdajk1. c 198.122.100.109   Hspdajk1. d 198.123.100.109', null, null, null, null, 'device.png');
INSERT INTO `device` VALUES ('38', '1C92004', '数据库服务器B', '17', '4U服务器', '1C9', '8', '', '', '孙长春', '', '200', '设备型号：曙光A840-G10\nCPU主频：2.8GHz\nCPU数   ：4颗AMD6320每颗8核\n内存大小：32GB\n磁盘容量：600 GB*2  SAS硬盘\n安装地点：C9服务器机柜Ⅱ\n起始U位 ：20\nHspdadb2.a 198.120.100.106   Hspdadb2.a 198.121.100.106\nHspdadb2.c 198.122.100.106   Hspdadb2.a 198.123.100.106', null, null, null, null, 'device.png');
INSERT INTO `device` VALUES ('39', '1C92504', 'SCADA/应用服务器B', '17', '4U服务器', '1C9', '8', '', '', '孙长春', '', '200', '设备型号：曙光A840-G10\nCPU主频：2.6GHz\nCPU数   ：4颗AMD6344每颗12核\n内存大小：64GB\n磁盘容量：600 GB*2  SAS硬盘\n安装地点：C9服务器机柜Ⅱ\n起始U位 ：25\nHspdasd2. a 198.120.100.102  Hspdasd2. b 198.121.100.102\nHspdasd2. c 198.122.100.102  Hspdasd2. d 198.123.100.102', null, null, null, null, 'device.png');
INSERT INTO `device` VALUES ('40', '1C93002', '前置服务器B', '13', '2U服务器', '1C9', '8', '', '', '孙长春', '', '200', '设备型号：曙光A420r-G\nCPU主频：3.1GHz\nCPU数   ：2颗AMD4386每颗8核\n内存大小：32GB\n磁盘容量：600 GB*2  SAS硬盘\n安装地点：C9服务器机柜Ⅱ\n起始U位 ：30\nHspdafe2. a 198.120.100.104   Hspdafe2. b 198.121.100.104\nHspdafe2. c 198.122.100.104   Hspdafe2. d 198.123.100.104', null, null, null, null, 'device.png');
INSERT INTO `device` VALUES ('41', '1C93302', '图模调试服务器B', '13', '2U服务器', '1C9', '8', '', '', '孙长春', '', '200', '设备型号：曙光A420r-G\nCPU主频：3.1GHz\nCPU数   ：2颗AMD4386每颗8核\n内存大小：32GB\n磁盘容量：600 GB*2  SAS硬盘\n安装地点：C9服务器机柜Ⅱ\n起始U位 ：33\nHspdatm2. a 198.120.100.108   Hspdatm2. b 198.121.100.108\nHspdatm2. c 198.122.100.108   Hspdatm2. d 198.123.100.108', null, null, null, null, 'device.png');
INSERT INTO `device` VALUES ('42', '1D22304', 'SCADA/应用服务器A', '17', '4U服务器', '1D2', '9', '', '', '孙长春', '', '200', '设备型号：曙光A840-G10\nCPU主频：2.6GHz\nCPU数   ：4颗AMD6344每颗12核\n内存大小：64GB\n磁盘容量：600 GB*2  SAS硬盘\n安装地点：D2服务器机柜Ⅰ\n起始U位 ：23\nHspdcap1. a 198.120.100.154   Hspdcap1. b 198.121.100.154\nHspdcap1. c 198.122.100.154   Hspdcap1. d 198.123.100.154', null, null, null, null, 'device.png');
INSERT INTO `device` VALUES ('43', '1D22804', '信息发布服务器A', '17', '4U服务器', '1D2', '9', '', '', '孙长春', '', '200', '设备型号：曙光A840-G10\nCPU主频：2.8GHz\nCPU数   ：4颗AMD6320每颗8核\n内存大小：64GB\n磁盘容量：600 GB*2  SAS硬盘\n安装地点：D2服务器机柜Ⅰ\n起始U位 ：28\nHspdcfb1. a 198.120.100.158   Hspdcfb1. b 198.121.100.158\nHspdcfb1. c 198.122.100.158   Hspdcfb1. d 198.123.100.158', null, null, null, null, 'device.png');
INSERT INTO `device` VALUES ('44', '1D23302', '信息交换总线服务器A', '13', '2U服务器', '1D2', '9', '', '', '孙长春', '', '200', '设备型号：曙光A420r-G\nCPU主频：3.1GHz\nCPU数   ：2颗AMD4386每颗8核\n内存大小：32GB\n磁盘容量：300 GB*2  SAS硬盘\n安装地点：D2服务器机柜Ⅰ\n起始U位 ：33\nHspdczx1. a 198.120.100.156   Hspdczx1. b 198.121.100.156\nHspdczx1. c 198.122.100.156   Hspdczx1. d 198.123.100.156', null, null, null, null, 'device.png');
INSERT INTO `device` VALUES ('45', '1D23602', '前置服务器A', '13', '2U服务器', '1D2', '9', '', '', '孙长春', '', '200', '设备型号：曙光A420r-G\nCPU主频：3.1GHz\nCPU数   ：2颗AMD4386每颗8核\n内存大小：32GB\n磁盘容量：600 GB*2  SAS硬盘\n安装地点：D2服务器机柜Ⅰ\n起始U位 ：36\nHspdcfe1. a 198.120.100.152   Hspdcfe1. b 198.121.100.152\nHspdcfe1. c 198.122.100.152   Hspdcfe1. d 198.123.100.152', null, null, null, null, 'device.png');
INSERT INTO `device` VALUES ('46', '1D32304', 'SCADA/应用服务器B', '17', '4U服务器', '1D3', '10', '', '', '孙长春', '', '200', '设备型号：曙光A840-G10\nCPU主频：2.6GHz\nCPU数   ：4颗AMD6344每颗12核\n内存大小：64GB\n磁盘容量：600 GB*2  SAS硬盘\n安装地点：D3服务器机柜Ⅱ\n起始U位 ：23\nHspdcap2. a 198.120.100.155   Hspdcap2. b 198.121.100.155\nHspdcap2. c 198.122.100.155   Hspdcap2. d 198.123.100.155', null, null, null, null, 'device.png');
INSERT INTO `device` VALUES ('47', '1D32804', '信息发布服务器B', '17', '4U服务器', '1D3', '10', '', '', '孙长春', '', '200', '设备型号：曙光A840-G10\n\n安装地点：D3服务器机柜Ⅱ\n起始U位 ：28\nHspdcfb2. a 198.120.100.159   Hspdcfb2. b 198.121.100.159\nHspdcfb2. c 198.122.100.159   Hspdcfb2. d 198.123.100.159', '曙光A840-G10', '主频：2.8GHz\n  4颗AMD6320 每颗8核', '大小：64GB', '容量：600 GB*2  SAS硬盘', 'device.png');
INSERT INTO `device` VALUES ('48', '1D33302', '信息交换总线服务器B', '13', '2U服务器', '1D3', '10', '', '', '孙长春', '', '200', '设备型号：曙光A420r-G\nCPU主频：3.1GHz\nCPU数   ：2颗AMD4386每颗8核\n内存大小：32GB\n磁盘容量：300 GB*2  SAS硬盘\n安装地点：D3服务器机柜Ⅱ\n起始U位 ：33\nHspdczx2. a 198.120.100.157   Hspdczx2. b 198.121.100.157\nHspdczx2. c 198.122.100.157   Hspdczx2. d 198.123.100.157', null, null, null, null, 'device.png');
INSERT INTO `device` VALUES ('49', '1D33602', '前置服务器B', '13', '2U服务器', '1D3', '10', '', '', '孙长春', '', '200', '设备型号：曙光A420r-G\nCPU主频：3.1GHz\nCPU数   ：2颗AMD4386每颗8核\n内存大小：32GB\n磁盘容量：600 GB*2  SAS硬盘\n安装地点：D3服务器机柜Ⅱ\n起始U位 ：36\nHspdcfe2. a 198.120.100.153   Hspdcfe2. b 198.121.100.153\nHspdcfe2. c 198.122.100.153   Hspdcfe2. d 198.123.100.153', null, null, null, null, 'device.png');
INSERT INTO `device` VALUES ('50', '1D41601', '县公司防火墙', '1', '1U防火墙', '1D4', '11', '', '', '孙长春', '', '200', '设备型号：天融信TG-51030\n是否光纤接入：N\n吞吐量：6G\n电源数：2\n设备U数：1\n安装地点：D4\n起始U位：16U', null, null, null, null, 'device.png');
INSERT INTO `device` VALUES ('51', '1D42002', '数据隔离组件A', '22', '2U隔离组件', '1D4', '11', '', '', '孙长春', '', '200', '设备型号：中电普华CEIT DSG 3000\n设备U数：2\n安装地点：D4\n起始U位 ：20', null, null, null, null, 'device.png');
INSERT INTO `device` VALUES ('52', '1D42301', '无线数采交换机A', '4', '1U交换机', '1D4', '11', '', '', '孙长春', '', '200', '设备型号：华为S5710-28C-EI\n交换速率：24个10/100/1000Base-T以太网端口，4个复用的千兆Combo SFP，两个扩展槽位；4个万兆SFP+\n光口数：8\n电口数：24\n设备U数：1\n安装地点：D4\n起始U位 ：23', null, null, null, null, 'device.png');
INSERT INTO `device` VALUES ('53', '1D42601', '总线交换机A', '4', '1U交换机', '1D4', '11', '', '', '孙长春', '', '200', '设备型号：华为S5710-28C-EI\n交换速率：24个10/100/1000Base-T以太网端口，4个复用的千兆Combo SFP，两个扩展槽位；4个万兆SFP+\n光口数：8\n电口数：24\n设备U数：1\n安装地点：D4\n起始U位 ：26', null, null, null, null, 'device.png');
INSERT INTO `device` VALUES ('54', '1D42802', '配电加密认证装置A', '7', '2U加密设备', '1D4', '11', '', '', '孙长春', '', '200', '设备型号：北京智芯SJJ1545\n设备U数：2\n安装地点：D4\n起始U位 ：28', null, null, null, null, 'device.png');
INSERT INTO `device` VALUES ('55', '1D43101', '三区主干网交换机A', '4', '1U交换机', '1D4', '11', '', '', '孙长春', '', '200', '设备型号：华为S5720-56C-HI\n交换速率：48个10/100/1000Base-T以太网端口，4个万兆SFP+，两个扩展槽位\n光口数：4\n电口数：48\n设备U数：1\n安装地点：D4\n起始U位 ：31', null, null, null, null, 'device.png');
INSERT INTO `device` VALUES ('56', '1D43301', '无线采集防火墙', '1', '1U防火墙', '1D4', '11', '', '', '孙长春', '', '200', '设备型号：天融信TG-51030\n是否光纤接入：N\n吞吐量：6G\n电源数：2\n设备U数：1\n安装地点：D4\n起始U位：33U', null, null, null, null, 'device.png');
INSERT INTO `device` VALUES ('57', '1D51301', '三区KVM系统', '3', '1UKVM', '1D5', '12', '', '', '孙长春', '', '200', '设备型号：武汉达梦KVM DKX3-832\n切换方式：远程切换\n输入路数：32\n输出路数：32\n设备U数：1\n安装地点：D5\n起始U位：13U', null, null, null, null, 'device.png');
INSERT INTO `device` VALUES ('58', '1D51601', '接口防火墙', '1', '1U防火墙', '1D5', '12', '', '', '孙长春', '', '200', '设备型号：天融信TG-51030\n是否光纤接入：N\n吞吐量：6G\n电源数：2\n设备U数：1\n安装地点：D5\n起始U位：16U', null, null, null, null, 'device.png');
INSERT INTO `device` VALUES ('59', '1D52002', '数据隔离组件B', '22', '2U隔离组件', '1D5', '12', '', '', '孙长春', '', '200', '设备型号：中电普华CEIT DSG 3000\n设备U数：2\n安装地点：D5\n起始U位 ：20', null, null, null, null, 'device.png');
INSERT INTO `device` VALUES ('60', '1D52301', '无线数采交换机B', '4', '1U交换机', '1D5', '12', '', '', '孙长春', '', '200', '设备型号：华为S5710-28C-EI\n交换速率：24个10/100/1000Base-T以太网端口，4个复用的千兆Combo SFP，两个扩展槽位；4个万兆SFP+\n光口数：8\n电口数：24\n设备U数：1\n安装地点：D5\n起始U位 ：23', null, null, null, null, 'device.png');
INSERT INTO `device` VALUES ('61', '1D52601', '总线交换机B', '4', '1U交换机', '1D5', '12', '', '', '孙长春', '', '200', '设备型号：华为S5710-28C-EI\n交换速率：24个10/100/1000Base-T以太网端口，4个复用的千兆Combo SFP，两个扩展槽位；4个万兆SFP+\n光口数：8\n电口数：24\n设备U数：1\n安装地点：D5\n起始U位 ：26', null, null, null, null, 'device.png');
INSERT INTO `device` VALUES ('62', '1D52802', '配电加密认证装置B', '7', '2U加密设备', '1D5', '12', '', '', '孙长春', '', '200', '设备型号：北京智芯SJJ1545\n设备U数：2\n安装地点：D5\n起始U位 ：28', null, null, null, null, 'device.png');
INSERT INTO `device` VALUES ('63', '1D53101', '三区主干网交换机B', '4', '1U交换机', '1D5', '12', '', '', '孙长春', '', '200', '设备型号：华为S5720-56C-HI\n交换速率：48个10/100/1000Base-T以太网端口，4个万兆SFP+，两个扩展槽位\n光口数：4\n电口数：48\n设备U数：1\n安装地点：D5\n起始U位 ：31', null, null, null, null, 'device.png');
INSERT INTO `device` VALUES ('64', '1D53404', '天文时钟', '16', '4U天文时钟', '1D5', '12', '', '', '孙长春', '', '200', '', null, null, null, null, 'device.png');
INSERT INTO `device` VALUES ('65', '1D61704', '数据库服务器B', '17', '4U服务器', '1D6', '13', '', '', '孙长春', '', '200', '', null, null, null, null, 'device.png');
INSERT INTO `device` VALUES ('66', '1D62204', '数据库服务器A', '17', '4U服务器', '1D6', '13', '', '', '孙长春', '', '200', '', null, null, null, null, 'device.png');
INSERT INTO `device` VALUES ('67', '1D62703', '磁盘阵列扩展', '14', '3U磁盘阵列', '1D6', '13', '', '', '孙长春', '', '200', '', null, null, null, null, 'device.png');
INSERT INTO `device` VALUES ('68', '1D63103', '磁盘阵列', '14', '3U磁盘阵列', '1D6', '13', '', '', '孙长春', '', '200', '设备型号：曙光DS600-G20\nRAID方式：RAID5\n磁盘容量：1.2T*16\n硬盘转速：10000转\n高速缓存容量：64GB\n外接主机通道：FC-SAN存储\n单击磁盘个数：16\n设备U数：6\n安装地点：D6\n起始U位 ：31', null, null, null, null, 'device.png');
INSERT INTO `device` VALUES ('69', '1D63501', 'SAN交换机B', '4', '1U交换机', '1D6', '13', '', '', '孙长春', '', '200', '设备型号：SUN\n光口数：24\n设备U数：1\n安装地点：D6\n起始U位 ：35', null, null, null, null, 'device.png');
INSERT INTO `device` VALUES ('70', '1D63701', 'SAN交换机A', '4', '1U交换机', '1D6', '13', '', '', '孙长春', '', '200', '设备型号：SUN\n光口数：24\n设备U数：1\n安装地点：D6\n起始U位 ：37', null, null, null, null, 'device.png');
INSERT INTO `device` VALUES ('71', '1C93602', '标准化接口服务器B', '13', '2U服务器', '1C9', '8', '', '', '', '', '200', '设备型号：曙光A420r-G\nCPU主频：3.1GHz\nCPU数   ：2颗AMD4386每颗8核\n内存大小：32GB\n磁盘容量：300 GB*2  SAS硬盘\n安装地点：C9服务器机柜Ⅱ\n起始U位 ：36\nHspdajk2. a 198.120.100.110   Hspdajk2. b 198.121.100.110\nHspdajk2. c 198.122.100.110   Hspdajk2. a 198.123.100.110', null, null, null, null, 'device.png');
INSERT INTO `device` VALUES ('72', '1C81801', 'SAN交换机A', '4', '1U交换机', '1C8', '7', '', '', '', '', '200', '', null, null, null, null, 'device.png');
INSERT INTO `device` VALUES ('73', '1C91801', 'SAN交换机B', '4', '1U交换机', '1C9', '8', '', '', '', '', '200', '', null, null, null, null, 'device.png');
INSERT INTO `device` VALUES ('74', '1D43701', '入侵检测装置', '23', '1U检测装置', '1D4', '11', '', '', '', '', '200', '设备型号：天融信TS-21104\n是否光纤接入：N\n电源数：2\n电口数：4（千兆）\n设备U数：1\n安装地点：D4\n起始U位：37U', null, null, null, null, 'device.png');
INSERT INTO `device` VALUES ('75', '1E31204', '监视告警与核查服务器', '17', '4U服务器', '1E3', '14', 'root', 'rocky', '', '', '200', '192.168.12.104', null, null, null, null, 'device.png');
INSERT INTO `device` VALUES ('76', '1E31704', '闲置设备', '17', '4U服务器', '1E3', '14', 'root', 'rocky', '', '', '200', '192.168.12.102', null, null, null, null, 'device.png');
INSERT INTO `device` VALUES ('77', '1E32204', '内网监控平台工作站', '18', '4U工作站', '1E3', '14', 'root', 'rocky', '', '', '200', '192.168.12.103', null, null, null, null, 'device.png');
INSERT INTO `device` VALUES ('78', '1E41204', '服务网关机', '17', '4U服务器', '1E4', '16', 'root', 'rocky', '', '', '200', 'IP1：192.168.12.105\nIP2：34.19.30.10', null, null, null, null, 'device.png');
INSERT INTO `device` VALUES ('79', '1E41704', '数据库服务器', '17', '4U服务器', '1E4', '16', 'root', 'rocky', '', '', '200', '192.168.12.102', null, null, null, null, 'device.png');
INSERT INTO `device` VALUES ('80', '1E42202', '二区网络安全检测装置', '5', '2U检测装置', '1E4', '16', '', '', '', '', '200', '', null, null, null, null, 'device.png');
INSERT INTO `device` VALUES ('81', '1E42402', '一区网络安全检测装置', '5', '2U检测装置', '1E4', '16', '', '', '', '', '200', '', null, null, null, null, 'device.png');
INSERT INTO `device` VALUES ('82', '1E43001', '华为交换机', '4', '1U交换机', '1E4', '16', '', '', '', '', '200', '', null, null, null, null, 'device.png');
INSERT INTO `device` VALUES ('83', '1E42801', '网络卫士防火墙系统', '1', '1U防火墙', '1E4', '16', '', '', '', '', '200', '', null, null, null, null, 'device.png');
INSERT INTO `device` VALUES ('84', '1E21401', '安全二区交换机', '4', '1U交换机', '1E2', '15', '', '', '', '', '200', '', null, null, null, null, 'device.png');
INSERT INTO `device` VALUES ('85', '1E21601', '安全一区交换机', '4', '1U交换机', '1E2', '15', '', '', '', '', '200', '', null, null, null, null, 'device.png');
INSERT INTO `device` VALUES ('86', '1E21901', '双电源切换器', '24', '1U双电源切换器', '1E2', '15', '', '', '', '', '200', '', null, null, null, null, 'device.png');
INSERT INTO `device` VALUES ('87', '1E22201', '安全二区反向隔离', '25', '1U反向隔离', '1E2', '15', '', '', '', '', '200', '', null, null, null, null, 'device.png');
INSERT INTO `device` VALUES ('88', '1E22401', '安全一区反向隔离', '25', '1U反向隔离', '1E2', '15', '', '', '', '', '200', '', null, null, null, null, 'device.png');
INSERT INTO `device` VALUES ('89', '1E22701', 'KVM显示器', '3', '1UKVM', '1E2', '15', '', '', '', '', '200', '', null, null, null, null, 'device.png');
INSERT INTO `device` VALUES ('90', '1E23002', '安全二区服务器', '13', '2U服务器', '1E2', '15', '', '', '', '', '200', '', null, null, null, null, 'device.png');
INSERT INTO `device` VALUES ('91', '1E23302', '安全一区服务器', '13', '2U服务器', '1E2', '15', '', '', '', '', '200', '', null, null, null, null, 'device.png');
INSERT INTO `device` VALUES ('92', '1F52901', '数据网接入交换机', '4', '1U交换机', '1F5', '20', '', '', '', '', '200', '', null, null, null, null, 'device.png');
INSERT INTO `device` VALUES ('93', '1F51214', '地调核心路由器', '19', '14U路由器', '1F5', '20', '', '', '', '', '200', '', null, null, null, null, 'device.png');
INSERT INTO `device` VALUES ('94', '1F50702', '地调核心路由器外置电源', '11', '2U路由电源装置', '1F5', '20', '', '', '', '', '200', '', null, null, null, null, 'device.png');
INSERT INTO `device` VALUES ('95', '1F42402', '加密装置管理中心', '8', '2U加密管理装置', '1F4', '21', '', '', '', '', '200', '', null, null, null, null, 'device.png');
INSERT INTO `device` VALUES ('96', '1F42101', '一平面实时加密', null, null, '1F4', '21', '', '', '', '', '200', '', null, null, null, null, 'device.png');
INSERT INTO `device` VALUES ('97', '1F41902', '一平面非实时加密', '7', '2U加密设备', '1F4', '21', '', '', '', '', '200', '', null, null, null, null, 'device.png');
INSERT INTO `device` VALUES ('98', '1F41602', '二平面实时加密', '7', '2U加密设备', '1F4', '21', '', '', '', '', '200', '', null, null, null, null, 'device.png');
INSERT INTO `device` VALUES ('99', '1F41302', '二平面非实时加密', '7', '2U加密设备', '1F4', '21', '', '', '', '', '200', '', null, null, null, null, 'device.png');
INSERT INTO `device` VALUES ('100', '1F41002', '一平面入侵检测', '5', '2U检测装置', '1F4', '21', '', '', '', '', '200', '', null, null, null, null, 'device.png');
INSERT INTO `device` VALUES ('101', '1F40702', '二平面入侵检测', '5', '2U检测装置', '1F4', '21', '', '', '', '', '200', '', null, null, null, null, 'device.png');
INSERT INTO `device` VALUES ('102', '1F33601', '二平面实时交换机', '4', '1U交换机', '1F3', '22', '', '', '', '', '200', '', null, null, null, null, 'device.png');
INSERT INTO `device` VALUES ('103', '1F33501', '二平面实时交换机外置电源', '26', '1U交换机电源', '1F3', '22', '', '', '', '', '200', '', null, null, null, null, 'device.png');
INSERT INTO `device` VALUES ('104', '1F33301', '二平面非实时交换机', '4', '1U交换机', '1F3', '22', '', '', '', '', '200', '', null, null, null, null, 'device.png');
INSERT INTO `device` VALUES ('105', '1F33201', '二平面非实时交换机外置电源', '26', '1U交换机电源', '1F3', '22', '', '', '', '', '200', '', null, null, null, null, 'device.png');
INSERT INTO `device` VALUES ('106', '1F33001', '二平面备用交换机', '4', '1U交换机', '1F3', '22', '', '', '', '', '200', '', null, null, null, null, 'device.png');
INSERT INTO `device` VALUES ('107', '1F32901', '二平面备用交换机外置电源', '26', '1U交换机电源', '1F3', '22', '', '', '', '', '200', '', null, null, null, null, 'device.png');
INSERT INTO `device` VALUES ('108', '1F30621', '骨干网二平面路由器', null, null, '1F3', '22', '', '', '', '', '200', '', null, null, null, null, 'device.png');
INSERT INTO `device` VALUES ('109', '1F23301', '一平面备用交换机', '4', '1U交换机', '1F2', '23', '', '', '', '', '200', '', null, null, null, null, 'device.png');
INSERT INTO `device` VALUES ('110', '1F23101', '一平面非实时交换机', '4', '1U交换机', '1F2', '23', '', '', '', '', '200', '', null, null, null, null, 'device.png');
INSERT INTO `device` VALUES ('111', '1F22901', '一平面实时交换机', '4', '1U交换机', '1F2', '23', '', '', '', '', '200', '', null, null, null, null, 'device.png');
INSERT INTO `device` VALUES ('112', '1F20621', '骨干网一平面路由器', '21', '21U路由器(中兴)', '1F2', '23', '', '', '', '', '200', '', null, null, null, null, 'device.png');
INSERT INTO `device` VALUES ('113', '1A14201', 'A1跳线架42U', '28', '1U跳线架', '1A1', '1', null, null, null, null, '200', null, null, null, null, null, 'device.png');
INSERT INTO `device` VALUES ('114', '1A14001', 'A1跳线架40U', '28', '1U跳线架', '1A1', null, null, null, null, null, '200', null, null, null, null, null, 'device.png');
INSERT INTO `device` VALUES ('115', '1A13801', 'A1跳线架38U', '28', '1U跳线架', '1A1', null, null, null, null, null, '200', null, null, null, null, null, 'device.png');
INSERT INTO `device` VALUES ('116', '1A13601', 'A1跳线架36U', '28', '1U跳线架', '1A1', null, null, null, null, null, '200', null, null, null, null, null, 'device.png');
INSERT INTO `device` VALUES ('117', '1A13401', 'A1跳线架34U', '28', '1U跳线架', '1A1', null, null, null, null, null, '200', null, null, null, null, null, 'device.png');
INSERT INTO `device` VALUES ('118', '1A13201', 'A1跳线架32U', '28', '1U跳线架', '1A1', null, null, null, null, null, '200', null, null, null, null, null, 'device.png');
INSERT INTO `device` VALUES ('119', '1A13001', 'A1跳线架30U', '28', '1U跳线架', '1A1', null, null, null, null, null, '200', null, null, null, null, null, 'device.png');
INSERT INTO `device` VALUES ('120', '1A12801', 'A1跳线架28U', '28', '1U跳线架', '1A1', null, null, null, null, null, '200', null, null, null, null, null, 'device.png');
INSERT INTO `device` VALUES ('121', '1A12601', 'A1跳线架26U', '28', '1U跳线架', '1A1', null, null, null, null, null, '200', null, null, null, null, null, 'device.png');
INSERT INTO `device` VALUES ('122', '1A12401', 'A1跳线架24U', '28', '1U跳线架', '1A1', null, null, null, null, null, '200', null, null, null, null, null, 'device.png');
INSERT INTO `device` VALUES ('123', '1A12201', 'A1跳线架22U', '28', '1U跳线架', '1A1', null, null, null, null, null, '200', null, null, null, null, null, 'device.png');
INSERT INTO `device` VALUES ('124', '1A12001', 'A1跳线架20U', '28', '1U跳线架', '1A1', null, null, null, null, null, '200', null, null, null, null, null, 'device.png');
INSERT INTO `device` VALUES ('125', '1A11801', 'A1跳线架18U', '28', '1U跳线架', '1A1', null, null, null, null, null, '200', null, null, null, null, null, 'device.png');
INSERT INTO `device` VALUES ('126', '1A11601', 'A1跳线架16U', '28', '1U跳线架', '1A1', null, null, null, null, null, '200', null, null, null, null, null, 'device.png');
INSERT INTO `device` VALUES ('127', '1A11401', 'A1跳线架14U', '28', '1U跳线架', '1A1', null, null, null, null, null, '200', null, null, null, null, null, 'device.png');
INSERT INTO `device` VALUES ('128', '1A11201', 'A1跳线架12U', '28', '1U跳线架', '1A1', null, null, null, null, null, '200', null, null, null, null, null, 'device.png');
INSERT INTO `device` VALUES ('129', '1A24201', 'A2跳线架42U', '28', '1U跳线架', '1A2', null, null, null, null, null, '200', null, null, null, null, null, 'device.png');
INSERT INTO `device` VALUES ('130', '1A24001', 'A2跳线架40U', '28', '1U跳线架', '1A2', null, null, null, null, null, '200', null, null, null, null, null, 'device.png');
INSERT INTO `device` VALUES ('131', '1A23801', 'A2跳线架38U', '28', '1U跳线架', '1A2', null, null, null, null, null, '200', null, null, null, null, null, 'device.png');
INSERT INTO `device` VALUES ('132', '1A34201', 'A3跳线架42U', '28', '1U跳线架', '1A3', null, null, null, null, null, '200', null, null, null, null, null, 'device.png');
INSERT INTO `device` VALUES ('133', '1A34001', 'A3跳线架40U', '28', '1U跳线架', '1A3', null, null, null, null, null, '200', null, null, null, null, null, 'device.png');
INSERT INTO `device` VALUES ('134', '1A33801', 'A3跳线架38U', '28', '1U跳线架', '1A3', null, null, null, null, null, '200', null, null, null, null, null, 'device.png');
INSERT INTO `device` VALUES ('135', '1A44201', 'A4跳线架42U', '28', '1U跳线架', '1A4', null, null, null, null, null, '200', null, null, null, null, null, 'device.png');
INSERT INTO `device` VALUES ('136', '1A54201', 'A5跳线架42U', '28', '1U跳线架', '1A5', null, null, null, null, null, '200', null, null, null, null, null, 'device.png');
INSERT INTO `device` VALUES ('137', '1A64201', 'A6跳线架42U', '28', '1U跳线架', '1A6', null, null, null, null, null, '200', null, null, null, null, null, 'device.png');
INSERT INTO `device` VALUES ('138', '1A74201', 'A7跳线架42U', '28', '1U跳线架', '1A7', null, null, null, null, null, '200', null, null, null, null, null, 'device.png');
INSERT INTO `device` VALUES ('139', '1A84201', 'A8跳线架42U', '28', '1U跳线架', '1A8', null, null, null, null, null, '200', null, null, null, null, null, 'device.png');
INSERT INTO `device` VALUES ('140', '1A94201', 'A9跳线架42U', '28', '1U跳线架', '1A9', null, null, null, null, null, '200', null, null, null, null, null, 'device.png');
INSERT INTO `device` VALUES ('141', '1B14201', 'B1跳线架42U', '28', '1U跳线架', '1B1', null, null, null, null, null, '200', null, null, null, null, null, 'device.png');
INSERT INTO `device` VALUES ('142', '1B14001', 'B1跳线架40U', '28', '1U跳线架', '1B1', null, null, null, null, null, '200', null, null, null, null, null, 'device.png');
INSERT INTO `device` VALUES ('143', '1B13801', 'B1跳线架38U', '28', '1U跳线架', '1B1', null, null, null, null, null, '200', null, null, null, null, null, 'device.png');
INSERT INTO `device` VALUES ('144', '1B13601', 'B1跳线架36U', '28', '1U跳线架', '1B1', null, null, null, null, null, '200', null, null, null, null, null, 'device.png');
INSERT INTO `device` VALUES ('145', '1B13401', 'B1跳线架34U', '28', '1U跳线架', '1B1', null, null, null, null, null, '200', null, null, null, null, null, 'device.png');
INSERT INTO `device` VALUES ('146', '1B13201', 'B1跳线架32U', '28', '1U跳线架', '1B1', null, null, null, null, null, '200', null, null, null, null, null, 'device.png');
INSERT INTO `device` VALUES ('147', '1B13001', 'B1跳线架30U', '28', '1U跳线架', '1B1', null, null, null, null, null, '200', null, null, null, null, null, 'device.png');
INSERT INTO `device` VALUES ('148', '1B12801', 'B1跳线架28U', '28', '1U跳线架', '1B1', null, null, null, null, null, '200', null, null, null, null, null, 'device.png');
INSERT INTO `device` VALUES ('149', '1B24201', 'B2跳线架42U', '28', '1U跳线架', '1B2', null, null, null, null, null, '200', null, null, null, null, null, 'device.png');
INSERT INTO `device` VALUES ('150', '1B34201', 'B3跳线架42U', '28', '1U跳线架', '1B3', null, null, null, null, null, '200', null, null, null, null, null, 'device.png');
INSERT INTO `device` VALUES ('151', '1B44201', 'B4跳线架42U', '28', '1U跳线架', '1B4', null, null, null, null, null, '200', null, null, null, null, null, 'device.png');
INSERT INTO `device` VALUES ('152', '1B54201', 'B5跳线架42U', '28', '1U跳线架', '1B5', null, null, null, null, null, '200', null, null, null, null, null, 'device.png');
INSERT INTO `device` VALUES ('153', '1B64201', 'B6跳线架42U', '28', '1U跳线架', '1B6', null, null, null, null, null, '200', null, null, null, null, null, 'device.png');
INSERT INTO `device` VALUES ('154', '1B74201', 'B7跳线架42U', '28', '1U跳线架', '1B7', null, null, null, null, null, '200', null, null, null, null, null, 'device.png');
INSERT INTO `device` VALUES ('155', '1B84201', 'B8跳线架42U', '28', '1U跳线架', '1B8', null, null, null, null, null, '200', null, null, null, null, null, 'device.png');
INSERT INTO `device` VALUES ('156', '1B94201', 'B9跳线架42U', '28', '1U跳线架', '1B9', null, null, null, null, null, '200', null, null, null, null, null, 'device.png');
INSERT INTO `device` VALUES ('157', '1C14201', 'C1跳线架42U', '28', '1U跳线架', '1C1', null, null, null, null, null, '200', null, null, null, null, null, 'device.png');
INSERT INTO `device` VALUES ('158', '1C14001', 'C1跳线架40U', '28', '1U跳线架', '1C1', null, null, null, null, null, '200', null, null, null, null, null, 'device.png');
INSERT INTO `device` VALUES ('159', '1C13801', 'C1跳线架38U', '28', '1U跳线架', '1C1', null, null, null, null, null, '200', null, null, null, null, null, 'device.png');
INSERT INTO `device` VALUES ('160', '1C13601', 'C1跳线架36U', '28', '1U跳线架', '1C1', null, null, null, null, null, '200', null, null, null, null, null, 'device.png');
INSERT INTO `device` VALUES ('161', '1C13401', 'C1跳线架34U', '28', '1U跳线架', '1C1', null, null, null, null, null, '200', null, null, null, null, null, 'device.png');
INSERT INTO `device` VALUES ('162', '1C13201', 'C1跳线架32U', '28', '1U跳线架', '1C1', null, null, null, null, null, '200', null, null, null, null, null, 'device.png');
INSERT INTO `device` VALUES ('163', '1C13001', 'C1跳线架30U', '28', '1U跳线架', '1C1', null, null, null, null, null, '200', null, null, null, null, null, 'device.png');
INSERT INTO `device` VALUES ('164', '1C12801', 'C1跳线架28U', '28', '1U跳线架', '1C1', null, null, null, null, null, '200', null, null, null, null, null, 'device.png');
INSERT INTO `device` VALUES ('165', '1C12601', 'C1跳线架26U', '28', '1U跳线架', '1C1', null, null, null, null, null, '200', null, null, null, null, null, 'device.png');
INSERT INTO `device` VALUES ('166', '1C12401', 'C1跳线架24U', '28', '1U跳线架', '1C1', null, null, null, null, null, '200', null, null, null, null, null, 'device.png');
INSERT INTO `device` VALUES ('167', '1C12201', 'C1跳线架22U', '28', '1U跳线架', '1C1', null, null, null, null, null, '200', null, null, null, null, null, 'device.png');
INSERT INTO `device` VALUES ('168', '1C12001', 'C1跳线架20U', '28', '1U跳线架', '1C1', null, null, null, null, null, '200', null, null, null, null, null, 'device.png');
INSERT INTO `device` VALUES ('169', '1C11801', 'C1跳线架18U', '28', '1U跳线架', '1C1', null, null, null, null, null, '200', null, null, null, null, null, 'device.png');
INSERT INTO `device` VALUES ('170', '1C11601', 'C1跳线架16U', '28', '1U跳线架', '1C1', null, null, null, null, null, '200', null, null, null, null, null, 'device.png');
INSERT INTO `device` VALUES ('171', '1C11401', 'C1跳线架14U', '28', '1U跳线架', '1C1', null, null, null, null, null, '200', null, null, null, null, null, 'device.png');
INSERT INTO `device` VALUES ('172', '1C11201', 'C1跳线架12U', '28', '1U跳线架', '1C1', null, null, null, null, null, '200', null, null, null, null, null, 'device.png');
INSERT INTO `device` VALUES ('173', '1C11001', 'C1跳线架10U', '28', '1U跳线架', '1C1', null, null, null, null, null, '200', null, null, null, null, null, 'device.png');
INSERT INTO `device` VALUES ('174', '1C24201', 'C2跳线架42U', '28', '1U跳线架', '1C2', null, null, null, null, null, '200', null, null, null, null, null, 'device.png');
INSERT INTO `device` VALUES ('175', '1C24001', 'C2跳线架40U', '28', '1U跳线架', '1C2', null, null, null, null, null, '200', null, null, null, null, null, 'device.png');
INSERT INTO `device` VALUES ('176', '1C23801', 'C2跳线架38U', '28', '1U跳线架', '1C2', null, null, null, null, null, '200', null, null, null, null, null, 'device.png');
INSERT INTO `device` VALUES ('177', '1C34201', 'C3跳线架42U', '28', '1U跳线架', '1C3', null, null, null, null, null, '200', null, null, null, null, null, 'device.png');
INSERT INTO `device` VALUES ('178', '1C34001', 'C3跳线架40U', '28', '1U跳线架', '1C3', null, null, null, null, null, '200', null, null, null, null, null, 'device.png');
INSERT INTO `device` VALUES ('179', '1C33801', 'C3跳线架38U', '28', '1U跳线架', '1C3', null, null, null, null, null, '200', null, null, null, null, null, 'device.png');
INSERT INTO `device` VALUES ('180', '1C44201', 'C4跳线架42U', '28', '1U跳线架', '1C4', null, null, null, null, null, '200', null, null, null, null, null, 'device.png');
INSERT INTO `device` VALUES ('181', '1C54201', 'C5跳线架42U', '28', '1U跳线架', '1C5', null, null, null, null, null, '200', null, null, null, null, null, 'device.png');
INSERT INTO `device` VALUES ('182', '1C64201', 'C6跳线架42U', '28', '1U跳线架', '1C6', null, null, null, null, null, '200', null, null, null, null, null, 'device.png');
INSERT INTO `device` VALUES ('183', '1C74201', 'C7跳线架42U', '28', '1U跳线架', '1C7', null, null, null, null, null, '200', null, null, null, null, null, 'device.png');
INSERT INTO `device` VALUES ('184', '1C84201', 'C8跳线架42U', '28', '1U跳线架', '1C8', null, null, null, null, null, '200', null, null, null, null, null, 'device.png');
INSERT INTO `device` VALUES ('185', '1C94201', 'C9跳线架42U', '28', '1U跳线架', '1C9', null, null, null, null, null, '200', null, null, null, null, null, 'device.png');
INSERT INTO `device` VALUES ('186', '1D14201', 'D1跳线架42U', '28', '1U跳线架', '1D1', null, null, null, null, null, '200', null, null, null, null, null, 'device.png');
INSERT INTO `device` VALUES ('187', '1D14001', 'D1跳线架40U', '28', '1U跳线架', '1D1', null, null, null, null, null, '200', null, null, null, null, null, 'device.png');
INSERT INTO `device` VALUES ('188', '1D13801', 'D1跳线架38U', '28', '1U跳线架', '1D1', null, null, null, null, null, '200', null, null, null, null, null, 'device.png');
INSERT INTO `device` VALUES ('189', '1D13601', 'D1跳线架36U', '28', '1U跳线架', '1D1', null, null, null, null, null, '200', null, null, null, null, null, 'device.png');
INSERT INTO `device` VALUES ('190', '1D13401', 'D1跳线架34U', '28', '1U跳线架', '1D1', null, null, null, null, null, '200', null, null, null, null, null, 'device.png');
INSERT INTO `device` VALUES ('191', '1D13201', 'D1跳线架32U', '28', '1U跳线架', '1D1', null, null, null, null, null, '200', null, null, null, null, null, 'device.png');
INSERT INTO `device` VALUES ('192', '1D13001', 'D1跳线架30U', '28', '1U跳线架', '1D1', null, null, null, null, null, '200', null, null, null, null, null, 'device.png');
INSERT INTO `device` VALUES ('193', '1D12801', 'D1跳线架28U', '28', '1U跳线架', '1D1', null, null, null, null, null, '200', null, null, null, null, null, 'device.png');
INSERT INTO `device` VALUES ('194', '1D12601', 'D1跳线架26U', '28', '1U跳线架', '1D1', null, null, null, null, null, '200', null, null, null, null, null, 'device.png');
INSERT INTO `device` VALUES ('195', '1D12401', 'D1跳线架24U', '28', '1U跳线架', '1D1', null, null, null, null, null, '200', null, null, null, null, null, 'device.png');
INSERT INTO `device` VALUES ('196', '1D12201', 'D1跳线架22U', '28', '1U跳线架', '1D1', null, null, null, null, null, '200', null, null, null, null, null, 'device.png');
INSERT INTO `device` VALUES ('197', '1D24201', 'D2跳线架42U', '28', '1U跳线架', '1D2', null, null, null, null, null, '200', null, null, null, null, null, 'device.png');
INSERT INTO `device` VALUES ('198', '1D34201', 'D3跳线架42U', '28', '1U跳线架', '1D3', null, null, null, null, null, '200', null, null, null, null, null, 'device.png');
INSERT INTO `device` VALUES ('199', '1D44201', 'D4跳线架42U', '28', '1U跳线架', '1D4', null, null, null, null, null, '200', null, null, null, null, null, 'device.png');
INSERT INTO `device` VALUES ('200', '1D44001', 'D4跳线架40U', '28', '1U跳线架', '1D4', null, null, null, null, null, '200', null, null, null, null, null, 'device.png');
INSERT INTO `device` VALUES ('201', '1D54201', 'D5跳线架42U', '28', '1U跳线架', '1D5', null, null, null, null, null, '200', null, null, null, null, null, 'device.png');
INSERT INTO `device` VALUES ('202', '1D54001', 'D5跳线架40U', '28', '1U跳线架', '1D5', null, null, null, null, null, '200', null, null, null, null, null, 'device.png');
INSERT INTO `device` VALUES ('203', '1D64201', 'D6跳线架42U', '28', '1U跳线架', '1D6', null, null, null, null, null, '200', null, null, null, null, null, 'device.png');
INSERT INTO `device` VALUES ('204', '1D74201', 'D7跳线架42U', '28', '1U跳线架', '1D7', null, null, null, null, null, '200', null, null, null, null, null, 'device.png');
INSERT INTO `device` VALUES ('205', '1D84201', 'D8跳线架42U', '28', '1U跳线架', '1D8', null, null, null, null, null, '200', null, null, null, null, null, 'device.png');
INSERT INTO `device` VALUES ('206', '1D94201', 'D9跳线架42U', '28', '1U跳线架', '1D9', null, null, null, null, null, '200', null, null, null, null, null, 'device.png');
INSERT INTO `device` VALUES ('207', '1E14201', 'E1跳线架42U', '28', '1U跳线架', '1E1', null, null, null, null, null, '200', null, null, null, null, null, 'device.png');
INSERT INTO `device` VALUES ('208', '1E14001', 'E1跳线架40U', '28', '1U跳线架', '1E1', null, null, null, null, null, '200', null, null, null, null, null, 'device.png');
INSERT INTO `device` VALUES ('209', '1E13801', 'E1跳线架38U', '28', '1U跳线架', '1E1', null, null, null, null, null, '200', null, null, null, null, null, 'device.png');
INSERT INTO `device` VALUES ('210', '1E13601', 'E1跳线架36U', '28', '1U跳线架', '1E1', null, null, null, null, null, '200', null, null, null, null, null, 'device.png');
INSERT INTO `device` VALUES ('211', '1E13401', 'E1跳线架34U', '28', '1U跳线架', '1E1', null, null, null, null, null, '200', null, null, null, null, null, 'device.png');
INSERT INTO `device` VALUES ('212', '1E13201', 'E1跳线架32U', '28', '1U跳线架', '1E1', null, null, null, null, null, '200', null, null, null, null, null, 'device.png');
INSERT INTO `device` VALUES ('213', '1E13001', 'E1跳线架30U', '28', '1U跳线架', '1E1', null, null, null, null, null, '200', null, null, null, null, null, 'device.png');
INSERT INTO `device` VALUES ('214', '1E12801', 'E1跳线架28U', '28', '1U跳线架', '1E1', null, null, null, null, null, '200', null, null, null, null, null, 'device.png');
INSERT INTO `device` VALUES ('215', '1E12601', 'E1跳线架26U', '28', '1U跳线架', '1E1', null, null, null, null, null, '200', null, null, null, null, null, 'device.png');
INSERT INTO `device` VALUES ('216', '1E12401', 'E1跳线架24U', '28', '1U跳线架', '1E1', null, null, null, null, null, '200', null, null, null, null, null, 'device.png');
INSERT INTO `device` VALUES ('217', '1E24201', 'E2跳线架42U', '28', '1U跳线架', '1E2', null, null, null, null, null, '200', null, null, null, null, null, 'device.png');
INSERT INTO `device` VALUES ('218', '1E34201', 'E3跳线架42U', '28', '1U跳线架', '1E3', null, null, null, null, null, '200', null, null, null, null, null, 'device.png');
INSERT INTO `device` VALUES ('219', '1E44201', 'E4跳线架42U', '28', '1U跳线架', '1E4', null, null, null, null, null, '200', null, null, null, null, null, 'device.png');
INSERT INTO `device` VALUES ('220', '1E54201', 'E5跳线架42U', '28', '1U跳线架', '1E5', null, null, null, null, null, '200', null, null, null, null, null, 'device.png');
INSERT INTO `device` VALUES ('221', '1E64201', 'E6跳线架42U', '28', '1U跳线架', '1E6', null, null, null, null, null, '200', null, null, null, null, null, 'device.png');
INSERT INTO `device` VALUES ('222', '1E74201', 'E7跳线架42U', '28', '1U跳线架', '1E7', null, null, null, null, null, '200', null, null, null, null, null, 'device.png');
INSERT INTO `device` VALUES ('223', '1F14201', 'F1跳线架42U', '28', '1U跳线架', '1F1', null, null, null, null, null, '200', null, null, null, null, null, 'device.png');
INSERT INTO `device` VALUES ('224', '1F24201', 'F2跳线架42U', '28', '1U跳线架', '1F2', null, null, null, null, null, '200', null, null, null, null, null, 'device.png');
INSERT INTO `device` VALUES ('225', '1F34201', 'F3跳线架42U', '28', '1U跳线架', '1F3', null, null, null, null, null, '200', null, null, null, null, null, 'device.png');
INSERT INTO `device` VALUES ('226', '1F44201', 'F4跳线架42U', '28', '1U跳线架', '1F4', null, null, null, null, null, '200', null, null, null, null, null, 'device.png');
INSERT INTO `device` VALUES ('227', '1F54201', 'F5跳线架42U', '28', '1U跳线架', '1F5', null, null, null, null, null, '200', null, null, null, null, null, 'device.png');
INSERT INTO `device` VALUES ('228', '1F64201', 'F6跳线架42U', '28', '1U跳线架', '1F6', null, null, null, null, null, '200', null, null, null, null, null, 'device.png');
INSERT INTO `device` VALUES ('229', '1F74201', 'F7跳线架42U', '28', '1U跳线架', '1F7', null, null, null, null, null, '200', null, null, null, null, null, 'device.png');
INSERT INTO `device` VALUES ('230', '1F84201', 'F8跳线架42U', '28', '1U跳线架', '1F8', null, null, null, null, null, '200', null, null, null, null, null, 'device.png');
INSERT INTO `device` VALUES ('231', '1A20201', 'A2插排02U', '29', '1U插排', '1A2', null, null, null, null, null, '0', null, null, null, null, null, 'device.png');
INSERT INTO `device` VALUES ('232', '1A20401', 'A2插排04U', '29', '1U插排', '1A2', null, null, null, null, null, '0', null, null, null, null, null, 'device.png');
INSERT INTO `device` VALUES ('233', '1A30201', 'A3插排02U', '29', '1U插排', '1A3', null, null, null, null, null, '0', null, null, null, null, null, 'device.png');
INSERT INTO `device` VALUES ('234', '1A30401', 'A3插排04U', '29', '1U插排', '1A3', null, null, null, null, null, '0', null, null, null, null, null, 'device.png');
INSERT INTO `device` VALUES ('235', '1A40201', 'A4插排02U', '29', '1U插排', '1A4', null, null, null, null, null, '0', null, null, null, null, null, 'device.png');
INSERT INTO `device` VALUES ('236', '1A40401', 'A4插排04U', '29', '1U插排', '1A4', null, null, null, null, null, '0', null, null, null, null, null, 'device.png');
INSERT INTO `device` VALUES ('237', '1A50201', 'A5插排02U', '29', '1U插排', '1A5', null, null, null, null, null, '0', null, null, null, null, null, 'device.png');
INSERT INTO `device` VALUES ('238', '1A50401', 'A5插排04U', '29', '1U插排', '1A5', null, null, null, null, null, '0', null, null, null, null, null, 'device.png');
INSERT INTO `device` VALUES ('239', '1A60201', 'A6插排02U', '29', '1U插排', '1A6', null, null, null, null, null, '0', null, null, null, null, null, 'device.png');
INSERT INTO `device` VALUES ('240', '1A60401', 'A6插排04U', '29', '1U插排', '1A6', null, null, null, null, null, '0', null, null, null, null, null, 'device.png');
INSERT INTO `device` VALUES ('241', '1A70201', 'A7插排02U', '29', '1U插排', '1A7', null, null, null, null, null, '0', null, null, null, null, null, 'device.png');
INSERT INTO `device` VALUES ('242', '1A70401', 'A7插排04U', '29', '1U插排', '1A7', null, null, null, null, null, '0', null, null, null, null, null, 'device.png');
INSERT INTO `device` VALUES ('243', '1A80201', 'A8插排02U', '29', '1U插排', '1A8', null, null, null, null, null, '0', null, null, null, null, null, 'device.png');
INSERT INTO `device` VALUES ('244', '1A80401', 'A8插排04U', '29', '1U插排', '1A8', null, null, null, null, null, '0', null, null, null, null, null, 'device.png');
INSERT INTO `device` VALUES ('245', '1A90201', 'A9插排02U', '29', '1U插排', '1A9', null, null, null, null, null, '0', null, null, null, null, null, 'device.png');
INSERT INTO `device` VALUES ('246', '1A90401', 'A9插排04U', '29', '1U插排', '1A9', null, null, null, null, null, '0', null, null, null, null, null, 'device.png');
INSERT INTO `device` VALUES ('247', '1B20201', 'B2插排02U', '29', '1U插排', '1B2', null, null, null, null, null, '0', null, null, null, null, null, 'device.png');
INSERT INTO `device` VALUES ('248', '1B20401', 'B2插排04U', '29', '1U插排', '1B2', null, null, null, null, null, '0', null, null, null, null, null, 'device.png');
INSERT INTO `device` VALUES ('249', '1B30201', 'B3插排02U', '29', '1U插排', '1B3', null, null, null, null, null, '0', null, null, null, null, null, 'device.png');
INSERT INTO `device` VALUES ('250', '1B30401', 'B3插排04U', '29', '1U插排', '1B3', null, null, null, null, null, '0', null, null, null, null, null, 'device.png');
INSERT INTO `device` VALUES ('251', '1B40201', 'B4插排02U', '29', '1U插排', '1B4', null, null, null, null, null, '0', null, null, null, null, null, 'device.png');
INSERT INTO `device` VALUES ('252', '1B40401', 'B4插排04U', '29', '1U插排', '1B4', null, null, null, null, null, '0', null, null, null, null, null, 'device.png');
INSERT INTO `device` VALUES ('253', '1B50201', 'B5插排02U', '29', '1U插排', '1B5', null, null, null, null, null, '0', null, null, null, null, null, 'device.png');
INSERT INTO `device` VALUES ('254', '1B50401', 'B5插排04U', '29', '1U插排', '1B5', null, null, null, null, null, '0', null, null, null, null, null, 'device.png');
INSERT INTO `device` VALUES ('255', '1B60201', 'B6插排02U', '29', '1U插排', '1B6', null, null, null, null, null, '0', null, null, null, null, null, 'device.png');
INSERT INTO `device` VALUES ('256', '1B60401', 'B6插排04U', '29', '1U插排', '1B6', null, null, null, null, null, '0', null, null, null, null, null, 'device.png');
INSERT INTO `device` VALUES ('257', '1B70201', 'B7插排02U', '29', '1U插排', '1B7', null, null, null, null, null, '0', null, null, null, null, null, 'device.png');
INSERT INTO `device` VALUES ('258', '1B70401', 'B7插排04U', '29', '1U插排', '1B7', null, null, null, null, null, '0', null, null, null, null, null, 'device.png');
INSERT INTO `device` VALUES ('259', '1B80201', 'B8插排02U', '29', '1U插排', '1B8', null, null, null, null, null, '0', null, null, null, null, null, 'device.png');
INSERT INTO `device` VALUES ('260', '1B80401', 'B8插排04U', '29', '1U插排', '1B8', null, null, null, null, null, '0', null, null, null, null, null, 'device.png');
INSERT INTO `device` VALUES ('261', '1B90201', 'B9插排02U', '29', '1U插排', '1B9', null, null, null, null, null, '0', null, null, null, null, null, 'device.png');
INSERT INTO `device` VALUES ('262', '1B90401', 'B9插排04U', '29', '1U插排', '1B9', null, null, null, null, null, '0', null, null, null, null, null, 'device.png');
INSERT INTO `device` VALUES ('263', '1C20201', 'C2插排02U', '29', '1U插排', '1C2', null, null, null, null, null, '0', null, null, null, null, null, 'device.png');
INSERT INTO `device` VALUES ('264', '1C20401', 'C2插排04U', '29', '1U插排', '1C2', null, null, null, null, null, '0', null, null, null, null, null, 'device.png');
INSERT INTO `device` VALUES ('265', '1C30201', 'C3插排02U', '29', '1U插排', '1C3', null, null, null, null, null, '0', null, null, null, null, null, 'device.png');
INSERT INTO `device` VALUES ('266', '1C30401', 'C3插排04U', '29', '1U插排', '1C3', null, null, null, null, null, '0', null, null, null, null, null, 'device.png');
INSERT INTO `device` VALUES ('267', '1C40201', 'C4插排02U', '29', '1U插排', '1C4', null, null, null, null, null, '0', null, null, null, null, null, 'device.png');
INSERT INTO `device` VALUES ('268', '1C40401', 'C4插排04U', '29', '1U插排', '1C4', null, null, null, null, null, '0', null, null, null, null, null, 'device.png');
INSERT INTO `device` VALUES ('269', '1C50201', 'C5插排02U', '29', '1U插排', '1C5', null, null, null, null, null, '0', null, null, null, null, null, 'device.png');
INSERT INTO `device` VALUES ('270', '1C50401', 'C5插排04U', '29', '1U插排', '1C5', null, null, null, null, null, '0', null, null, null, null, null, 'device.png');
INSERT INTO `device` VALUES ('271', '1C60201', 'C6插排02U', '29', '1U插排', '1C6', null, null, null, null, null, '0', null, null, null, null, null, 'device.png');
INSERT INTO `device` VALUES ('272', '1C60401', 'C6插排04U', '29', '1U插排', '1C6', null, null, null, null, null, '0', null, null, null, null, null, 'device.png');
INSERT INTO `device` VALUES ('273', '1C70201', 'C7插排02U', '29', '1U插排', '1C7', null, null, null, null, null, '0', null, null, null, null, null, 'device.png');
INSERT INTO `device` VALUES ('274', '1C70401', 'C7插排04U', '29', '1U插排', '1C7', null, null, null, null, null, '0', null, null, null, null, null, 'device.png');
INSERT INTO `device` VALUES ('275', '1C80201', 'C8插排02U', '29', '1U插排', '1C8', null, null, null, null, null, '0', null, null, null, null, null, 'device.png');
INSERT INTO `device` VALUES ('276', '1C80401', 'C8插排04U', '29', '1U插排', '1C8', null, null, null, null, null, '0', null, null, null, null, null, 'device.png');
INSERT INTO `device` VALUES ('277', '1C90201', 'C9插排02U', '29', '1U插排', '1C9', null, null, null, null, null, '0', null, null, null, null, null, 'device.png');
INSERT INTO `device` VALUES ('278', '1C90401', 'C9插排04U', '29', '1U插排', '1C9', null, null, null, null, null, '0', null, null, null, null, null, 'device.png');
INSERT INTO `device` VALUES ('279', '1D20201', 'D2插排02U', '29', '1U插排', '1D2', null, null, null, null, null, '0', null, null, null, null, null, 'device.png');
INSERT INTO `device` VALUES ('280', '1D20401', 'D2插排04U', '29', '1U插排', '1D2', null, null, null, null, null, '0', null, null, null, null, null, 'device.png');
INSERT INTO `device` VALUES ('281', '1D30201', 'D3插排02U', '29', '1U插排', '1D3', null, null, null, null, null, '0', null, null, null, null, null, 'device.png');
INSERT INTO `device` VALUES ('282', '1D30401', 'D3插排04U', '29', '1U插排', '1D3', null, null, null, null, null, '0', null, null, null, null, null, 'device.png');
INSERT INTO `device` VALUES ('283', '1D40201', 'D4插排02U', '29', '1U插排', '1D4', null, null, null, null, null, '0', null, null, null, null, null, 'device.png');
INSERT INTO `device` VALUES ('284', '1D40401', 'D4插排04U', '29', '1U插排', '1D4', null, null, null, null, null, '0', null, null, null, null, null, 'device.png');
INSERT INTO `device` VALUES ('285', '1D50201', 'D5插排02U', '29', '1U插排', '1D5', null, null, null, null, null, '0', null, null, null, null, null, 'device.png');
INSERT INTO `device` VALUES ('286', '1D50401', 'D5插排04U', '29', '1U插排', '1D5', null, null, null, null, null, '0', null, null, null, null, null, 'device.png');
INSERT INTO `device` VALUES ('287', '1D60201', 'D6插排02U', '29', '1U插排', '1D6', null, null, null, null, null, '0', null, null, null, null, null, 'device.png');
INSERT INTO `device` VALUES ('288', '1D60401', 'D6插排04U', '29', '1U插排', '1D6', null, null, null, null, null, '0', null, null, null, null, null, 'device.png');
INSERT INTO `device` VALUES ('289', '1D70201', 'D7插排02U', '29', '1U插排', '1D7', null, null, null, null, null, '0', null, null, null, null, null, 'device.png');
INSERT INTO `device` VALUES ('290', '1D70401', 'D7插排04U', '29', '1U插排', '1D7', null, null, null, null, null, '0', null, null, null, null, null, 'device.png');
INSERT INTO `device` VALUES ('291', '1D80201', 'D8插排02U', '29', '1U插排', '1D8', null, null, null, null, null, '0', null, null, null, null, null, 'device.png');
INSERT INTO `device` VALUES ('292', '1D80401', 'D8插排04U', '29', '1U插排', '1D8', null, null, null, null, null, '0', null, null, null, null, null, 'device.png');
INSERT INTO `device` VALUES ('293', '1D90201', 'D9插排02U', '29', '1U插排', '1D9', null, null, null, null, null, '0', null, null, null, null, null, 'device.png');
INSERT INTO `device` VALUES ('294', '1D90401', 'D9插排04U', '29', '1U插排', '1D9', null, null, null, null, null, '0', null, null, null, null, null, 'device.png');
INSERT INTO `device` VALUES ('295', '1E20201', 'E2插排02U', '29', '1U插排', '1E2', null, null, null, null, null, '0', null, null, null, null, null, 'device.png');
INSERT INTO `device` VALUES ('296', '1E20401', 'E2插排04U', '29', '1U插排', '1E2', null, null, null, null, null, '0', null, null, null, null, null, 'device.png');
INSERT INTO `device` VALUES ('297', '1E30201', 'E3插排02U', '29', '1U插排', '1E3', null, null, null, null, null, '0', null, null, null, null, null, 'device.png');
INSERT INTO `device` VALUES ('298', '1E30401', 'E3插排04U', '29', '1U插排', '1E3', null, null, null, null, null, '0', null, null, null, null, null, 'device.png');
INSERT INTO `device` VALUES ('299', '1E40201', 'E4插排02U', '29', '1U插排', '1E4', null, null, null, null, null, '0', null, null, null, null, null, 'device.png');
INSERT INTO `device` VALUES ('300', '1E40401', 'E4插排04U', '29', '1U插排', '1E4', null, null, null, null, null, '0', null, null, null, null, null, 'device.png');
INSERT INTO `device` VALUES ('301', '1E50201', 'E5插排02U', '29', '1U插排', '1E5', null, null, null, null, null, '0', null, null, null, null, null, 'device.png');
INSERT INTO `device` VALUES ('302', '1E50401', 'E5插排04U', '29', '1U插排', '1E5', null, null, null, null, null, '0', null, null, null, null, null, 'device.png');
INSERT INTO `device` VALUES ('303', '1E60201', 'E6插排02U', '29', '1U插排', '1E6', null, null, null, null, null, '0', null, null, null, null, null, 'device.png');
INSERT INTO `device` VALUES ('304', '1E60401', 'E6插排04U', '29', '1U插排', '1E6', null, null, null, null, null, '0', null, null, null, null, null, 'device.png');
INSERT INTO `device` VALUES ('305', '1E70201', 'E7插排02U', '29', '1U插排', '1E7', null, null, null, null, null, '0', null, null, null, null, null, 'device.png');
INSERT INTO `device` VALUES ('306', '1E70401', 'E7插排04U', '29', '1U插排', '1E7', null, null, null, null, null, '0', null, null, null, null, null, 'device.png');
INSERT INTO `device` VALUES ('307', '1F20201', 'F2插排02U', '29', '1U插排', '1F2', null, null, null, null, null, '0', null, null, null, null, null, 'device.png');
INSERT INTO `device` VALUES ('308', '1F20401', 'F2插排04U', '29', '1U插排', '1F2', null, null, null, null, null, '0', null, null, null, null, null, 'device.png');
INSERT INTO `device` VALUES ('309', '1F30201', 'F3插排02U', '29', '1U插排', '1F3', null, null, null, null, null, '0', null, null, null, null, null, 'device.png');
INSERT INTO `device` VALUES ('310', '1F30401', 'F3插排04U', '29', '1U插排', '1F3', null, null, null, null, null, '0', null, null, null, null, null, 'device.png');
INSERT INTO `device` VALUES ('311', '1F40201', 'F4插排02U', '29', '1U插排', '1F4', null, null, null, null, null, '0', null, null, null, null, null, 'device.png');
INSERT INTO `device` VALUES ('312', '1F40401', 'F4插排04U', '29', '1U插排', '1F4', null, null, null, null, null, '0', null, null, null, null, null, 'device.png');
INSERT INTO `device` VALUES ('313', '1F50201', 'F5插排02U', '29', '1U插排', '1F5', null, null, null, null, null, '0', null, null, null, null, null, 'device.png');
INSERT INTO `device` VALUES ('314', '1F50401', 'F5插排04U', '29', '1U插排', '1F5', null, null, null, null, null, '0', null, null, null, null, null, 'device.png');
INSERT INTO `device` VALUES ('315', '1F60201', 'F6插排02U', '29', '1U插排', '1F6', null, null, null, null, null, '0', null, null, null, null, null, 'device.png');
INSERT INTO `device` VALUES ('316', '1F60401', 'F6插排04U', '29', '1U插排', '1F6', null, null, null, null, null, '0', null, null, null, null, null, 'device.png');
INSERT INTO `device` VALUES ('317', '1F70201', 'F7插排02U', '29', '1U插排', '1F7', null, null, null, null, null, '0', null, null, null, null, null, 'device.png');
INSERT INTO `device` VALUES ('318', '1F70401', 'F7插排04U', '29', '1U插排', '1F7', null, null, null, null, null, '0', null, null, null, null, null, 'device.png');
INSERT INTO `device` VALUES ('319', '1F80201', 'F8插排02U', '29', '1U插排', '1F8', null, null, null, null, null, '0', null, null, null, null, null, 'device.png');
INSERT INTO `device` VALUES ('320', '1F80401', 'F8插排04U', '29', '1U插排', '1F8', null, null, null, null, null, '0', null, null, null, null, null, 'device.png');
INSERT INTO `device` VALUES ('321', '1E80142', 'E8UPS', '30', '42U#UPS', '1E8', null, null, null, null, null, '6500', null, null, null, null, null, 'device.png');
INSERT INTO `device` VALUES ('322', '1E90142', 'E9UPS', '30', '42U#UPS', '1E9', null, null, null, null, null, '6500', null, null, null, null, null, 'device.png');
INSERT INTO `device` VALUES ('323', '1F90142', 'F9UPS', '31', '42U#市电', '1F9', null, null, null, null, null, '6500', null, null, null, null, null, 'device.png');

-- ----------------------------
-- Table structure for device_type
-- ----------------------------
DROP TABLE IF EXISTS `device_type`;
CREATE TABLE `device_type` (
  `id` int(11) NOT NULL AUTO_INCREMENT,
  `name` varchar(255) DEFAULT NULL,
  `tpl` varchar(255) DEFAULT NULL,
  `ethRowCount` int(11) DEFAULT '1',
  `ethColCount` int(11) DEFAULT '10',
  PRIMARY KEY (`id`)
) ENGINE=InnoDB AUTO_INCREMENT=32 DEFAULT CHARSET=utf8;

-- ----------------------------
-- Records of device_type
-- ----------------------------
INSERT INTO `device_type` VALUES ('1', '1U防火墙', '1u_firewall', '1', '10');
INSERT INTO `device_type` VALUES ('2', '1U正向隔离', '1u_fwdiso', '1', '10');
INSERT INTO `device_type` VALUES ('3', '1UKVM', '1u_kvm', '1', '10');
INSERT INTO `device_type` VALUES ('4', '1U交换机', '1u_switch', '1', '10');
INSERT INTO `device_type` VALUES ('5', '2U检测装置', '2u_detector', '2', '10');
INSERT INTO `device_type` VALUES ('6', '2U配网架', '2u_dframe', '2', '10');
INSERT INTO `device_type` VALUES ('7', '2U加密设备', '2u_enc', '2', '10');
INSERT INTO `device_type` VALUES ('8', '2U加密管理装置', '2u_encmgr', '2', '10');
INSERT INTO `device_type` VALUES ('9', '2U防火墙', '2u_firewall', '2', '10');
INSERT INTO `device_type` VALUES ('10', '2U立卓服务器', '2u_lizhuo', '2', '10');
INSERT INTO `device_type` VALUES ('11', '2U路由电源装置', '2u_routerpwr', '2', '10');
INSERT INTO `device_type` VALUES ('12', '2U反向隔离', '2u_rvsiso', '2', '10');
INSERT INTO `device_type` VALUES ('13', '2U服务器', '2u_server', '2', '10');
INSERT INTO `device_type` VALUES ('14', '3U磁盘阵列', '3u_raid', '2', '10');
INSERT INTO `device_type` VALUES ('15', '3U服务器', '3u_server', '1', '10');
INSERT INTO `device_type` VALUES ('16', '4U天文时钟', '4u_clock', '1', '10');
INSERT INTO `device_type` VALUES ('17', '4U服务器', '4u_server', '1', '10');
INSERT INTO `device_type` VALUES ('18', '4U工作站', '4u_worksta', '1', '10');
INSERT INTO `device_type` VALUES ('19', '14U路由器', '14u_router', '1', '10');
INSERT INTO `device_type` VALUES ('20', '21U路由器(H3C)', '21u_router_h3c', '1', '10');
INSERT INTO `device_type` VALUES ('21', '21U路由器(中兴)', '21u_router_zx', '1', '10');
INSERT INTO `device_type` VALUES ('22', '2U隔离组件', '2u_isocom', '1', '10');
INSERT INTO `device_type` VALUES ('23', '1U检测装置', '1u_detector', '1', '10');
INSERT INTO `device_type` VALUES ('24', '1U双电源切换器', '1u_powerswitch', '1', '10');
INSERT INTO `device_type` VALUES ('25', '1U反向隔离', '1u_rvsiso', '1', '10');
INSERT INTO `device_type` VALUES ('26', '1U交换机电源', '1u_switchpower', '1', '10');
INSERT INTO `device_type` VALUES ('27', '1U加密设备', '1u_enc', '1', '10');
INSERT INTO `device_type` VALUES ('28', '1U跳线架', '1u_rack', '1', '24');
INSERT INTO `device_type` VALUES ('29', '1U插排', '1u_pstrip', '1', '10');
INSERT INTO `device_type` VALUES ('30', '42U#UPS', '42u_ups', '41', '20');
INSERT INTO `device_type` VALUES ('31', '42U#市电', '42u_elec', '41', '20');

-- ----------------------------
-- Table structure for eth
-- ----------------------------
DROP TABLE IF EXISTS `eth`;
CREATE TABLE `eth` (
  `id` int(11) NOT NULL AUTO_INCREMENT,
  `code` varchar(255) DEFAULT NULL,
  `isShow` int(11) DEFAULT '1',
  `name` varchar(255) DEFAULT NULL,
  `device` varchar(255) DEFAULT NULL,
  `device_old` int(11) DEFAULT NULL,
  `ip` varchar(255) DEFAULT NULL,
  `peerId` varchar(255) DEFAULT NULL,
  `memo` varchar(1000) DEFAULT NULL,
  PRIMARY KEY (`id`)
) ENGINE=InnoDB AUTO_INCREMENT=2166 DEFAULT CHARSET=utf8;

-- ----------------------------
-- Records of eth
-- ----------------------------
INSERT INTO `eth` VALUES ('1', '1A142010101', '1', 'A1N01-01', '1A14201', null, null, '1A242010101', null);
INSERT INTO `eth` VALUES ('2', '1A142010102', '1', 'A1N01-02', '1A14201', null, null, '1A242010102', null);
INSERT INTO `eth` VALUES ('3', '1A142010103', '1', 'A1N01-03', '1A14201', null, null, '1A242010103', null);
INSERT INTO `eth` VALUES ('4', '1A142010104', '1', 'A1N01-04', '1A14201', null, null, '1A242010104', null);
INSERT INTO `eth` VALUES ('5', '1A142010105', '1', 'A1N01-05', '1A14201', null, null, '1A242010105', null);
INSERT INTO `eth` VALUES ('6', '1A142010106', '1', 'A1N01-06', '1A14201', null, null, '1A242010106', null);
INSERT INTO `eth` VALUES ('7', '1A142010107', '1', 'A1N01-07', '1A14201', null, null, '1A242010107', null);
INSERT INTO `eth` VALUES ('8', '1A142010108', '1', 'A1N01-08', '1A14201', null, null, '1A242010108', null);
INSERT INTO `eth` VALUES ('9', '1A142010109', '1', 'A1N01-09', '1A14201', null, null, '1A242010109', null);
INSERT INTO `eth` VALUES ('10', '1A142010110', '1', 'A1N01-10', '1A14201', null, null, '1A242010110', null);
INSERT INTO `eth` VALUES ('11', '1A142010111', '1', 'A1N01-11', '1A14201', null, null, '1A242010111', null);
INSERT INTO `eth` VALUES ('12', '1A142010112', '1', 'A1N01-12', '1A14201', null, null, '1A242010112', null);
INSERT INTO `eth` VALUES ('13', '1A142010113', '1', 'A1N01-13', '1A14201', null, null, '1A242010113', null);
INSERT INTO `eth` VALUES ('14', '1A142010114', '1', 'A1N01-14', '1A14201', null, null, '1A242010114', null);
INSERT INTO `eth` VALUES ('15', '1A142010115', '1', 'A1N01-15', '1A14201', null, null, '1A242010115', null);
INSERT INTO `eth` VALUES ('16', '1A142010116', '1', 'A1N01-16', '1A14201', null, null, '1A242010116', null);
INSERT INTO `eth` VALUES ('17', '1A142010117', '1', 'A1N01-17', '1A14201', null, null, '1A242010117', null);
INSERT INTO `eth` VALUES ('18', '1A142010118', '1', 'A1N01-18', '1A14201', null, null, '1A242010118', null);
INSERT INTO `eth` VALUES ('19', '1A142010119', '1', 'A1N01-19', '1A14201', null, null, '1A242010119', null);
INSERT INTO `eth` VALUES ('20', '1A142010120', '1', 'A1N01-20', '1A14201', null, null, '1A242010120', null);
INSERT INTO `eth` VALUES ('21', '1A142010121', '1', 'A1N01-21', '1A14201', null, null, '1A242010121', null);
INSERT INTO `eth` VALUES ('22', '1A142010122', '1', 'A1N01-22', '1A14201', null, null, '1A242010122', null);
INSERT INTO `eth` VALUES ('23', '1A142010123', '1', 'A1N01-23', '1A14201', null, null, '1A242010123', null);
INSERT INTO `eth` VALUES ('24', '1A142010124', '1', 'A1N01-24', '1A14201', null, null, '1A242010124', null);
INSERT INTO `eth` VALUES ('25', '1A140010101', '1', 'A1N02-01', '1A14001', null, null, '1A240010101', null);
INSERT INTO `eth` VALUES ('26', '1A140010102', '1', 'A1N02-02', '1A14001', null, null, '1A240010102', null);
INSERT INTO `eth` VALUES ('27', '1A140010103', '1', 'A1N02-03', '1A14001', null, null, '1A240010103', null);
INSERT INTO `eth` VALUES ('28', '1A140010104', '1', 'A1N02-04', '1A14001', null, null, '1A240010104', null);
INSERT INTO `eth` VALUES ('29', '1A140010105', '1', 'A1N02-05', '1A14001', null, null, '1A240010105', null);
INSERT INTO `eth` VALUES ('30', '1A140010106', '1', 'A1N02-06', '1A14001', null, null, '1A240010106', null);
INSERT INTO `eth` VALUES ('31', '1A140010107', '1', 'A1N02-07', '1A14001', null, null, '1A240010107', null);
INSERT INTO `eth` VALUES ('32', '1A140010108', '1', 'A1N02-08', '1A14001', null, null, '1A240010108', null);
INSERT INTO `eth` VALUES ('33', '1A140010109', '1', 'A1N02-09', '1A14001', null, null, '1A240010109', null);
INSERT INTO `eth` VALUES ('34', '1A140010110', '1', 'A1N02-10', '1A14001', null, null, '1A240010110', null);
INSERT INTO `eth` VALUES ('35', '1A140010111', '1', 'A1N02-11', '1A14001', null, null, '1A240010111', null);
INSERT INTO `eth` VALUES ('36', '1A140010112', '1', 'A1N02-12', '1A14001', null, null, '1A240010112', null);
INSERT INTO `eth` VALUES ('37', '1A140010113', '1', 'A1N02-13', '1A14001', null, null, '1A240010113', null);
INSERT INTO `eth` VALUES ('38', '1A140010114', '1', 'A1N02-14', '1A14001', null, null, '1A240010114', null);
INSERT INTO `eth` VALUES ('39', '1A140010115', '1', 'A1N02-15', '1A14001', null, null, '1A240010115', null);
INSERT INTO `eth` VALUES ('40', '1A140010116', '1', 'A1N02-16', '1A14001', null, null, '1A240010116', null);
INSERT INTO `eth` VALUES ('41', '1A140010117', '1', 'A1N02-17', '1A14001', null, null, '1A240010117', null);
INSERT INTO `eth` VALUES ('42', '1A140010118', '1', 'A1N02-18', '1A14001', null, null, '1A240010118', null);
INSERT INTO `eth` VALUES ('43', '1A140010119', '1', 'A1N02-19', '1A14001', null, null, '1A240010119', null);
INSERT INTO `eth` VALUES ('44', '1A140010120', '1', 'A1N02-20', '1A14001', null, null, '1A240010120', null);
INSERT INTO `eth` VALUES ('45', '1A140010121', '1', 'A1N02-21', '1A14001', null, null, '1A240010121', null);
INSERT INTO `eth` VALUES ('46', '1A140010122', '1', 'A1N02-22', '1A14001', null, null, '1A240010122', null);
INSERT INTO `eth` VALUES ('47', '1A140010123', '1', 'A1N02-23', '1A14001', null, null, '1A240010123', null);
INSERT INTO `eth` VALUES ('48', '1A140010124', '1', 'A1N02-24', '1A14001', null, null, '1A240010124', null);
INSERT INTO `eth` VALUES ('49', '1A138010101', '1', 'A1N03-01', '1A13801', null, null, '1A238010101', null);
INSERT INTO `eth` VALUES ('50', '1A138010102', '1', 'A1N03-02', '1A13801', null, null, '1A238010102', null);
INSERT INTO `eth` VALUES ('51', '1A138010103', '1', 'A1N03-03', '1A13801', null, null, '1A238010103', null);
INSERT INTO `eth` VALUES ('52', '1A138010104', '1', 'A1N03-04', '1A13801', null, null, '1A238010104', null);
INSERT INTO `eth` VALUES ('53', '1A138010105', '1', 'A1N03-05', '1A13801', null, null, '1A238010105', null);
INSERT INTO `eth` VALUES ('54', '1A138010106', '1', 'A1N03-06', '1A13801', null, null, '1A238010106', null);
INSERT INTO `eth` VALUES ('55', '1A138010107', '1', 'A1N03-07', '1A13801', null, null, '1A238010107', null);
INSERT INTO `eth` VALUES ('56', '1A138010108', '1', 'A1N03-08', '1A13801', null, null, '1A238010108', null);
INSERT INTO `eth` VALUES ('57', '1A138010109', '1', 'A1N03-09', '1A13801', null, null, '1A238010109', null);
INSERT INTO `eth` VALUES ('58', '1A138010110', '1', 'A1N03-10', '1A13801', null, null, '1A238010110', null);
INSERT INTO `eth` VALUES ('59', '1A138010111', '1', 'A1N03-11', '1A13801', null, null, '1A238010111', null);
INSERT INTO `eth` VALUES ('60', '1A138010112', '1', 'A1N03-12', '1A13801', null, null, '1A238010112', null);
INSERT INTO `eth` VALUES ('61', '1A136010101', '1', 'A1N04-01', '1A13601', null, null, '1A342010101', null);
INSERT INTO `eth` VALUES ('62', '1A136010102', '1', 'A1N04-02', '1A13601', null, null, '1A342010102', null);
INSERT INTO `eth` VALUES ('63', '1A136010103', '1', 'A1N04-03', '1A13601', null, null, '1A342010103', null);
INSERT INTO `eth` VALUES ('64', '1A136010104', '1', 'A1N04-04', '1A13601', null, null, '1A342010104', null);
INSERT INTO `eth` VALUES ('65', '1A136010105', '1', 'A1N04-05', '1A13601', null, null, '1A342010105', null);
INSERT INTO `eth` VALUES ('66', '1A136010106', '1', 'A1N04-06', '1A13601', null, null, '1A342010106', null);
INSERT INTO `eth` VALUES ('67', '1A136010107', '1', 'A1N04-07', '1A13601', null, null, '1A342010107', null);
INSERT INTO `eth` VALUES ('68', '1A136010108', '1', 'A1N04-08', '1A13601', null, null, '1A342010108', null);
INSERT INTO `eth` VALUES ('69', '1A136010109', '1', 'A1N04-09', '1A13601', null, null, '1A342010109', null);
INSERT INTO `eth` VALUES ('70', '1A136010110', '1', 'A1N04-10', '1A13601', null, null, '1A342010110', null);
INSERT INTO `eth` VALUES ('71', '1A136010111', '1', 'A1N04-11', '1A13601', null, null, '1A342010111', null);
INSERT INTO `eth` VALUES ('72', '1A136010112', '1', 'A1N04-12', '1A13601', null, null, '1A342010112', null);
INSERT INTO `eth` VALUES ('73', '1A136010113', '1', 'A1N04-13', '1A13601', null, null, '1A342010113', null);
INSERT INTO `eth` VALUES ('74', '1A136010114', '1', 'A1N04-14', '1A13601', null, null, '1A342010114', null);
INSERT INTO `eth` VALUES ('75', '1A136010115', '1', 'A1N04-15', '1A13601', null, null, '1A342010115', null);
INSERT INTO `eth` VALUES ('76', '1A136010116', '1', 'A1N04-16', '1A13601', null, null, '1A342010116', null);
INSERT INTO `eth` VALUES ('77', '1A136010117', '1', 'A1N04-17', '1A13601', null, null, '1A342010117', null);
INSERT INTO `eth` VALUES ('78', '1A136010118', '1', 'A1N04-18', '1A13601', null, null, '1A342010118', null);
INSERT INTO `eth` VALUES ('79', '1A136010119', '1', 'A1N04-19', '1A13601', null, null, '1A342010119', null);
INSERT INTO `eth` VALUES ('80', '1A136010120', '1', 'A1N04-20', '1A13601', null, null, '1A342010120', null);
INSERT INTO `eth` VALUES ('81', '1A136010121', '1', 'A1N04-21', '1A13601', null, null, '1A342010121', null);
INSERT INTO `eth` VALUES ('82', '1A136010122', '1', 'A1N04-22', '1A13601', null, null, '1A342010122', null);
INSERT INTO `eth` VALUES ('83', '1A136010123', '1', 'A1N04-23', '1A13601', null, null, '1A342010123', null);
INSERT INTO `eth` VALUES ('84', '1A136010124', '1', 'A1N04-24', '1A13601', null, null, '1A342010124', null);
INSERT INTO `eth` VALUES ('85', '1A134010101', '1', 'A1N05-01', '1A13401', null, null, '1A340010101', null);
INSERT INTO `eth` VALUES ('86', '1A134010102', '1', 'A1N05-02', '1A13401', null, null, '1A340010102', null);
INSERT INTO `eth` VALUES ('87', '1A134010103', '1', 'A1N05-03', '1A13401', null, null, '1A340010103', null);
INSERT INTO `eth` VALUES ('88', '1A134010104', '1', 'A1N05-04', '1A13401', null, null, '1A340010104', null);
INSERT INTO `eth` VALUES ('89', '1A134010105', '1', 'A1N05-05', '1A13401', null, null, '1A340010105', null);
INSERT INTO `eth` VALUES ('90', '1A134010106', '1', 'A1N05-06', '1A13401', null, null, '1A340010106', null);
INSERT INTO `eth` VALUES ('91', '1A134010107', '1', 'A1N05-07', '1A13401', null, null, '1A340010107', null);
INSERT INTO `eth` VALUES ('92', '1A134010108', '1', 'A1N05-08', '1A13401', null, null, '1A340010108', null);
INSERT INTO `eth` VALUES ('93', '1A134010109', '1', 'A1N05-09', '1A13401', null, null, '1A340010109', null);
INSERT INTO `eth` VALUES ('94', '1A134010110', '1', 'A1N05-10', '1A13401', null, null, '1A340010110', null);
INSERT INTO `eth` VALUES ('95', '1A134010111', '1', 'A1N05-11', '1A13401', null, null, '1A340010111', null);
INSERT INTO `eth` VALUES ('96', '1A134010112', '1', 'A1N05-12', '1A13401', null, null, '1A340010112', null);
INSERT INTO `eth` VALUES ('97', '1A134010113', '1', 'A1N05-13', '1A13401', null, null, '1A340010113', null);
INSERT INTO `eth` VALUES ('98', '1A134010114', '1', 'A1N05-14', '1A13401', null, null, '1A340010114', null);
INSERT INTO `eth` VALUES ('99', '1A134010115', '1', 'A1N05-15', '1A13401', null, null, '1A340010115', null);
INSERT INTO `eth` VALUES ('100', '1A134010116', '1', 'A1N05-16', '1A13401', null, null, '1A340010116', null);
INSERT INTO `eth` VALUES ('101', '1A134010117', '1', 'A1N05-17', '1A13401', null, null, '1A340010117', null);
INSERT INTO `eth` VALUES ('102', '1A134010118', '1', 'A1N05-18', '1A13401', null, null, '1A340010118', null);
INSERT INTO `eth` VALUES ('103', '1A134010119', '1', 'A1N05-19', '1A13401', null, null, '1A340010119', null);
INSERT INTO `eth` VALUES ('104', '1A134010120', '1', 'A1N05-20', '1A13401', null, null, '1A340010120', null);
INSERT INTO `eth` VALUES ('105', '1A134010121', '1', 'A1N05-21', '1A13401', null, null, '1A340010121', null);
INSERT INTO `eth` VALUES ('106', '1A134010122', '1', 'A1N05-22', '1A13401', null, null, '1A340010122', null);
INSERT INTO `eth` VALUES ('107', '1A134010123', '1', 'A1N05-23', '1A13401', null, null, '1A340010123', null);
INSERT INTO `eth` VALUES ('108', '1A134010124', '1', 'A1N05-24', '1A13401', null, null, '1A340010124', null);
INSERT INTO `eth` VALUES ('109', '1A132010101', '1', 'A1N06-01', '1A13201', null, null, '1A338010101', null);
INSERT INTO `eth` VALUES ('110', '1A132010102', '1', 'A1N06-02', '1A13201', null, null, '1A338010102', null);
INSERT INTO `eth` VALUES ('111', '1A132010103', '1', 'A1N06-03', '1A13201', null, null, '1A338010103', null);
INSERT INTO `eth` VALUES ('112', '1A132010104', '1', 'A1N06-04', '1A13201', null, null, '1A338010104', null);
INSERT INTO `eth` VALUES ('113', '1A132010105', '1', 'A1N06-05', '1A13201', null, null, '1A338010105', null);
INSERT INTO `eth` VALUES ('114', '1A132010106', '1', 'A1N06-06', '1A13201', null, null, '1A338010106', null);
INSERT INTO `eth` VALUES ('115', '1A132010107', '1', 'A1N06-07', '1A13201', null, null, '1A338010107', null);
INSERT INTO `eth` VALUES ('116', '1A132010108', '1', 'A1N06-08', '1A13201', null, null, '1A338010108', null);
INSERT INTO `eth` VALUES ('117', '1A132010109', '1', 'A1N06-09', '1A13201', null, null, '1A338010109', null);
INSERT INTO `eth` VALUES ('118', '1A132010110', '1', 'A1N06-10', '1A13201', null, null, '1A338010110', null);
INSERT INTO `eth` VALUES ('119', '1A132010111', '1', 'A1N06-11', '1A13201', null, null, '1A338010111', null);
INSERT INTO `eth` VALUES ('120', '1A132010112', '1', 'A1N06-12', '1A13201', null, null, '1A338010112', null);
INSERT INTO `eth` VALUES ('121', '1A130010101', '1', 'A1N07-01', '1A13001', null, null, '1A442010101', null);
INSERT INTO `eth` VALUES ('122', '1A130010102', '1', 'A1N07-02', '1A13001', null, null, '1A442010102', null);
INSERT INTO `eth` VALUES ('123', '1A130010103', '1', 'A1N07-03', '1A13001', null, null, '1A442010103', null);
INSERT INTO `eth` VALUES ('124', '1A130010104', '1', 'A1N07-04', '1A13001', null, null, '1A442010104', null);
INSERT INTO `eth` VALUES ('125', '1A130010105', '1', 'A1N07-05', '1A13001', null, null, '1A442010105', null);
INSERT INTO `eth` VALUES ('126', '1A130010106', '1', 'A1N07-06', '1A13001', null, null, '1A442010106', null);
INSERT INTO `eth` VALUES ('127', '1A130010107', '1', 'A1N07-07', '1A13001', null, null, '1A442010107', null);
INSERT INTO `eth` VALUES ('128', '1A130010108', '1', 'A1N07-08', '1A13001', null, null, '1A442010108', null);
INSERT INTO `eth` VALUES ('129', '1A130010109', '1', 'A1N07-09', '1A13001', null, null, '1A442010109', null);
INSERT INTO `eth` VALUES ('130', '1A130010110', '1', 'A1N07-10', '1A13001', null, null, '1A442010110', null);
INSERT INTO `eth` VALUES ('131', '1A130010111', '1', 'A1N07-11', '1A13001', null, null, '1A442010111', null);
INSERT INTO `eth` VALUES ('132', '1A130010112', '1', 'A1N07-12', '1A13001', null, null, '1A442010112', null);
INSERT INTO `eth` VALUES ('133', '1A130010113', '1', 'A1N07-13', '1A13001', null, null, '1A442010113', null);
INSERT INTO `eth` VALUES ('134', '1A130010114', '1', 'A1N07-14', '1A13001', null, null, '1A442010114', null);
INSERT INTO `eth` VALUES ('135', '1A130010115', '1', 'A1N07-15', '1A13001', null, null, '1A442010115', null);
INSERT INTO `eth` VALUES ('136', '1A130010116', '1', 'A1N07-16', '1A13001', null, null, '1A442010116', null);
INSERT INTO `eth` VALUES ('137', '1A128010101', '1', 'A1N08-01', '1A12801', null, null, '1A542010101', null);
INSERT INTO `eth` VALUES ('138', '1A128010102', '1', 'A1N08-02', '1A12801', null, null, '1A542010102', null);
INSERT INTO `eth` VALUES ('139', '1A128010103', '1', 'A1N08-03', '1A12801', null, null, '1A542010103', null);
INSERT INTO `eth` VALUES ('140', '1A128010104', '1', 'A1N08-04', '1A12801', null, null, '1A542010104', null);
INSERT INTO `eth` VALUES ('141', '1A128010105', '1', 'A1N08-05', '1A12801', null, null, '1A542010105', null);
INSERT INTO `eth` VALUES ('142', '1A128010106', '1', 'A1N08-06', '1A12801', null, null, '1A542010106', null);
INSERT INTO `eth` VALUES ('143', '1A128010107', '1', 'A1N08-07', '1A12801', null, null, '1A542010107', null);
INSERT INTO `eth` VALUES ('144', '1A128010108', '1', 'A1N08-08', '1A12801', null, null, '1A542010108', null);
INSERT INTO `eth` VALUES ('145', '1A128010109', '1', 'A1N08-09', '1A12801', null, null, '1A542010109', null);
INSERT INTO `eth` VALUES ('146', '1A128010110', '1', 'A1N08-10', '1A12801', null, null, '1A542010110', null);
INSERT INTO `eth` VALUES ('147', '1A128010111', '1', 'A1N08-11', '1A12801', null, null, '1A542010111', null);
INSERT INTO `eth` VALUES ('148', '1A128010112', '1', 'A1N08-12', '1A12801', null, null, '1A542010112', null);
INSERT INTO `eth` VALUES ('149', '1A128010113', '1', 'A1N08-13', '1A12801', null, null, '1A542010113', null);
INSERT INTO `eth` VALUES ('150', '1A128010114', '1', 'A1N08-14', '1A12801', null, null, '1A542010114', null);
INSERT INTO `eth` VALUES ('151', '1A128010115', '1', 'A1N08-15', '1A12801', null, null, '1A542010115', null);
INSERT INTO `eth` VALUES ('152', '1A128010116', '1', 'A1N08-16', '1A12801', null, null, '1A542010116', null);
INSERT INTO `eth` VALUES ('153', '1A126010101', '1', 'A1N09-01', '1A12601', null, null, '1A642010101', null);
INSERT INTO `eth` VALUES ('154', '1A126010102', '1', 'A1N09-02', '1A12601', null, null, '1A642010102', null);
INSERT INTO `eth` VALUES ('155', '1A126010103', '1', 'A1N09-03', '1A12601', null, null, '1A642010103', null);
INSERT INTO `eth` VALUES ('156', '1A126010104', '1', 'A1N09-04', '1A12601', null, null, '1A642010104', null);
INSERT INTO `eth` VALUES ('157', '1A126010105', '1', 'A1N09-05', '1A12601', null, null, '1A642010105', null);
INSERT INTO `eth` VALUES ('158', '1A126010106', '1', 'A1N09-06', '1A12601', null, null, '1A642010106', null);
INSERT INTO `eth` VALUES ('159', '1A126010107', '1', 'A1N09-07', '1A12601', null, null, '1A642010107', null);
INSERT INTO `eth` VALUES ('160', '1A126010108', '1', 'A1N09-08', '1A12601', null, null, '1A642010108', null);
INSERT INTO `eth` VALUES ('161', '1A126010109', '1', 'A1N09-09', '1A12601', null, null, '1A642010109', null);
INSERT INTO `eth` VALUES ('162', '1A126010110', '1', 'A1N09-10', '1A12601', null, null, '1A642010110', null);
INSERT INTO `eth` VALUES ('163', '1A126010111', '1', 'A1N09-11', '1A12601', null, null, '1A642010111', null);
INSERT INTO `eth` VALUES ('164', '1A126010112', '1', 'A1N09-12', '1A12601', null, null, '1A642010112', null);
INSERT INTO `eth` VALUES ('165', '1A126010113', '1', 'A1N09-13', '1A12601', null, null, '1A642010113', null);
INSERT INTO `eth` VALUES ('166', '1A126010114', '1', 'A1N09-14', '1A12601', null, null, '1A642010114', null);
INSERT INTO `eth` VALUES ('167', '1A126010115', '1', 'A1N09-15', '1A12601', null, null, '1A642010115', null);
INSERT INTO `eth` VALUES ('168', '1A126010116', '1', 'A1N09-16', '1A12601', null, null, '1A642010116', null);
INSERT INTO `eth` VALUES ('169', '1A124010101', '1', 'A1N10-01', '1A12401', null, null, '1A742010101', null);
INSERT INTO `eth` VALUES ('170', '1A124010102', '1', 'A1N10-02', '1A12401', null, null, '1A742010102', null);
INSERT INTO `eth` VALUES ('171', '1A124010103', '1', 'A1N10-03', '1A12401', null, null, '1A742010103', null);
INSERT INTO `eth` VALUES ('172', '1A124010104', '1', 'A1N10-04', '1A12401', null, null, '1A742010104', null);
INSERT INTO `eth` VALUES ('173', '1A124010105', '1', 'A1N10-05', '1A12401', null, null, '1A742010105', null);
INSERT INTO `eth` VALUES ('174', '1A124010106', '1', 'A1N10-06', '1A12401', null, null, '1A742010106', null);
INSERT INTO `eth` VALUES ('175', '1A124010107', '1', 'A1N10-07', '1A12401', null, null, '1A742010107', null);
INSERT INTO `eth` VALUES ('176', '1A124010108', '1', 'A1N10-08', '1A12401', null, null, '1A742010108', null);
INSERT INTO `eth` VALUES ('177', '1A124010109', '1', 'A1N10-09', '1A12401', null, null, '1A742010109', null);
INSERT INTO `eth` VALUES ('178', '1A124010110', '1', 'A1N10-10', '1A12401', null, null, '1A742010110', null);
INSERT INTO `eth` VALUES ('179', '1A124010111', '1', 'A1N10-11', '1A12401', null, null, '1A742010111', null);
INSERT INTO `eth` VALUES ('180', '1A124010112', '1', 'A1N10-12', '1A12401', null, null, '1A742010112', null);
INSERT INTO `eth` VALUES ('181', '1A124010113', '1', 'A1N10-13', '1A12401', null, null, '1A742010113', null);
INSERT INTO `eth` VALUES ('182', '1A124010114', '1', 'A1N10-14', '1A12401', null, null, '1A742010114', null);
INSERT INTO `eth` VALUES ('183', '1A124010115', '1', 'A1N10-15', '1A12401', null, null, '1A742010115', null);
INSERT INTO `eth` VALUES ('184', '1A124010116', '1', 'A1N10-16', '1A12401', null, null, '1A742010116', null);
INSERT INTO `eth` VALUES ('185', '1A122010101', '1', 'A1N11-01', '1A12201', null, null, '1A842010101', null);
INSERT INTO `eth` VALUES ('186', '1A122010102', '1', 'A1N11-02', '1A12201', null, null, '1A842010102', null);
INSERT INTO `eth` VALUES ('187', '1A122010103', '1', 'A1N11-03', '1A12201', null, null, '1A842010103', null);
INSERT INTO `eth` VALUES ('188', '1A122010104', '1', 'A1N11-04', '1A12201', null, null, '1A842010104', null);
INSERT INTO `eth` VALUES ('189', '1A122010105', '1', 'A1N11-05', '1A12201', null, null, '1A842010105', null);
INSERT INTO `eth` VALUES ('190', '1A122010106', '1', 'A1N11-06', '1A12201', null, null, '1A842010106', null);
INSERT INTO `eth` VALUES ('191', '1A122010107', '1', 'A1N11-07', '1A12201', null, null, '1A842010107', null);
INSERT INTO `eth` VALUES ('192', '1A122010108', '1', 'A1N11-08', '1A12201', null, null, '1A842010108', null);
INSERT INTO `eth` VALUES ('193', '1A122010109', '1', 'A1N11-09', '1A12201', null, null, '1A842010109', null);
INSERT INTO `eth` VALUES ('194', '1A122010110', '1', 'A1N11-10', '1A12201', null, null, '1A842010110', null);
INSERT INTO `eth` VALUES ('195', '1A122010111', '1', 'A1N11-11', '1A12201', null, null, '1A842010111', null);
INSERT INTO `eth` VALUES ('196', '1A122010112', '1', 'A1N11-12', '1A12201', null, null, '1A842010112', null);
INSERT INTO `eth` VALUES ('197', '1A122010113', '1', 'A1N11-13', '1A12201', null, null, '1A842010113', null);
INSERT INTO `eth` VALUES ('198', '1A122010114', '1', 'A1N11-14', '1A12201', null, null, '1A842010114', null);
INSERT INTO `eth` VALUES ('199', '1A122010115', '1', 'A1N11-15', '1A12201', null, null, '1A842010115', null);
INSERT INTO `eth` VALUES ('200', '1A122010116', '1', 'A1N11-16', '1A12201', null, null, '1A842010116', null);
INSERT INTO `eth` VALUES ('201', '1A120010101', '1', 'A1N12-01', '1A12001', null, null, '1B132010101', null);
INSERT INTO `eth` VALUES ('202', '1A120010102', '1', 'A1N12-02', '1A12001', null, null, '1B132010102', null);
INSERT INTO `eth` VALUES ('203', '1A120010103', '1', 'A1N12-03', '1A12001', null, null, '1B132010103', null);
INSERT INTO `eth` VALUES ('204', '1A120010104', '1', 'A1N12-04', '1A12001', null, null, '1B132010104', null);
INSERT INTO `eth` VALUES ('205', '1A120010105', '1', 'A1N12-05', '1A12001', null, null, '1B132010105', null);
INSERT INTO `eth` VALUES ('206', '1A120010106', '1', 'A1N12-06', '1A12001', null, null, '1B132010106', null);
INSERT INTO `eth` VALUES ('207', '1A120010107', '1', 'A1N12-07', '1A12001', null, null, '1B132010107', null);
INSERT INTO `eth` VALUES ('208', '1A120010108', '1', 'A1N12-08', '1A12001', null, null, '1B132010108', null);
INSERT INTO `eth` VALUES ('209', '1A120010109', '1', 'A1N12-09', '1A12001', null, null, '1B132010109', null);
INSERT INTO `eth` VALUES ('210', '1A120010110', '1', 'A1N12-10', '1A12001', null, null, '1B132010110', null);
INSERT INTO `eth` VALUES ('211', '1A120010111', '1', 'A1N12-11', '1A12001', null, null, '1B132010111', null);
INSERT INTO `eth` VALUES ('212', '1A120010112', '1', 'A1N12-12', '1A12001', null, null, '1B132010112', null);
INSERT INTO `eth` VALUES ('213', '1A120010113', '1', 'A1N12-13', '1A12001', null, null, '1B132010113', null);
INSERT INTO `eth` VALUES ('214', '1A120010114', '1', 'A1N12-14', '1A12001', null, null, '1B132010114', null);
INSERT INTO `eth` VALUES ('215', '1A120010115', '1', 'A1N12-15', '1A12001', null, null, '1B132010115', null);
INSERT INTO `eth` VALUES ('216', '1A120010116', '1', 'A1N12-16', '1A12001', null, null, '1B132010116', null);
INSERT INTO `eth` VALUES ('217', '1A120010117', '1', 'A1N12-17', '1A12001', null, null, '1B132010117', null);
INSERT INTO `eth` VALUES ('218', '1A120010118', '1', 'A1N12-18', '1A12001', null, null, '1B132010118', null);
INSERT INTO `eth` VALUES ('219', '1A120010119', '1', 'A1N12-19', '1A12001', null, null, '1B132010119', null);
INSERT INTO `eth` VALUES ('220', '1A120010120', '1', 'A1N12-20', '1A12001', null, null, '1B132010120', null);
INSERT INTO `eth` VALUES ('221', '1A120010121', '1', 'A1N12-21', '1A12001', null, null, '1B132010121', null);
INSERT INTO `eth` VALUES ('222', '1A120010122', '1', 'A1N12-22', '1A12001', null, null, '1B132010122', null);
INSERT INTO `eth` VALUES ('223', '1A120010123', '1', 'A1N12-23', '1A12001', null, null, '1B132010123', null);
INSERT INTO `eth` VALUES ('224', '1A120010124', '1', 'A1N12-24', '1A12001', null, null, '1B132010124', null);
INSERT INTO `eth` VALUES ('225', '1A118010101', '1', 'A1N13-01', '1A11801', null, null, '1B130010101', null);
INSERT INTO `eth` VALUES ('226', '1A118010102', '1', 'A1N13-02', '1A11801', null, null, '1B130010102', null);
INSERT INTO `eth` VALUES ('227', '1A118010103', '1', 'A1N13-03', '1A11801', null, null, '1B130010103', null);
INSERT INTO `eth` VALUES ('228', '1A118010104', '1', 'A1N13-04', '1A11801', null, null, '1B130010104', null);
INSERT INTO `eth` VALUES ('229', '1A118010105', '1', 'A1N13-05', '1A11801', null, null, '1B130010105', null);
INSERT INTO `eth` VALUES ('230', '1A118010106', '1', 'A1N13-06', '1A11801', null, null, '1B130010106', null);
INSERT INTO `eth` VALUES ('231', '1A118010107', '1', 'A1N13-07', '1A11801', null, null, '1B130010107', null);
INSERT INTO `eth` VALUES ('232', '1A118010108', '1', 'A1N13-08', '1A11801', null, null, '1B130010108', null);
INSERT INTO `eth` VALUES ('233', '1A118010109', '1', 'A1N13-09', '1A11801', null, null, '1B130010109', null);
INSERT INTO `eth` VALUES ('234', '1A118010110', '1', 'A1N13-10', '1A11801', null, null, '1B130010110', null);
INSERT INTO `eth` VALUES ('235', '1A118010111', '1', 'A1N13-11', '1A11801', null, null, '1B130010111', null);
INSERT INTO `eth` VALUES ('236', '1A118010112', '1', 'A1N13-12', '1A11801', null, null, '1B130010112', null);
INSERT INTO `eth` VALUES ('237', '1A118010113', '1', 'A1N13-13', '1A11801', null, null, '1B130010113', null);
INSERT INTO `eth` VALUES ('238', '1A118010114', '1', 'A1N13-14', '1A11801', null, null, '1B130010114', null);
INSERT INTO `eth` VALUES ('239', '1A118010115', '1', 'A1N13-15', '1A11801', null, null, '1B130010115', null);
INSERT INTO `eth` VALUES ('240', '1A118010116', '1', 'A1N13-16', '1A11801', null, null, '1B130010116', null);
INSERT INTO `eth` VALUES ('241', '1A118010117', '1', 'A1N13-17', '1A11801', null, null, '1B130010117', null);
INSERT INTO `eth` VALUES ('242', '1A118010118', '1', 'A1N13-18', '1A11801', null, null, '1B130010118', null);
INSERT INTO `eth` VALUES ('243', '1A118010119', '1', 'A1N13-19', '1A11801', null, null, '1B130010119', null);
INSERT INTO `eth` VALUES ('244', '1A118010120', '1', 'A1N13-20', '1A11801', null, null, '1B130010120', null);
INSERT INTO `eth` VALUES ('245', '1A118010121', '1', 'A1N13-21', '1A11801', null, null, '1B130010121', null);
INSERT INTO `eth` VALUES ('246', '1A118010122', '1', 'A1N13-22', '1A11801', null, null, '1B130010122', null);
INSERT INTO `eth` VALUES ('247', '1A118010123', '1', 'A1N13-23', '1A11801', null, null, '1B130010123', null);
INSERT INTO `eth` VALUES ('248', '1A118010124', '1', 'A1N13-24', '1A11801', null, null, '1B130010124', null);
INSERT INTO `eth` VALUES ('249', '1A116010101', '1', 'A1N14-01', '1A11601', null, null, '1C118010101', null);
INSERT INTO `eth` VALUES ('250', '1A116010102', '1', 'A1N14-02', '1A11601', null, null, '1C118010102', null);
INSERT INTO `eth` VALUES ('251', '1A116010103', '1', 'A1N14-03', '1A11601', null, null, '1C118010103', null);
INSERT INTO `eth` VALUES ('252', '1A116010104', '1', 'A1N14-04', '1A11601', null, null, '1C118010104', null);
INSERT INTO `eth` VALUES ('253', '1A116010105', '1', 'A1N14-05', '1A11601', null, null, '1C118010105', null);
INSERT INTO `eth` VALUES ('254', '1A116010106', '1', 'A1N14-06', '1A11601', null, null, '1C118010106', null);
INSERT INTO `eth` VALUES ('255', '1A116010107', '1', 'A1N14-07', '1A11601', null, null, '1C118010107', null);
INSERT INTO `eth` VALUES ('256', '1A116010108', '1', 'A1N14-08', '1A11601', null, null, '1C118010108', null);
INSERT INTO `eth` VALUES ('257', '1A116010109', '1', 'A1N14-09', '1A11601', null, null, '1C118010109', null);
INSERT INTO `eth` VALUES ('258', '1A116010110', '1', 'A1N14-10', '1A11601', null, null, '1C118010110', null);
INSERT INTO `eth` VALUES ('259', '1A116010111', '1', 'A1N14-11', '1A11601', null, null, '1C118010111', null);
INSERT INTO `eth` VALUES ('260', '1A116010112', '1', 'A1N14-12', '1A11601', null, null, '1C118010112', null);
INSERT INTO `eth` VALUES ('261', '1A116010113', '1', 'A1N14-13', '1A11601', null, null, '1D134010101', null);
INSERT INTO `eth` VALUES ('262', '1A116010114', '1', 'A1N14-14', '1A11601', null, null, '1D134010102', null);
INSERT INTO `eth` VALUES ('263', '1A116010115', '1', 'A1N14-15', '1A11601', null, null, '1D134010103', null);
INSERT INTO `eth` VALUES ('264', '1A116010116', '1', 'A1N14-16', '1A11601', null, null, '1D134010104', null);
INSERT INTO `eth` VALUES ('265', '1A116010117', '1', 'A1N14-17', '1A11601', null, null, '1D134010105', null);
INSERT INTO `eth` VALUES ('266', '1A116010118', '1', 'A1N14-18', '1A11601', null, null, '1D134010106', null);
INSERT INTO `eth` VALUES ('267', '1A116010119', '1', 'A1N14-19', '1A11601', null, null, '1D134010107', null);
INSERT INTO `eth` VALUES ('268', '1A116010120', '1', 'A1N14-20', '1A11601', null, null, '1D134010108', null);
INSERT INTO `eth` VALUES ('269', '1A116010121', '1', 'A1N14-21', '1A11601', null, null, '1D134010109', null);
INSERT INTO `eth` VALUES ('270', '1A116010122', '1', 'A1N14-22', '1A11601', null, null, '1D134010110', null);
INSERT INTO `eth` VALUES ('271', '1A116010123', '1', 'A1N14-23', '1A11601', null, null, '1D134010111', null);
INSERT INTO `eth` VALUES ('272', '1A116010124', '1', 'A1N14-24', '1A11601', null, null, '1D134010112', null);
INSERT INTO `eth` VALUES ('273', '1A114010101', '1', 'A1N15-01', '1A11401', null, null, '1E128010101', null);
INSERT INTO `eth` VALUES ('274', '1A114010102', '1', 'A1N15-02', '1A11401', null, null, '1E128010102', null);
INSERT INTO `eth` VALUES ('275', '1A114010103', '1', 'A1N15-03', '1A11401', null, null, '1E128010103', null);
INSERT INTO `eth` VALUES ('276', '1A114010104', '1', 'A1N15-04', '1A11401', null, null, '1E128010104', null);
INSERT INTO `eth` VALUES ('277', '1A114010105', '1', 'A1N15-05', '1A11401', null, null, '1E128010105', null);
INSERT INTO `eth` VALUES ('278', '1A114010106', '1', 'A1N15-06', '1A11401', null, null, '1E128010106', null);
INSERT INTO `eth` VALUES ('279', '1A114010107', '1', 'A1N15-07', '1A11401', null, null, '1E128010107', null);
INSERT INTO `eth` VALUES ('280', '1A114010108', '1', 'A1N15-08', '1A11401', null, null, '1E128010108', null);
INSERT INTO `eth` VALUES ('281', '1A114010109', '1', 'A1N15-09', '1A11401', null, null, '1E128010109', null);
INSERT INTO `eth` VALUES ('282', '1A114010110', '1', 'A1N15-10', '1A11401', null, null, '1E128010110', null);
INSERT INTO `eth` VALUES ('283', '1A114010111', '1', 'A1N15-11', '1A11401', null, null, '1E128010111', null);
INSERT INTO `eth` VALUES ('284', '1A114010112', '1', 'A1N15-12', '1A11401', null, null, '1E128010112', null);
INSERT INTO `eth` VALUES ('285', '1A114010113', '1', 'A1N15-13', '1A11401', null, null, '1A942010101', null);
INSERT INTO `eth` VALUES ('286', '1A114010114', '1', 'A1N15-14', '1A11401', null, null, '1A942010102', null);
INSERT INTO `eth` VALUES ('287', '1A114010115', '1', 'A1N15-15', '1A11401', null, null, '1A942010103', null);
INSERT INTO `eth` VALUES ('288', '1A114010116', '1', 'A1N15-16', '1A11401', null, null, '1A942010104', null);
INSERT INTO `eth` VALUES ('289', '1A114010117', '1', 'A1N15-17', '1A11401', null, null, '1A942010105', null);
INSERT INTO `eth` VALUES ('290', '1A114010118', '1', 'A1N15-18', '1A11401', null, null, '1A942010106', null);
INSERT INTO `eth` VALUES ('291', '1A242010101', '1', 'A2N01-01', '1A24201', null, null, '1A142010101', null);
INSERT INTO `eth` VALUES ('292', '1A242010102', '1', 'A2N01-02', '1A24201', null, null, '1A142010102', null);
INSERT INTO `eth` VALUES ('293', '1A242010103', '1', 'A2N01-03', '1A24201', null, null, '1A142010103', null);
INSERT INTO `eth` VALUES ('294', '1A242010104', '1', 'A2N01-04', '1A24201', null, null, '1A142010104', null);
INSERT INTO `eth` VALUES ('295', '1A242010105', '1', 'A2N01-05', '1A24201', null, null, '1A142010105', null);
INSERT INTO `eth` VALUES ('296', '1A242010106', '1', 'A2N01-06', '1A24201', null, null, '1A142010106', null);
INSERT INTO `eth` VALUES ('297', '1A242010107', '1', 'A2N01-07', '1A24201', null, null, '1A142010107', null);
INSERT INTO `eth` VALUES ('298', '1A242010108', '1', 'A2N01-08', '1A24201', null, null, '1A142010108', null);
INSERT INTO `eth` VALUES ('299', '1A242010109', '1', 'A2N01-09', '1A24201', null, null, '1A142010109', null);
INSERT INTO `eth` VALUES ('300', '1A242010110', '1', 'A2N01-10', '1A24201', null, null, '1A142010110', null);
INSERT INTO `eth` VALUES ('301', '1A242010111', '1', 'A2N01-11', '1A24201', null, null, '1A142010111', null);
INSERT INTO `eth` VALUES ('302', '1A242010112', '1', 'A2N01-12', '1A24201', null, null, '1A142010112', null);
INSERT INTO `eth` VALUES ('303', '1A242010113', '1', 'A2N01-13', '1A24201', null, null, '1A142010113', null);
INSERT INTO `eth` VALUES ('304', '1A242010114', '1', 'A2N01-14', '1A24201', null, null, '1A142010114', null);
INSERT INTO `eth` VALUES ('305', '1A242010115', '1', 'A2N01-15', '1A24201', null, null, '1A142010115', null);
INSERT INTO `eth` VALUES ('306', '1A242010116', '1', 'A2N01-16', '1A24201', null, null, '1A142010116', null);
INSERT INTO `eth` VALUES ('307', '1A242010117', '1', 'A2N01-17', '1A24201', null, null, '1A142010117', null);
INSERT INTO `eth` VALUES ('308', '1A242010118', '1', 'A2N01-18', '1A24201', null, null, '1A142010118', null);
INSERT INTO `eth` VALUES ('309', '1A242010119', '1', 'A2N01-19', '1A24201', null, null, '1A142010119', null);
INSERT INTO `eth` VALUES ('310', '1A242010120', '1', 'A2N01-20', '1A24201', null, null, '1A142010120', null);
INSERT INTO `eth` VALUES ('311', '1A242010121', '1', 'A2N01-21', '1A24201', null, null, '1A142010121', null);
INSERT INTO `eth` VALUES ('312', '1A242010122', '1', 'A2N01-22', '1A24201', null, null, '1A142010122', null);
INSERT INTO `eth` VALUES ('313', '1A242010123', '1', 'A2N01-23', '1A24201', null, null, '1A142010123', null);
INSERT INTO `eth` VALUES ('314', '1A242010124', '1', 'A2N01-24', '1A24201', null, null, '1A142010124', null);
INSERT INTO `eth` VALUES ('315', '1A240010101', '1', 'A2N02-01', '1A24001', null, null, '1A140010101', null);
INSERT INTO `eth` VALUES ('316', '1A240010102', '1', 'A2N02-02', '1A24001', null, null, '1A140010102', null);
INSERT INTO `eth` VALUES ('317', '1A240010103', '1', 'A2N02-03', '1A24001', null, null, '1A140010103', null);
INSERT INTO `eth` VALUES ('318', '1A240010104', '1', 'A2N02-04', '1A24001', null, null, '1A140010104', null);
INSERT INTO `eth` VALUES ('319', '1A240010105', '1', 'A2N02-05', '1A24001', null, null, '1A140010105', null);
INSERT INTO `eth` VALUES ('320', '1A240010106', '1', 'A2N02-06', '1A24001', null, null, '1A140010106', null);
INSERT INTO `eth` VALUES ('321', '1A240010107', '1', 'A2N02-07', '1A24001', null, null, '1A140010107', null);
INSERT INTO `eth` VALUES ('322', '1A240010108', '1', 'A2N02-08', '1A24001', null, null, '1A140010108', null);
INSERT INTO `eth` VALUES ('323', '1A240010109', '1', 'A2N02-09', '1A24001', null, null, '1A140010109', null);
INSERT INTO `eth` VALUES ('324', '1A240010110', '1', 'A2N02-10', '1A24001', null, null, '1A140010110', null);
INSERT INTO `eth` VALUES ('325', '1A240010111', '1', 'A2N02-11', '1A24001', null, null, '1A140010111', null);
INSERT INTO `eth` VALUES ('326', '1A240010112', '1', 'A2N02-12', '1A24001', null, null, '1A140010112', null);
INSERT INTO `eth` VALUES ('327', '1A240010113', '1', 'A2N02-13', '1A24001', null, null, '1A140010113', null);
INSERT INTO `eth` VALUES ('328', '1A240010114', '1', 'A2N02-14', '1A24001', null, null, '1A140010114', null);
INSERT INTO `eth` VALUES ('329', '1A240010115', '1', 'A2N02-15', '1A24001', null, null, '1A140010115', null);
INSERT INTO `eth` VALUES ('330', '1A240010116', '1', 'A2N02-16', '1A24001', null, null, '1A140010116', null);
INSERT INTO `eth` VALUES ('331', '1A240010117', '1', 'A2N02-17', '1A24001', null, null, '1A140010117', null);
INSERT INTO `eth` VALUES ('332', '1A240010118', '1', 'A2N02-18', '1A24001', null, null, '1A140010118', null);
INSERT INTO `eth` VALUES ('333', '1A240010119', '1', 'A2N02-19', '1A24001', null, null, '1A140010119', null);
INSERT INTO `eth` VALUES ('334', '1A240010120', '1', 'A2N02-20', '1A24001', null, null, '1A140010120', null);
INSERT INTO `eth` VALUES ('335', '1A240010121', '1', 'A2N02-21', '1A24001', null, null, '1A140010121', null);
INSERT INTO `eth` VALUES ('336', '1A240010122', '1', 'A2N02-22', '1A24001', null, null, '1A140010122', null);
INSERT INTO `eth` VALUES ('337', '1A240010123', '1', 'A2N02-23', '1A24001', null, null, '1A140010123', null);
INSERT INTO `eth` VALUES ('338', '1A240010124', '1', 'A2N02-24', '1A24001', null, null, '1A140010124', null);
INSERT INTO `eth` VALUES ('339', '1A238010101', '1', 'A2N03-01', '1A23801', null, null, '1A138010101', null);
INSERT INTO `eth` VALUES ('340', '1A238010102', '1', 'A2N03-02', '1A23801', null, null, '1A138010102', null);
INSERT INTO `eth` VALUES ('341', '1A238010103', '1', 'A2N03-03', '1A23801', null, null, '1A138010103', null);
INSERT INTO `eth` VALUES ('342', '1A238010104', '1', 'A2N03-04', '1A23801', null, null, '1A138010104', null);
INSERT INTO `eth` VALUES ('343', '1A238010105', '1', 'A2N03-05', '1A23801', null, null, '1A138010105', null);
INSERT INTO `eth` VALUES ('344', '1A238010106', '1', 'A2N03-06', '1A23801', null, null, '1A138010106', null);
INSERT INTO `eth` VALUES ('345', '1A238010107', '1', 'A2N03-07', '1A23801', null, null, '1A138010107', null);
INSERT INTO `eth` VALUES ('346', '1A238010108', '1', 'A2N03-08', '1A23801', null, null, '1A138010108', null);
INSERT INTO `eth` VALUES ('347', '1A238010109', '1', 'A2N03-09', '1A23801', null, null, '1A138010109', null);
INSERT INTO `eth` VALUES ('348', '1A238010110', '1', 'A2N03-10', '1A23801', null, null, '1A138010110', null);
INSERT INTO `eth` VALUES ('349', '1A238010111', '1', 'A2N03-11', '1A23801', null, null, '1A138010111', null);
INSERT INTO `eth` VALUES ('350', '1A238010112', '1', 'A2N03-12', '1A23801', null, null, '1A138010112', null);
INSERT INTO `eth` VALUES ('351', '1A342010101', '1', 'A3N01-01', '1A34201', null, null, '1A136010101', null);
INSERT INTO `eth` VALUES ('352', '1A342010102', '1', 'A3N01-02', '1A34201', null, null, '1A136010102', null);
INSERT INTO `eth` VALUES ('353', '1A342010103', '1', 'A3N01-03', '1A34201', null, null, '1A136010103', null);
INSERT INTO `eth` VALUES ('354', '1A342010104', '1', 'A3N01-04', '1A34201', null, null, '1A136010104', null);
INSERT INTO `eth` VALUES ('355', '1A342010105', '1', 'A3N01-05', '1A34201', null, null, '1A136010105', null);
INSERT INTO `eth` VALUES ('356', '1A342010106', '1', 'A3N01-06', '1A34201', null, null, '1A136010106', null);
INSERT INTO `eth` VALUES ('357', '1A342010107', '1', 'A3N01-07', '1A34201', null, null, '1A136010107', null);
INSERT INTO `eth` VALUES ('358', '1A342010108', '1', 'A3N01-08', '1A34201', null, null, '1A136010108', null);
INSERT INTO `eth` VALUES ('359', '1A342010109', '1', 'A3N01-09', '1A34201', null, null, '1A136010109', null);
INSERT INTO `eth` VALUES ('360', '1A342010110', '1', 'A3N01-10', '1A34201', null, null, '1A136010110', null);
INSERT INTO `eth` VALUES ('361', '1A342010111', '1', 'A3N01-11', '1A34201', null, null, '1A136010111', null);
INSERT INTO `eth` VALUES ('362', '1A342010112', '1', 'A3N01-12', '1A34201', null, null, '1A136010112', null);
INSERT INTO `eth` VALUES ('363', '1A342010113', '1', 'A3N01-13', '1A34201', null, null, '1A136010113', null);
INSERT INTO `eth` VALUES ('364', '1A342010114', '1', 'A3N01-14', '1A34201', null, null, '1A136010114', null);
INSERT INTO `eth` VALUES ('365', '1A342010115', '1', 'A3N01-15', '1A34201', null, null, '1A136010115', null);
INSERT INTO `eth` VALUES ('366', '1A342010116', '1', 'A3N01-16', '1A34201', null, null, '1A136010116', null);
INSERT INTO `eth` VALUES ('367', '1A342010117', '1', 'A3N01-17', '1A34201', null, null, '1A136010117', null);
INSERT INTO `eth` VALUES ('368', '1A342010118', '1', 'A3N01-18', '1A34201', null, null, '1A136010118', null);
INSERT INTO `eth` VALUES ('369', '1A342010119', '1', 'A3N01-19', '1A34201', null, null, '1A136010119', null);
INSERT INTO `eth` VALUES ('370', '1A342010120', '1', 'A3N01-20', '1A34201', null, null, '1A136010120', null);
INSERT INTO `eth` VALUES ('371', '1A342010121', '1', 'A3N01-21', '1A34201', null, null, '1A136010121', null);
INSERT INTO `eth` VALUES ('372', '1A342010122', '1', 'A3N01-22', '1A34201', null, null, '1A136010122', null);
INSERT INTO `eth` VALUES ('373', '1A342010123', '1', 'A3N01-23', '1A34201', null, null, '1A136010123', null);
INSERT INTO `eth` VALUES ('374', '1A342010124', '1', 'A3N01-24', '1A34201', null, null, '1A136010124', null);
INSERT INTO `eth` VALUES ('375', '1A340010101', '1', 'A3N02-01', '1A34001', null, null, '1A134010101', null);
INSERT INTO `eth` VALUES ('376', '1A340010102', '1', 'A3N02-02', '1A34001', null, null, '1A134010102', null);
INSERT INTO `eth` VALUES ('377', '1A340010103', '1', 'A3N02-03', '1A34001', null, null, '1A134010103', null);
INSERT INTO `eth` VALUES ('378', '1A340010104', '1', 'A3N02-04', '1A34001', null, null, '1A134010104', null);
INSERT INTO `eth` VALUES ('379', '1A340010105', '1', 'A3N02-05', '1A34001', null, null, '1A134010105', null);
INSERT INTO `eth` VALUES ('380', '1A340010106', '1', 'A3N02-06', '1A34001', null, null, '1A134010106', null);
INSERT INTO `eth` VALUES ('381', '1A340010107', '1', 'A3N02-07', '1A34001', null, null, '1A134010107', null);
INSERT INTO `eth` VALUES ('382', '1A340010108', '1', 'A3N02-08', '1A34001', null, null, '1A134010108', null);
INSERT INTO `eth` VALUES ('383', '1A340010109', '1', 'A3N02-09', '1A34001', null, null, '1A134010109', null);
INSERT INTO `eth` VALUES ('384', '1A340010110', '1', 'A3N02-10', '1A34001', null, null, '1A134010110', null);
INSERT INTO `eth` VALUES ('385', '1A340010111', '1', 'A3N02-11', '1A34001', null, null, '1A134010111', null);
INSERT INTO `eth` VALUES ('386', '1A340010112', '1', 'A3N02-12', '1A34001', null, null, '1A134010112', null);
INSERT INTO `eth` VALUES ('387', '1A340010113', '1', 'A3N02-13', '1A34001', null, null, '1A134010113', null);
INSERT INTO `eth` VALUES ('388', '1A340010114', '1', 'A3N02-14', '1A34001', null, null, '1A134010114', null);
INSERT INTO `eth` VALUES ('389', '1A340010115', '1', 'A3N02-15', '1A34001', null, null, '1A134010115', null);
INSERT INTO `eth` VALUES ('390', '1A340010116', '1', 'A3N02-16', '1A34001', null, null, '1A134010116', null);
INSERT INTO `eth` VALUES ('391', '1A340010117', '1', 'A3N02-17', '1A34001', null, null, '1A134010117', null);
INSERT INTO `eth` VALUES ('392', '1A340010118', '1', 'A3N02-18', '1A34001', null, null, '1A134010118', null);
INSERT INTO `eth` VALUES ('393', '1A340010119', '1', 'A3N02-19', '1A34001', null, null, '1A134010119', null);
INSERT INTO `eth` VALUES ('394', '1A340010120', '1', 'A3N02-20', '1A34001', null, null, '1A134010120', null);
INSERT INTO `eth` VALUES ('395', '1A340010121', '1', 'A3N02-21', '1A34001', null, null, '1A134010121', null);
INSERT INTO `eth` VALUES ('396', '1A340010122', '1', 'A3N02-22', '1A34001', null, null, '1A134010122', null);
INSERT INTO `eth` VALUES ('397', '1A340010123', '1', 'A3N02-23', '1A34001', null, null, '1A134010123', null);
INSERT INTO `eth` VALUES ('398', '1A340010124', '1', 'A3N02-24', '1A34001', null, null, '1A134010124', null);
INSERT INTO `eth` VALUES ('399', '1A338010101', '1', 'A3N03-01', '1A33801', null, null, '1A132010101', null);
INSERT INTO `eth` VALUES ('400', '1A338010102', '1', 'A3N03-02', '1A33801', null, null, '1A132010102', null);
INSERT INTO `eth` VALUES ('401', '1A338010103', '1', 'A3N03-03', '1A33801', null, null, '1A132010103', null);
INSERT INTO `eth` VALUES ('402', '1A338010104', '1', 'A3N03-04', '1A33801', null, null, '1A132010104', null);
INSERT INTO `eth` VALUES ('403', '1A338010105', '1', 'A3N03-05', '1A33801', null, null, '1A132010105', null);
INSERT INTO `eth` VALUES ('404', '1A338010106', '1', 'A3N03-06', '1A33801', null, null, '1A132010106', null);
INSERT INTO `eth` VALUES ('405', '1A338010107', '1', 'A3N03-07', '1A33801', null, null, '1A132010107', null);
INSERT INTO `eth` VALUES ('406', '1A338010108', '1', 'A3N03-08', '1A33801', null, null, '1A132010108', null);
INSERT INTO `eth` VALUES ('407', '1A338010109', '1', 'A3N03-09', '1A33801', null, null, '1A132010109', null);
INSERT INTO `eth` VALUES ('408', '1A338010110', '1', 'A3N03-10', '1A33801', null, null, '1A132010110', null);
INSERT INTO `eth` VALUES ('409', '1A338010111', '1', 'A3N03-11', '1A33801', null, null, '1A132010111', null);
INSERT INTO `eth` VALUES ('410', '1A338010112', '1', 'A3N03-12', '1A33801', null, null, '1A132010112', null);
INSERT INTO `eth` VALUES ('411', '1A442010101', '1', 'A4N01-01', '1A44201', null, null, '1A130010101', null);
INSERT INTO `eth` VALUES ('412', '1A442010102', '1', 'A4N01-02', '1A44201', null, null, '1A130010102', null);
INSERT INTO `eth` VALUES ('413', '1A442010103', '1', 'A4N01-03', '1A44201', null, null, '1A130010103', null);
INSERT INTO `eth` VALUES ('414', '1A442010104', '1', 'A4N01-04', '1A44201', null, null, '1A130010104', null);
INSERT INTO `eth` VALUES ('415', '1A442010105', '1', 'A4N01-05', '1A44201', null, null, '1A130010105', null);
INSERT INTO `eth` VALUES ('416', '1A442010106', '1', 'A4N01-06', '1A44201', null, null, '1A130010106', null);
INSERT INTO `eth` VALUES ('417', '1A442010107', '1', 'A4N01-07', '1A44201', null, null, '1A130010107', null);
INSERT INTO `eth` VALUES ('418', '1A442010108', '1', 'A4N01-08', '1A44201', null, null, '1A130010108', null);
INSERT INTO `eth` VALUES ('419', '1A442010109', '1', 'A4N01-09', '1A44201', null, null, '1A130010109', null);
INSERT INTO `eth` VALUES ('420', '1A442010110', '1', 'A4N01-10', '1A44201', null, null, '1A130010110', null);
INSERT INTO `eth` VALUES ('421', '1A442010111', '1', 'A4N01-11', '1A44201', null, null, '1A130010111', null);
INSERT INTO `eth` VALUES ('422', '1A442010112', '1', 'A4N01-12', '1A44201', null, null, '1A130010112', null);
INSERT INTO `eth` VALUES ('423', '1A442010113', '1', 'A4N01-13', '1A44201', null, null, '1A130010113', null);
INSERT INTO `eth` VALUES ('424', '1A442010114', '1', 'A4N01-14', '1A44201', null, null, '1A130010114', null);
INSERT INTO `eth` VALUES ('425', '1A442010115', '1', 'A4N01-15', '1A44201', null, null, '1A130010115', null);
INSERT INTO `eth` VALUES ('426', '1A442010116', '1', 'A4N01-16', '1A44201', null, null, '1A130010116', null);
INSERT INTO `eth` VALUES ('427', '1A542010101', '1', 'A5N01-01', '1A54201', null, null, '1A128010101', null);
INSERT INTO `eth` VALUES ('428', '1A542010102', '1', 'A5N01-02', '1A54201', null, null, '1A128010102', null);
INSERT INTO `eth` VALUES ('429', '1A542010103', '1', 'A5N01-03', '1A54201', null, null, '1A128010103', null);
INSERT INTO `eth` VALUES ('430', '1A542010104', '1', 'A5N01-04', '1A54201', null, null, '1A128010104', null);
INSERT INTO `eth` VALUES ('431', '1A542010105', '1', 'A5N01-05', '1A54201', null, null, '1A128010105', null);
INSERT INTO `eth` VALUES ('432', '1A542010106', '1', 'A5N01-06', '1A54201', null, null, '1A128010106', null);
INSERT INTO `eth` VALUES ('433', '1A542010107', '1', 'A5N01-07', '1A54201', null, null, '1A128010107', null);
INSERT INTO `eth` VALUES ('434', '1A542010108', '1', 'A5N01-08', '1A54201', null, null, '1A128010108', null);
INSERT INTO `eth` VALUES ('435', '1A542010109', '1', 'A5N01-09', '1A54201', null, null, '1A128010109', null);
INSERT INTO `eth` VALUES ('436', '1A542010110', '1', 'A5N01-10', '1A54201', null, null, '1A128010110', null);
INSERT INTO `eth` VALUES ('437', '1A542010111', '1', 'A5N01-11', '1A54201', null, null, '1A128010111', null);
INSERT INTO `eth` VALUES ('438', '1A542010112', '1', 'A5N01-12', '1A54201', null, null, '1A128010112', null);
INSERT INTO `eth` VALUES ('439', '1A542010113', '1', 'A5N01-13', '1A54201', null, null, '1A128010113', null);
INSERT INTO `eth` VALUES ('440', '1A542010114', '1', 'A5N01-14', '1A54201', null, null, '1A128010114', null);
INSERT INTO `eth` VALUES ('441', '1A542010115', '1', 'A5N01-15', '1A54201', null, null, '1A128010115', null);
INSERT INTO `eth` VALUES ('442', '1A542010116', '1', 'A5N01-16', '1A54201', null, null, '1A128010116', null);
INSERT INTO `eth` VALUES ('443', '1A642010101', '1', 'A6N01-01', '1A64201', null, null, '1A126010101', null);
INSERT INTO `eth` VALUES ('444', '1A642010102', '1', 'A6N01-02', '1A64201', null, null, '1A126010102', null);
INSERT INTO `eth` VALUES ('445', '1A642010103', '1', 'A6N01-03', '1A64201', null, null, '1A126010103', null);
INSERT INTO `eth` VALUES ('446', '1A642010104', '1', 'A6N01-04', '1A64201', null, null, '1A126010104', null);
INSERT INTO `eth` VALUES ('447', '1A642010105', '1', 'A6N01-05', '1A64201', null, null, '1A126010105', null);
INSERT INTO `eth` VALUES ('448', '1A642010106', '1', 'A6N01-06', '1A64201', null, null, '1A126010106', null);
INSERT INTO `eth` VALUES ('449', '1A642010107', '1', 'A6N01-07', '1A64201', null, null, '1A126010107', null);
INSERT INTO `eth` VALUES ('450', '1A642010108', '1', 'A6N01-08', '1A64201', null, null, '1A126010108', null);
INSERT INTO `eth` VALUES ('451', '1A642010109', '1', 'A6N01-09', '1A64201', null, null, '1A126010109', null);
INSERT INTO `eth` VALUES ('452', '1A642010110', '1', 'A6N01-10', '1A64201', null, null, '1A126010110', null);
INSERT INTO `eth` VALUES ('453', '1A642010111', '1', 'A6N01-11', '1A64201', null, null, '1A126010111', null);
INSERT INTO `eth` VALUES ('454', '1A642010112', '1', 'A6N01-12', '1A64201', null, null, '1A126010112', null);
INSERT INTO `eth` VALUES ('455', '1A642010113', '1', 'A6N01-13', '1A64201', null, null, '1A126010113', null);
INSERT INTO `eth` VALUES ('456', '1A642010114', '1', 'A6N01-14', '1A64201', null, null, '1A126010114', null);
INSERT INTO `eth` VALUES ('457', '1A642010115', '1', 'A6N01-15', '1A64201', null, null, '1A126010115', null);
INSERT INTO `eth` VALUES ('458', '1A642010116', '1', 'A6N01-16', '1A64201', null, null, '1A126010116', null);
INSERT INTO `eth` VALUES ('459', '1A742010101', '1', 'A7N01-01', '1A74201', null, null, '1A124010101', null);
INSERT INTO `eth` VALUES ('460', '1A742010102', '1', 'A7N01-02', '1A74201', null, null, '1A124010102', null);
INSERT INTO `eth` VALUES ('461', '1A742010103', '1', 'A7N01-03', '1A74201', null, null, '1A124010103', null);
INSERT INTO `eth` VALUES ('462', '1A742010104', '1', 'A7N01-04', '1A74201', null, null, '1A124010104', null);
INSERT INTO `eth` VALUES ('463', '1A742010105', '1', 'A7N01-05', '1A74201', null, null, '1A124010105', null);
INSERT INTO `eth` VALUES ('464', '1A742010106', '1', 'A7N01-06', '1A74201', null, null, '1A124010106', null);
INSERT INTO `eth` VALUES ('465', '1A742010107', '1', 'A7N01-07', '1A74201', null, null, '1A124010107', null);
INSERT INTO `eth` VALUES ('466', '1A742010108', '1', 'A7N01-08', '1A74201', null, null, '1A124010108', null);
INSERT INTO `eth` VALUES ('467', '1A742010109', '1', 'A7N01-09', '1A74201', null, null, '1A124010109', null);
INSERT INTO `eth` VALUES ('468', '1A742010110', '1', 'A7N01-10', '1A74201', null, null, '1A124010110', null);
INSERT INTO `eth` VALUES ('469', '1A742010111', '1', 'A7N01-11', '1A74201', null, null, '1A124010111', null);
INSERT INTO `eth` VALUES ('470', '1A742010112', '1', 'A7N01-12', '1A74201', null, null, '1A124010112', null);
INSERT INTO `eth` VALUES ('471', '1A742010113', '1', 'A7N01-13', '1A74201', null, null, '1A124010113', null);
INSERT INTO `eth` VALUES ('472', '1A742010114', '1', 'A7N01-14', '1A74201', null, null, '1A124010114', null);
INSERT INTO `eth` VALUES ('473', '1A742010115', '1', 'A7N01-15', '1A74201', null, null, '1A124010115', null);
INSERT INTO `eth` VALUES ('474', '1A742010116', '1', 'A7N01-16', '1A74201', null, null, '1A124010116', null);
INSERT INTO `eth` VALUES ('475', '1A842010101', '1', 'A8N01-01', '1A84201', null, null, '1A122010101', null);
INSERT INTO `eth` VALUES ('476', '1A842010102', '1', 'A8N01-02', '1A84201', null, null, '1A122010102', null);
INSERT INTO `eth` VALUES ('477', '1A842010103', '1', 'A8N01-03', '1A84201', null, null, '1A122010103', null);
INSERT INTO `eth` VALUES ('478', '1A842010104', '1', 'A8N01-04', '1A84201', null, null, '1A122010104', null);
INSERT INTO `eth` VALUES ('479', '1A842010105', '1', 'A8N01-05', '1A84201', null, null, '1A122010105', null);
INSERT INTO `eth` VALUES ('480', '1A842010106', '1', 'A8N01-06', '1A84201', null, null, '1A122010106', null);
INSERT INTO `eth` VALUES ('481', '1A842010107', '1', 'A8N01-07', '1A84201', null, null, '1A122010107', null);
INSERT INTO `eth` VALUES ('482', '1A842010108', '1', 'A8N01-08', '1A84201', null, null, '1A122010108', null);
INSERT INTO `eth` VALUES ('483', '1A842010109', '1', 'A8N01-09', '1A84201', null, null, '1A122010109', null);
INSERT INTO `eth` VALUES ('484', '1A842010110', '1', 'A8N01-10', '1A84201', null, null, '1A122010110', null);
INSERT INTO `eth` VALUES ('485', '1A842010111', '1', 'A8N01-11', '1A84201', null, null, '1A122010111', null);
INSERT INTO `eth` VALUES ('486', '1A842010112', '1', 'A8N01-12', '1A84201', null, null, '1A122010112', null);
INSERT INTO `eth` VALUES ('487', '1A842010113', '1', 'A8N01-13', '1A84201', null, null, '1A122010113', null);
INSERT INTO `eth` VALUES ('488', '1A842010114', '1', 'A8N01-14', '1A84201', null, null, '1A122010114', null);
INSERT INTO `eth` VALUES ('489', '1A842010115', '1', 'A8N01-15', '1A84201', null, null, '1A122010115', null);
INSERT INTO `eth` VALUES ('490', '1A842010116', '1', 'A8N01-16', '1A84201', null, null, '1A122010116', null);
INSERT INTO `eth` VALUES ('491', '1A942010101', '1', 'A9N01-01', '1A94201', null, null, '1A114010113', null);
INSERT INTO `eth` VALUES ('492', '1A942010102', '1', 'A9N01-02', '1A94201', null, null, '1A114010114', null);
INSERT INTO `eth` VALUES ('493', '1A942010103', '1', 'A9N01-03', '1A94201', null, null, '1A114010115', null);
INSERT INTO `eth` VALUES ('494', '1A942010104', '1', 'A9N01-04', '1A94201', null, null, '1A114010116', null);
INSERT INTO `eth` VALUES ('495', '1A942010105', '1', 'A9N01-05', '1A94201', null, null, '1A114010117', null);
INSERT INTO `eth` VALUES ('496', '1A942010106', '1', 'A9N01-06', '1A94201', null, null, '1A114010118', null);
INSERT INTO `eth` VALUES ('497', '1B142010101', '1', 'B1N01-01', '1B14201', null, null, '1B242010101', null);
INSERT INTO `eth` VALUES ('498', '1B142010102', '1', 'B1N01-02', '1B14201', null, null, '1B242010102', null);
INSERT INTO `eth` VALUES ('499', '1B142010103', '1', 'B1N01-03', '1B14201', null, null, '1B242010103', null);
INSERT INTO `eth` VALUES ('500', '1B142010104', '1', 'B1N01-04', '1B14201', null, null, '1B242010104', null);
INSERT INTO `eth` VALUES ('501', '1B142010105', '1', 'B1N01-05', '1B14201', null, null, '1B242010105', null);
INSERT INTO `eth` VALUES ('502', '1B142010106', '1', 'B1N01-06', '1B14201', null, null, '1B242010106', null);
INSERT INTO `eth` VALUES ('503', '1B142010107', '1', 'B1N01-07', '1B14201', null, null, '1B242010107', null);
INSERT INTO `eth` VALUES ('504', '1B142010108', '1', 'B1N01-08', '1B14201', null, null, '1B242010108', null);
INSERT INTO `eth` VALUES ('505', '1B142010109', '1', 'B1N01-09', '1B14201', null, null, '1B242010109', null);
INSERT INTO `eth` VALUES ('506', '1B142010110', '1', 'B1N01-10', '1B14201', null, null, '1B242010110', null);
INSERT INTO `eth` VALUES ('507', '1B142010111', '1', 'B1N01-11', '1B14201', null, null, '1B242010111', null);
INSERT INTO `eth` VALUES ('508', '1B142010112', '1', 'B1N01-12', '1B14201', null, null, '1B242010112', null);
INSERT INTO `eth` VALUES ('509', '1B142010113', '1', 'B1N01-13', '1B14201', null, null, '1B342010101', null);
INSERT INTO `eth` VALUES ('510', '1B142010114', '1', 'B1N01-14', '1B14201', null, null, '1B342010102', null);
INSERT INTO `eth` VALUES ('511', '1B142010115', '1', 'B1N01-15', '1B14201', null, null, '1B342010103', null);
INSERT INTO `eth` VALUES ('512', '1B142010116', '1', 'B1N01-16', '1B14201', null, null, '1B342010104', null);
INSERT INTO `eth` VALUES ('513', '1B142010117', '1', 'B1N01-17', '1B14201', null, null, '1B342010105', null);
INSERT INTO `eth` VALUES ('514', '1B142010118', '1', 'B1N01-18', '1B14201', null, null, '1B342010106', null);
INSERT INTO `eth` VALUES ('515', '1B142010119', '1', 'B1N01-19', '1B14201', null, null, '1B342010107', null);
INSERT INTO `eth` VALUES ('516', '1B142010120', '1', 'B1N01-20', '1B14201', null, null, '1B342010108', null);
INSERT INTO `eth` VALUES ('517', '1B142010121', '1', 'B1N01-21', '1B14201', null, null, '1B342010109', null);
INSERT INTO `eth` VALUES ('518', '1B142010122', '1', 'B1N01-22', '1B14201', null, null, '1B342010110', null);
INSERT INTO `eth` VALUES ('519', '1B142010123', '1', 'B1N01-23', '1B14201', null, null, '1B342010111', null);
INSERT INTO `eth` VALUES ('520', '1B142010124', '1', 'B1N01-24', '1B14201', null, null, '1B342010112', null);
INSERT INTO `eth` VALUES ('521', '1B140010101', '1', 'B1N02-01', '1B14001', null, null, '1B442010101', null);
INSERT INTO `eth` VALUES ('522', '1B140010102', '1', 'B1N02-02', '1B14001', null, null, '1B442010102', null);
INSERT INTO `eth` VALUES ('523', '1B140010103', '1', 'B1N02-03', '1B14001', null, null, '1B442010103', null);
INSERT INTO `eth` VALUES ('524', '1B140010104', '1', 'B1N02-04', '1B14001', null, null, '1B442010104', null);
INSERT INTO `eth` VALUES ('525', '1B140010105', '1', 'B1N02-05', '1B14001', null, null, '1B442010105', null);
INSERT INTO `eth` VALUES ('526', '1B140010106', '1', 'B1N02-06', '1B14001', null, null, '1B442010106', null);
INSERT INTO `eth` VALUES ('527', '1B140010107', '1', 'B1N02-07', '1B14001', null, null, '1B442010107', null);
INSERT INTO `eth` VALUES ('528', '1B140010108', '1', 'B1N02-08', '1B14001', null, null, '1B442010108', null);
INSERT INTO `eth` VALUES ('529', '1B140010109', '1', 'B1N02-09', '1B14001', null, null, '1B442010109', null);
INSERT INTO `eth` VALUES ('530', '1B140010110', '1', 'B1N02-10', '1B14001', null, null, '1B442010110', null);
INSERT INTO `eth` VALUES ('531', '1B140010111', '1', 'B1N02-11', '1B14001', null, null, '1B442010111', null);
INSERT INTO `eth` VALUES ('532', '1B140010112', '1', 'B1N02-12', '1B14001', null, null, '1B442010112', null);
INSERT INTO `eth` VALUES ('533', '1B140010113', '1', 'B1N02-13', '1B14001', null, null, '1B542010101', null);
INSERT INTO `eth` VALUES ('534', '1B140010114', '1', 'B1N02-14', '1B14001', null, null, '1B542010102', null);
INSERT INTO `eth` VALUES ('535', '1B140010115', '1', 'B1N02-15', '1B14001', null, null, '1B542010103', null);
INSERT INTO `eth` VALUES ('536', '1B140010116', '1', 'B1N02-16', '1B14001', null, null, '1B542010104', null);
INSERT INTO `eth` VALUES ('537', '1B140010117', '1', 'B1N02-17', '1B14001', null, null, '1B542010105', null);
INSERT INTO `eth` VALUES ('538', '1B140010118', '1', 'B1N02-18', '1B14001', null, null, '1B542010106', null);
INSERT INTO `eth` VALUES ('539', '1B140010119', '1', 'B1N02-19', '1B14001', null, null, '1B542010107', null);
INSERT INTO `eth` VALUES ('540', '1B140010120', '1', 'B1N02-20', '1B14001', null, null, '1B542010108', null);
INSERT INTO `eth` VALUES ('541', '1B140010121', '1', 'B1N02-21', '1B14001', null, null, '1B542010109', null);
INSERT INTO `eth` VALUES ('542', '1B140010122', '1', 'B1N02-22', '1B14001', null, null, '1B542010110', null);
INSERT INTO `eth` VALUES ('543', '1B140010123', '1', 'B1N02-23', '1B14001', null, null, '1B542010111', null);
INSERT INTO `eth` VALUES ('544', '1B140010124', '1', 'B1N02-24', '1B14001', null, null, '1B542010112', null);
INSERT INTO `eth` VALUES ('545', '1B138010101', '1', 'B1N03-01', '1B13801', null, null, '1B642010101', null);
INSERT INTO `eth` VALUES ('546', '1B138010102', '1', 'B1N03-02', '1B13801', null, null, '1B642010102', null);
INSERT INTO `eth` VALUES ('547', '1B138010103', '1', 'B1N03-03', '1B13801', null, null, '1B642010103', null);
INSERT INTO `eth` VALUES ('548', '1B138010104', '1', 'B1N03-04', '1B13801', null, null, '1B642010104', null);
INSERT INTO `eth` VALUES ('549', '1B138010105', '1', 'B1N03-05', '1B13801', null, null, '1B642010105', null);
INSERT INTO `eth` VALUES ('550', '1B138010106', '1', 'B1N03-06', '1B13801', null, null, '1B642010106', null);
INSERT INTO `eth` VALUES ('551', '1B138010107', '1', 'B1N03-07', '1B13801', null, null, '1B642010107', null);
INSERT INTO `eth` VALUES ('552', '1B138010108', '1', 'B1N03-08', '1B13801', null, null, '1B642010108', null);
INSERT INTO `eth` VALUES ('553', '1B138010109', '1', 'B1N03-09', '1B13801', null, null, '1B642010109', null);
INSERT INTO `eth` VALUES ('554', '1B138010110', '1', 'B1N03-10', '1B13801', null, null, '1B642010110', null);
INSERT INTO `eth` VALUES ('555', '1B138010111', '1', 'B1N03-11', '1B13801', null, null, '1B642010111', null);
INSERT INTO `eth` VALUES ('556', '1B138010112', '1', 'B1N03-12', '1B13801', null, null, '1B642010112', null);
INSERT INTO `eth` VALUES ('557', '1B138010113', '1', 'B1N03-13', '1B13801', null, null, '1B742010101', null);
INSERT INTO `eth` VALUES ('558', '1B138010114', '1', 'B1N03-14', '1B13801', null, null, '1B742010102', null);
INSERT INTO `eth` VALUES ('559', '1B138010115', '1', 'B1N03-15', '1B13801', null, null, '1B742010103', null);
INSERT INTO `eth` VALUES ('560', '1B138010116', '1', 'B1N03-16', '1B13801', null, null, '1B742010104', null);
INSERT INTO `eth` VALUES ('561', '1B138010117', '1', 'B1N03-17', '1B13801', null, null, '1B742010105', null);
INSERT INTO `eth` VALUES ('562', '1B138010118', '1', 'B1N03-18', '1B13801', null, null, '1B742010106', null);
INSERT INTO `eth` VALUES ('563', '1B138010119', '1', 'B1N03-19', '1B13801', null, null, '1B742010107', null);
INSERT INTO `eth` VALUES ('564', '1B138010120', '1', 'B1N03-20', '1B13801', null, null, '1B742010108', null);
INSERT INTO `eth` VALUES ('565', '1B138010121', '1', 'B1N03-21', '1B13801', null, null, '1B742010109', null);
INSERT INTO `eth` VALUES ('566', '1B138010122', '1', 'B1N03-22', '1B13801', null, null, '1B742010110', null);
INSERT INTO `eth` VALUES ('567', '1B138010123', '1', 'B1N03-23', '1B13801', null, null, '1B742010111', null);
INSERT INTO `eth` VALUES ('568', '1B138010124', '1', 'B1N03-24', '1B13801', null, null, '1B742010112', null);
INSERT INTO `eth` VALUES ('569', '1B136010101', '1', 'B1N04-01', '1B13601', null, null, '1B842010101', null);
INSERT INTO `eth` VALUES ('570', '1B136010102', '1', 'B1N04-02', '1B13601', null, null, '1B842010102', null);
INSERT INTO `eth` VALUES ('571', '1B136010103', '1', 'B1N04-03', '1B13601', null, null, '1B842010103', null);
INSERT INTO `eth` VALUES ('572', '1B136010104', '1', 'B1N04-04', '1B13601', null, null, '1B842010104', null);
INSERT INTO `eth` VALUES ('573', '1B136010105', '1', 'B1N04-05', '1B13601', null, null, '1B842010105', null);
INSERT INTO `eth` VALUES ('574', '1B136010106', '1', 'B1N04-06', '1B13601', null, null, '1B842010106', null);
INSERT INTO `eth` VALUES ('575', '1B136010107', '1', 'B1N04-07', '1B13601', null, null, '1B842010107', null);
INSERT INTO `eth` VALUES ('576', '1B136010108', '1', 'B1N04-08', '1B13601', null, null, '1B842010108', null);
INSERT INTO `eth` VALUES ('577', '1B136010109', '1', 'B1N04-09', '1B13601', null, null, '1B842010109', null);
INSERT INTO `eth` VALUES ('578', '1B136010110', '1', 'B1N04-10', '1B13601', null, null, '1B842010110', null);
INSERT INTO `eth` VALUES ('579', '1B136010111', '1', 'B1N04-11', '1B13601', null, null, '1B842010111', null);
INSERT INTO `eth` VALUES ('580', '1B136010112', '1', 'B1N04-12', '1B13601', null, null, '1B842010112', null);
INSERT INTO `eth` VALUES ('581', '1B136010113', '1', 'B1N04-13', '1B13601', null, null, '1B942010101', null);
INSERT INTO `eth` VALUES ('582', '1B136010114', '1', 'B1N04-14', '1B13601', null, null, '1B942010102', null);
INSERT INTO `eth` VALUES ('583', '1B136010115', '1', 'B1N04-15', '1B13601', null, null, '1B942010103', null);
INSERT INTO `eth` VALUES ('584', '1B136010116', '1', 'B1N04-16', '1B13601', null, null, '1B942010104', null);
INSERT INTO `eth` VALUES ('585', '1B136010117', '1', 'B1N04-17', '1B13601', null, null, '1B942010105', null);
INSERT INTO `eth` VALUES ('586', '1B136010118', '1', 'B1N04-18', '1B13601', null, null, '1B942010106', null);
INSERT INTO `eth` VALUES ('587', '1B136010119', '1', 'B1N04-19', '1B13601', null, null, '1B942010107', null);
INSERT INTO `eth` VALUES ('588', '1B136010120', '1', 'B1N04-20', '1B13601', null, null, '1B942010108', null);
INSERT INTO `eth` VALUES ('589', '1B136010121', '1', 'B1N04-21', '1B13601', null, null, '1B942010109', null);
INSERT INTO `eth` VALUES ('590', '1B136010122', '1', 'B1N04-22', '1B13601', null, null, '1B942010110', null);
INSERT INTO `eth` VALUES ('591', '1B136010123', '1', 'B1N04-23', '1B13601', null, null, '1B942010111', null);
INSERT INTO `eth` VALUES ('592', '1B136010124', '1', 'B1N04-24', '1B13601', null, null, '1B942010112', null);
INSERT INTO `eth` VALUES ('593', '1B134010101', '1', 'B1N05-01', '1B13401', null, null, '1B942010113', null);
INSERT INTO `eth` VALUES ('594', '1B134010102', '1', 'B1N05-02', '1B13401', null, null, '1B942010114', null);
INSERT INTO `eth` VALUES ('595', '1B134010103', '1', 'B1N05-03', '1B13401', null, null, '1B942010115', null);
INSERT INTO `eth` VALUES ('596', '1B134010104', '1', 'B1N05-04', '1B13401', null, null, '1B942010116', null);
INSERT INTO `eth` VALUES ('597', '1B134010105', '1', 'B1N05-05', '1B13401', null, null, '1B942010117', null);
INSERT INTO `eth` VALUES ('598', '1B134010106', '1', 'B1N05-06', '1B13401', null, null, '1B942010118', null);
INSERT INTO `eth` VALUES ('599', '1B134010107', '1', 'B1N05-07', '1B13401', null, null, '1B942010119', null);
INSERT INTO `eth` VALUES ('600', '1B134010108', '1', 'B1N05-08', '1B13401', null, null, '1B942010120', null);
INSERT INTO `eth` VALUES ('601', '1B134010109', '1', 'B1N05-09', '1B13401', null, null, '1B942010121', null);
INSERT INTO `eth` VALUES ('602', '1B134010110', '1', 'B1N05-10', '1B13401', null, null, '1B942010122', null);
INSERT INTO `eth` VALUES ('603', '1B134010111', '1', 'B1N05-11', '1B13401', null, null, '1B942010123', null);
INSERT INTO `eth` VALUES ('604', '1B134010112', '1', 'B1N05-12', '1B13401', null, null, '1B942010124', null);
INSERT INTO `eth` VALUES ('605', '1B132010101', '1', 'B1N06-01', '1B13201', null, null, '1A120010101', null);
INSERT INTO `eth` VALUES ('606', '1B132010102', '1', 'B1N06-02', '1B13201', null, null, '1A120010102', null);
INSERT INTO `eth` VALUES ('607', '1B132010103', '1', 'B1N06-03', '1B13201', null, null, '1A120010103', null);
INSERT INTO `eth` VALUES ('608', '1B132010104', '1', 'B1N06-04', '1B13201', null, null, '1A120010104', null);
INSERT INTO `eth` VALUES ('609', '1B132010105', '1', 'B1N06-05', '1B13201', null, null, '1A120010105', null);
INSERT INTO `eth` VALUES ('610', '1B132010106', '1', 'B1N06-06', '1B13201', null, null, '1A120010106', null);
INSERT INTO `eth` VALUES ('611', '1B132010107', '1', 'B1N06-07', '1B13201', null, null, '1A120010107', null);
INSERT INTO `eth` VALUES ('612', '1B132010108', '1', 'B1N06-08', '1B13201', null, null, '1A120010108', null);
INSERT INTO `eth` VALUES ('613', '1B132010109', '1', 'B1N06-09', '1B13201', null, null, '1A120010109', null);
INSERT INTO `eth` VALUES ('614', '1B132010110', '1', 'B1N06-10', '1B13201', null, null, '1A120010110', null);
INSERT INTO `eth` VALUES ('615', '1B132010111', '1', 'B1N06-11', '1B13201', null, null, '1A120010111', null);
INSERT INTO `eth` VALUES ('616', '1B132010112', '1', 'B1N06-12', '1B13201', null, null, '1A120010112', null);
INSERT INTO `eth` VALUES ('617', '1B132010113', '1', 'B1N06-13', '1B13201', null, null, '1A120010113', null);
INSERT INTO `eth` VALUES ('618', '1B132010114', '1', 'B1N06-14', '1B13201', null, null, '1A120010114', null);
INSERT INTO `eth` VALUES ('619', '1B132010115', '1', 'B1N06-15', '1B13201', null, null, '1A120010115', null);
INSERT INTO `eth` VALUES ('620', '1B132010116', '1', 'B1N06-16', '1B13201', null, null, '1A120010116', null);
INSERT INTO `eth` VALUES ('621', '1B132010117', '1', 'B1N06-17', '1B13201', null, null, '1A120010117', null);
INSERT INTO `eth` VALUES ('622', '1B132010118', '1', 'B1N06-18', '1B13201', null, null, '1A120010118', null);
INSERT INTO `eth` VALUES ('623', '1B132010119', '1', 'B1N06-19', '1B13201', null, null, '1A120010119', null);
INSERT INTO `eth` VALUES ('624', '1B132010120', '1', 'B1N06-20', '1B13201', null, null, '1A120010120', null);
INSERT INTO `eth` VALUES ('625', '1B132010121', '1', 'B1N06-21', '1B13201', null, null, '1A120010121', null);
INSERT INTO `eth` VALUES ('626', '1B132010122', '1', 'B1N06-22', '1B13201', null, null, '1A120010122', null);
INSERT INTO `eth` VALUES ('627', '1B132010123', '1', 'B1N06-23', '1B13201', null, null, '1A120010123', null);
INSERT INTO `eth` VALUES ('628', '1B132010124', '1', 'B1N06-24', '1B13201', null, null, '1A120010124', null);
INSERT INTO `eth` VALUES ('629', '1B130010101', '1', 'B1N07-01', '1B13001', null, null, '1A118010101', null);
INSERT INTO `eth` VALUES ('630', '1B130010102', '1', 'B1N07-02', '1B13001', null, null, '1A118010102', null);
INSERT INTO `eth` VALUES ('631', '1B130010103', '1', 'B1N07-03', '1B13001', null, null, '1A118010103', null);
INSERT INTO `eth` VALUES ('632', '1B130010104', '1', 'B1N07-04', '1B13001', null, null, '1A118010104', null);
INSERT INTO `eth` VALUES ('633', '1B130010105', '1', 'B1N07-05', '1B13001', null, null, '1A118010105', null);
INSERT INTO `eth` VALUES ('634', '1B130010106', '1', 'B1N07-06', '1B13001', null, null, '1A118010106', null);
INSERT INTO `eth` VALUES ('635', '1B130010107', '1', 'B1N07-07', '1B13001', null, null, '1A118010107', null);
INSERT INTO `eth` VALUES ('636', '1B130010108', '1', 'B1N07-08', '1B13001', null, null, '1A118010108', null);
INSERT INTO `eth` VALUES ('637', '1B130010109', '1', 'B1N07-09', '1B13001', null, null, '1A118010109', null);
INSERT INTO `eth` VALUES ('638', '1B130010110', '1', 'B1N07-10', '1B13001', null, null, '1A118010110', null);
INSERT INTO `eth` VALUES ('639', '1B130010111', '1', 'B1N07-11', '1B13001', null, null, '1A118010111', null);
INSERT INTO `eth` VALUES ('640', '1B130010112', '1', 'B1N07-12', '1B13001', null, null, '1A118010112', null);
INSERT INTO `eth` VALUES ('641', '1B130010113', '1', 'B1N07-13', '1B13001', null, null, '1A118010113', null);
INSERT INTO `eth` VALUES ('642', '1B130010114', '1', 'B1N07-14', '1B13001', null, null, '1A118010114', null);
INSERT INTO `eth` VALUES ('643', '1B130010115', '1', 'B1N07-15', '1B13001', null, null, '1A118010115', null);
INSERT INTO `eth` VALUES ('644', '1B130010116', '1', 'B1N07-16', '1B13001', null, null, '1A118010116', null);
INSERT INTO `eth` VALUES ('645', '1B130010117', '1', 'B1N07-17', '1B13001', null, null, '1A118010117', null);
INSERT INTO `eth` VALUES ('646', '1B130010118', '1', 'B1N07-18', '1B13001', null, null, '1A118010118', null);
INSERT INTO `eth` VALUES ('647', '1B130010119', '1', 'B1N07-19', '1B13001', null, null, '1A118010119', null);
INSERT INTO `eth` VALUES ('648', '1B130010120', '1', 'B1N07-20', '1B13001', null, null, '1A118010120', null);
INSERT INTO `eth` VALUES ('649', '1B130010121', '1', 'B1N07-21', '1B13001', null, null, '1A118010121', null);
INSERT INTO `eth` VALUES ('650', '1B130010122', '1', 'B1N07-22', '1B13001', null, null, '1A118010122', null);
INSERT INTO `eth` VALUES ('651', '1B130010123', '1', 'B1N07-23', '1B13001', null, null, '1A118010123', null);
INSERT INTO `eth` VALUES ('652', '1B130010124', '1', 'B1N07-24', '1B13001', null, null, '1A118010124', null);
INSERT INTO `eth` VALUES ('653', '1B128010101', '1', 'B1N08-01', '1B12801', null, null, '1C116010101', null);
INSERT INTO `eth` VALUES ('654', '1B128010102', '1', 'B1N08-02', '1B12801', null, null, '1C116010102', null);
INSERT INTO `eth` VALUES ('655', '1B128010103', '1', 'B1N08-03', '1B12801', null, null, '1C116010103', null);
INSERT INTO `eth` VALUES ('656', '1B128010104', '1', 'B1N08-04', '1B12801', null, null, '1C116010104', null);
INSERT INTO `eth` VALUES ('657', '1B128010105', '1', 'B1N08-05', '1B12801', null, null, '1C116010105', null);
INSERT INTO `eth` VALUES ('658', '1B128010106', '1', 'B1N08-06', '1B12801', null, null, '1C116010106', null);
INSERT INTO `eth` VALUES ('659', '1B128010107', '1', 'B1N08-07', '1B12801', null, null, '1C116010107', null);
INSERT INTO `eth` VALUES ('660', '1B128010108', '1', 'B1N08-08', '1B12801', null, null, '1C116010108', null);
INSERT INTO `eth` VALUES ('661', '1B128010109', '1', 'B1N08-09', '1B12801', null, null, '1C116010109', null);
INSERT INTO `eth` VALUES ('662', '1B128010110', '1', 'B1N08-10', '1B12801', null, null, '1C116010110', null);
INSERT INTO `eth` VALUES ('663', '1B128010111', '1', 'B1N08-11', '1B12801', null, null, '1C116010111', null);
INSERT INTO `eth` VALUES ('664', '1B128010112', '1', 'B1N08-12', '1B12801', null, null, '1C116010112', null);
INSERT INTO `eth` VALUES ('665', '1B128010113', '1', 'B1N08-13', '1B12801', null, null, '1E128010113', null);
INSERT INTO `eth` VALUES ('666', '1B128010114', '1', 'B1N08-14', '1B12801', null, null, '1E128010114', null);
INSERT INTO `eth` VALUES ('667', '1B128010115', '1', 'B1N08-15', '1B12801', null, null, '1E128010115', null);
INSERT INTO `eth` VALUES ('668', '1B128010116', '1', 'B1N08-16', '1B12801', null, null, '1E128010116', null);
INSERT INTO `eth` VALUES ('669', '1B128010117', '1', 'B1N08-17', '1B12801', null, null, '1E128010117', null);
INSERT INTO `eth` VALUES ('670', '1B128010118', '1', 'B1N08-18', '1B12801', null, null, '1E128010118', null);
INSERT INTO `eth` VALUES ('671', '1B128010119', '1', 'B1N08-19', '1B12801', null, null, '1E128010119', null);
INSERT INTO `eth` VALUES ('672', '1B128010120', '1', 'B1N08-20', '1B12801', null, null, '1E128010120', null);
INSERT INTO `eth` VALUES ('673', '1B128010121', '1', 'B1N08-21', '1B12801', null, null, '1E128010121', null);
INSERT INTO `eth` VALUES ('674', '1B128010122', '1', 'B1N08-22', '1B12801', null, null, '1E128010122', null);
INSERT INTO `eth` VALUES ('675', '1B128010123', '1', 'B1N08-23', '1B12801', null, null, '1E128010123', null);
INSERT INTO `eth` VALUES ('676', '1B128010124', '1', 'B1N08-24', '1B12801', null, null, '1E128010124', null);
INSERT INTO `eth` VALUES ('678', '1B242010101', '1', 'B2N01-01', '1B24201', null, null, '1B142010101', null);
INSERT INTO `eth` VALUES ('679', '1B242010102', '1', 'B2N01-02', '1B24201', null, null, '1B142010102', null);
INSERT INTO `eth` VALUES ('680', '1B242010103', '1', 'B2N01-03', '1B24201', null, null, '1B142010103', null);
INSERT INTO `eth` VALUES ('681', '1B242010104', '1', 'B2N01-04', '1B24201', null, null, '1B142010104', null);
INSERT INTO `eth` VALUES ('682', '1B242010105', '1', 'B2N01-05', '1B24201', null, null, '1B142010105', null);
INSERT INTO `eth` VALUES ('683', '1B242010106', '1', 'B2N01-06', '1B24201', null, null, '1B142010106', null);
INSERT INTO `eth` VALUES ('684', '1B242010107', '1', 'B2N01-07', '1B24201', null, null, '1B142010107', null);
INSERT INTO `eth` VALUES ('685', '1B242010108', '1', 'B2N01-08', '1B24201', null, null, '1B142010108', null);
INSERT INTO `eth` VALUES ('686', '1B242010109', '1', 'B2N01-09', '1B24201', null, null, '1B142010109', null);
INSERT INTO `eth` VALUES ('687', '1B242010110', '1', 'B2N01-10', '1B24201', null, null, '1B142010110', null);
INSERT INTO `eth` VALUES ('688', '1B242010111', '1', 'B2N01-11', '1B24201', null, null, '1B142010111', null);
INSERT INTO `eth` VALUES ('689', '1B242010112', '1', 'B2N01-12', '1B24201', null, null, '1B142010112', null);
INSERT INTO `eth` VALUES ('690', '1B342010101', '1', 'B3N01-01', '1B34201', null, null, '1B142010113', null);
INSERT INTO `eth` VALUES ('691', '1B342010102', '1', 'B3N01-02', '1B34201', null, null, '1B142010114', null);
INSERT INTO `eth` VALUES ('692', '1B342010103', '1', 'B3N01-03', '1B34201', null, null, '1B142010115', null);
INSERT INTO `eth` VALUES ('693', '1B342010104', '1', 'B3N01-04', '1B34201', null, null, '1B142010116', null);
INSERT INTO `eth` VALUES ('694', '1B342010105', '1', 'B3N01-05', '1B34201', null, null, '1B142010117', null);
INSERT INTO `eth` VALUES ('695', '1B342010106', '1', 'B3N01-06', '1B34201', null, null, '1B142010118', null);
INSERT INTO `eth` VALUES ('696', '1B342010107', '1', 'B3N01-07', '1B34201', null, null, '1B142010119', null);
INSERT INTO `eth` VALUES ('697', '1B342010108', '1', 'B3N01-08', '1B34201', null, null, '1B142010120', null);
INSERT INTO `eth` VALUES ('698', '1B342010109', '1', 'B3N01-09', '1B34201', null, null, '1B142010121', null);
INSERT INTO `eth` VALUES ('699', '1B342010110', '1', 'B3N01-10', '1B34201', null, null, '1B142010122', null);
INSERT INTO `eth` VALUES ('700', '1B342010111', '1', 'B3N01-11', '1B34201', null, null, '1B142010123', null);
INSERT INTO `eth` VALUES ('701', '1B342010112', '1', 'B3N01-12', '1B34201', null, null, '1B142010124', null);
INSERT INTO `eth` VALUES ('702', '1B442010101', '1', 'B4N01-01', '1B44201', null, null, '1B140010101', null);
INSERT INTO `eth` VALUES ('703', '1B442010102', '1', 'B4N01-02', '1B44201', null, null, '1B140010102', null);
INSERT INTO `eth` VALUES ('704', '1B442010103', '1', 'B4N01-03', '1B44201', null, null, '1B140010103', null);
INSERT INTO `eth` VALUES ('705', '1B442010104', '1', 'B4N01-04', '1B44201', null, null, '1B140010104', null);
INSERT INTO `eth` VALUES ('706', '1B442010105', '1', 'B4N01-05', '1B44201', null, null, '1B140010105', null);
INSERT INTO `eth` VALUES ('707', '1B442010106', '1', 'B4N01-06', '1B44201', null, null, '1B140010106', null);
INSERT INTO `eth` VALUES ('708', '1B442010107', '1', 'B4N01-07', '1B44201', null, null, '1B140010107', null);
INSERT INTO `eth` VALUES ('709', '1B442010108', '1', 'B4N01-08', '1B44201', null, null, '1B140010108', null);
INSERT INTO `eth` VALUES ('710', '1B442010109', '1', 'B4N01-09', '1B44201', null, null, '1B140010109', null);
INSERT INTO `eth` VALUES ('711', '1B442010110', '1', 'B4N01-10', '1B44201', null, null, '1B140010110', null);
INSERT INTO `eth` VALUES ('712', '1B442010111', '1', 'B4N01-11', '1B44201', null, null, '1B140010111', null);
INSERT INTO `eth` VALUES ('713', '1B442010112', '1', 'B4N01-12', '1B44201', null, null, '1B140010112', null);
INSERT INTO `eth` VALUES ('714', '1B542010101', '1', 'B5N01-01', '1B54201', null, null, '1B140010113', null);
INSERT INTO `eth` VALUES ('715', '1B542010102', '1', 'B5N01-02', '1B54201', null, null, '1B140010114', null);
INSERT INTO `eth` VALUES ('716', '1B542010103', '1', 'B5N01-03', '1B54201', null, null, '1B140010115', null);
INSERT INTO `eth` VALUES ('717', '1B542010104', '1', 'B5N01-04', '1B54201', null, null, '1B140010116', null);
INSERT INTO `eth` VALUES ('718', '1B542010105', '1', 'B5N01-05', '1B54201', null, null, '1B140010117', null);
INSERT INTO `eth` VALUES ('719', '1B542010106', '1', 'B5N01-06', '1B54201', null, null, '1B140010118', null);
INSERT INTO `eth` VALUES ('720', '1B542010107', '1', 'B5N01-07', '1B54201', null, null, '1B140010119', null);
INSERT INTO `eth` VALUES ('721', '1B542010108', '1', 'B5N01-08', '1B54201', null, null, '1B140010120', null);
INSERT INTO `eth` VALUES ('722', '1B542010109', '1', 'B5N01-09', '1B54201', null, null, '1B140010121', null);
INSERT INTO `eth` VALUES ('723', '1B542010110', '1', 'B5N01-10', '1B54201', null, null, '1B140010122', null);
INSERT INTO `eth` VALUES ('724', '1B542010111', '1', 'B5N01-11', '1B54201', null, null, '1B140010123', null);
INSERT INTO `eth` VALUES ('725', '1B542010112', '1', 'B5N01-12', '1B54201', null, null, '1B140010124', null);
INSERT INTO `eth` VALUES ('726', '1B642010101', '1', 'B6N01-01', '1B64201', null, null, '1B138010101', null);
INSERT INTO `eth` VALUES ('727', '1B642010102', '1', 'B6N01-02', '1B64201', null, null, '1B138010102', null);
INSERT INTO `eth` VALUES ('728', '1B642010103', '1', 'B6N01-03', '1B64201', null, null, '1B138010103', null);
INSERT INTO `eth` VALUES ('729', '1B642010104', '1', 'B6N01-04', '1B64201', null, null, '1B138010104', null);
INSERT INTO `eth` VALUES ('730', '1B642010105', '1', 'B6N01-05', '1B64201', null, null, '1B138010105', null);
INSERT INTO `eth` VALUES ('731', '1B642010106', '1', 'B6N01-06', '1B64201', null, null, '1B138010106', null);
INSERT INTO `eth` VALUES ('732', '1B642010107', '1', 'B6N01-07', '1B64201', null, null, '1B138010107', null);
INSERT INTO `eth` VALUES ('733', '1B642010108', '1', 'B6N01-08', '1B64201', null, null, '1B138010108', null);
INSERT INTO `eth` VALUES ('734', '1B642010109', '1', 'B6N01-09', '1B64201', null, null, '1B138010109', null);
INSERT INTO `eth` VALUES ('735', '1B642010110', '1', 'B6N01-10', '1B64201', null, null, '1B138010110', null);
INSERT INTO `eth` VALUES ('736', '1B642010111', '1', 'B6N01-11', '1B64201', null, null, '1B138010111', null);
INSERT INTO `eth` VALUES ('737', '1B642010112', '1', 'B6N01-12', '1B64201', null, null, '1B138010112', null);
INSERT INTO `eth` VALUES ('738', '1B742010101', '1', 'B7N01-01', '1B74201', null, null, '1B138010113', null);
INSERT INTO `eth` VALUES ('739', '1B742010102', '1', 'B7N01-02', '1B74201', null, null, '1B138010114', null);
INSERT INTO `eth` VALUES ('740', '1B742010103', '1', 'B7N01-03', '1B74201', null, null, '1B138010115', null);
INSERT INTO `eth` VALUES ('741', '1B742010104', '1', 'B7N01-04', '1B74201', null, null, '1B138010116', null);
INSERT INTO `eth` VALUES ('742', '1B742010105', '1', 'B7N01-05', '1B74201', null, null, '1B138010117', null);
INSERT INTO `eth` VALUES ('743', '1B742010106', '1', 'B7N01-06', '1B74201', null, null, '1B138010118', null);
INSERT INTO `eth` VALUES ('744', '1B742010107', '1', 'B7N01-07', '1B74201', null, null, '1B138010119', null);
INSERT INTO `eth` VALUES ('745', '1B742010108', '1', 'B7N01-08', '1B74201', null, null, '1B138010120', null);
INSERT INTO `eth` VALUES ('746', '1B742010109', '1', 'B7N01-09', '1B74201', null, null, '1B138010121', null);
INSERT INTO `eth` VALUES ('747', '1B742010110', '1', 'B7N01-10', '1B74201', null, null, '1B138010122', null);
INSERT INTO `eth` VALUES ('748', '1B742010111', '1', 'B7N01-11', '1B74201', null, null, '1B138010123', null);
INSERT INTO `eth` VALUES ('749', '1B742010112', '1', 'B7N01-12', '1B74201', null, null, '1B138010124', null);
INSERT INTO `eth` VALUES ('750', '1B842010101', '1', 'B8N01-01', '1B84201', null, null, '1B136010101', null);
INSERT INTO `eth` VALUES ('751', '1B842010102', '1', 'B8N01-02', '1B84201', null, null, '1B136010102', null);
INSERT INTO `eth` VALUES ('752', '1B842010103', '1', 'B8N01-03', '1B84201', null, null, '1B136010103', null);
INSERT INTO `eth` VALUES ('753', '1B842010104', '1', 'B8N01-04', '1B84201', null, null, '1B136010104', null);
INSERT INTO `eth` VALUES ('754', '1B842010105', '1', 'B8N01-05', '1B84201', null, null, '1B136010105', null);
INSERT INTO `eth` VALUES ('755', '1B842010106', '1', 'B8N01-06', '1B84201', null, null, '1B136010106', null);
INSERT INTO `eth` VALUES ('756', '1B842010107', '1', 'B8N01-07', '1B84201', null, null, '1B136010107', null);
INSERT INTO `eth` VALUES ('757', '1B842010108', '1', 'B8N01-08', '1B84201', null, null, '1B136010108', null);
INSERT INTO `eth` VALUES ('758', '1B842010109', '1', 'B8N01-09', '1B84201', null, null, '1B136010109', null);
INSERT INTO `eth` VALUES ('759', '1B842010110', '1', 'B8N01-10', '1B84201', null, null, '1B136010110', null);
INSERT INTO `eth` VALUES ('760', '1B842010111', '1', 'B8N01-11', '1B84201', null, null, '1B136010111', null);
INSERT INTO `eth` VALUES ('761', '1B842010112', '1', 'B8N01-12', '1B84201', null, null, '1B136010112', null);
INSERT INTO `eth` VALUES ('762', '1B942010101', '1', 'B9N01-01', '1B94201', null, null, '1B136010113', null);
INSERT INTO `eth` VALUES ('763', '1B942010102', '1', 'B9N01-02', '1B94201', null, null, '1B136010114', null);
INSERT INTO `eth` VALUES ('764', '1B942010103', '1', 'B9N01-03', '1B94201', null, null, '1B136010115', null);
INSERT INTO `eth` VALUES ('765', '1B942010104', '1', 'B9N01-04', '1B94201', null, null, '1B136010116', null);
INSERT INTO `eth` VALUES ('766', '1B942010105', '1', 'B9N01-05', '1B94201', null, null, '1B136010117', null);
INSERT INTO `eth` VALUES ('767', '1B942010106', '1', 'B9N01-06', '1B94201', null, null, '1B136010118', null);
INSERT INTO `eth` VALUES ('768', '1B942010107', '1', 'B9N01-07', '1B94201', null, null, '1B136010119', null);
INSERT INTO `eth` VALUES ('769', '1B942010108', '1', 'B9N01-08', '1B94201', null, null, '1B136010120', null);
INSERT INTO `eth` VALUES ('770', '1B942010109', '1', 'B9N01-09', '1B94201', null, null, '1B136010121', null);
INSERT INTO `eth` VALUES ('771', '1B942010110', '1', 'B9N01-10', '1B94201', null, null, '1B136010122', null);
INSERT INTO `eth` VALUES ('772', '1B942010111', '1', 'B9N01-11', '1B94201', null, null, '1B136010123', null);
INSERT INTO `eth` VALUES ('773', '1B942010112', '1', 'B9N01-12', '1B94201', null, null, '1B136010124', null);
INSERT INTO `eth` VALUES ('774', '1B942010113', '1', 'B9N01-13', '1B94201', null, null, '1B134010101', null);
INSERT INTO `eth` VALUES ('775', '1B942010114', '1', 'B9N01-14', '1B94201', null, null, '1B134010102', null);
INSERT INTO `eth` VALUES ('776', '1B942010115', '1', 'B9N01-15', '1B94201', null, null, '1B134010103', null);
INSERT INTO `eth` VALUES ('777', '1B942010116', '1', 'B9N01-16', '1B94201', null, null, '1B134010104', null);
INSERT INTO `eth` VALUES ('778', '1B942010117', '1', 'B9N01-17', '1B94201', null, null, '1B134010105', null);
INSERT INTO `eth` VALUES ('779', '1B942010118', '1', 'B9N01-18', '1B94201', null, null, '1B134010106', null);
INSERT INTO `eth` VALUES ('780', '1B942010119', '1', 'B9N01-19', '1B94201', null, null, '1B134010107', null);
INSERT INTO `eth` VALUES ('781', '1B942010120', '1', 'B9N01-20', '1B94201', null, null, '1B134010108', null);
INSERT INTO `eth` VALUES ('782', '1B942010121', '1', 'B9N01-21', '1B94201', null, null, '1B134010109', null);
INSERT INTO `eth` VALUES ('783', '1B942010122', '1', 'B9N01-22', '1B94201', null, null, '1B134010110', null);
INSERT INTO `eth` VALUES ('784', '1B942010123', '1', 'B9N01-23', '1B94201', null, null, '1B134010111', null);
INSERT INTO `eth` VALUES ('785', '1B942010124', '1', 'B9N01-24', '1B94201', null, null, '1B134010112', null);
INSERT INTO `eth` VALUES ('786', '1C142010101', '1', 'C1N01-01', '1C14201', null, null, '1C242010101', null);
INSERT INTO `eth` VALUES ('787', '1C142010102', '1', 'C1N01-02', '1C14201', null, null, '1C242010102', null);
INSERT INTO `eth` VALUES ('788', '1C142010103', '1', 'C1N01-03', '1C14201', null, null, '1C242010103', null);
INSERT INTO `eth` VALUES ('789', '1C142010104', '1', 'C1N01-04', '1C14201', null, null, '1C242010104', null);
INSERT INTO `eth` VALUES ('790', '1C142010105', '1', 'C1N01-05', '1C14201', null, null, '1C242010105', null);
INSERT INTO `eth` VALUES ('791', '1C142010106', '1', 'C1N01-06', '1C14201', null, null, '1C242010106', null);
INSERT INTO `eth` VALUES ('792', '1C142010107', '1', 'C1N01-07', '1C14201', null, null, '1C242010107', null);
INSERT INTO `eth` VALUES ('793', '1C142010108', '1', 'C1N01-08', '1C14201', null, null, '1C242010108', null);
INSERT INTO `eth` VALUES ('794', '1C142010109', '1', 'C1N01-09', '1C14201', null, null, '1C242010109', null);
INSERT INTO `eth` VALUES ('795', '1C142010110', '1', 'C1N01-10', '1C14201', null, null, '1C242010110', null);
INSERT INTO `eth` VALUES ('796', '1C142010111', '1', 'C1N01-11', '1C14201', null, null, '1C242010111', null);
INSERT INTO `eth` VALUES ('797', '1C142010112', '1', 'C1N01-12', '1C14201', null, null, '1C242010112', null);
INSERT INTO `eth` VALUES ('798', '1C142010113', '1', 'C1N01-13', '1C14201', null, null, '1C242010113', null);
INSERT INTO `eth` VALUES ('799', '1C142010114', '1', 'C1N01-14', '1C14201', null, null, '1C242010114', null);
INSERT INTO `eth` VALUES ('800', '1C142010115', '1', 'C1N01-15', '1C14201', null, null, '1C242010115', null);
INSERT INTO `eth` VALUES ('801', '1C142010116', '1', 'C1N01-16', '1C14201', null, null, '1C242010116', null);
INSERT INTO `eth` VALUES ('802', '1C142010117', '1', 'C1N01-17', '1C14201', null, null, '1C242010117', null);
INSERT INTO `eth` VALUES ('803', '1C142010118', '1', 'C1N01-18', '1C14201', null, null, '1C242010118', null);
INSERT INTO `eth` VALUES ('804', '1C142010119', '1', 'C1N01-19', '1C14201', null, null, '1C242010119', null);
INSERT INTO `eth` VALUES ('805', '1C142010120', '1', 'C1N01-20', '1C14201', null, null, '1C242010120', null);
INSERT INTO `eth` VALUES ('806', '1C142010121', '1', 'C1N01-21', '1C14201', null, null, '1C242010121', null);
INSERT INTO `eth` VALUES ('807', '1C142010122', '1', 'C1N01-22', '1C14201', null, null, '1C242010122', null);
INSERT INTO `eth` VALUES ('808', '1C142010123', '1', 'C1N01-23', '1C14201', null, null, '1C242010123', null);
INSERT INTO `eth` VALUES ('809', '1C142010124', '1', 'C1N01-24', '1C14201', null, null, '1C242010124', null);
INSERT INTO `eth` VALUES ('810', '1C140010101', '1', 'C1N02-01', '1C14001', null, null, '1C240010101', null);
INSERT INTO `eth` VALUES ('811', '1C140010102', '1', 'C1N02-02', '1C14001', null, null, '1C240010102', null);
INSERT INTO `eth` VALUES ('812', '1C140010103', '1', 'C1N02-03', '1C14001', null, null, '1C240010103', null);
INSERT INTO `eth` VALUES ('813', '1C140010104', '1', 'C1N02-04', '1C14001', null, null, '1C240010104', null);
INSERT INTO `eth` VALUES ('814', '1C140010105', '1', 'C1N02-05', '1C14001', null, null, '1C240010105', null);
INSERT INTO `eth` VALUES ('815', '1C140010106', '1', 'C1N02-06', '1C14001', null, null, '1C240010106', null);
INSERT INTO `eth` VALUES ('816', '1C140010107', '1', 'C1N02-07', '1C14001', null, null, '1C240010107', null);
INSERT INTO `eth` VALUES ('817', '1C140010108', '1', 'C1N02-08', '1C14001', null, null, '1C240010108', null);
INSERT INTO `eth` VALUES ('818', '1C140010109', '1', 'C1N02-09', '1C14001', null, null, '1C240010109', null);
INSERT INTO `eth` VALUES ('819', '1C140010110', '1', 'C1N02-10', '1C14001', null, null, '1C240010110', null);
INSERT INTO `eth` VALUES ('820', '1C140010111', '1', 'C1N02-11', '1C14001', null, null, '1C240010111', null);
INSERT INTO `eth` VALUES ('821', '1C140010112', '1', 'C1N02-12', '1C14001', null, null, '1C240010112', null);
INSERT INTO `eth` VALUES ('822', '1C140010113', '1', 'C1N02-13', '1C14001', null, null, '1C240010113', null);
INSERT INTO `eth` VALUES ('823', '1C140010114', '1', 'C1N02-14', '1C14001', null, null, '1C240010114', null);
INSERT INTO `eth` VALUES ('824', '1C140010115', '1', 'C1N02-15', '1C14001', null, null, '1C240010115', null);
INSERT INTO `eth` VALUES ('825', '1C140010116', '1', 'C1N02-16', '1C14001', null, null, '1C240010116', null);
INSERT INTO `eth` VALUES ('826', '1C140010117', '1', 'C1N02-17', '1C14001', null, null, '1C240010117', null);
INSERT INTO `eth` VALUES ('827', '1C140010118', '1', 'C1N02-18', '1C14001', null, null, '1C240010118', null);
INSERT INTO `eth` VALUES ('828', '1C140010119', '1', 'C1N02-19', '1C14001', null, null, '1C240010119', null);
INSERT INTO `eth` VALUES ('829', '1C140010120', '1', 'C1N02-20', '1C14001', null, null, '1C240010120', null);
INSERT INTO `eth` VALUES ('830', '1C140010121', '1', 'C1N02-21', '1C14001', null, null, '1C240010121', null);
INSERT INTO `eth` VALUES ('831', '1C140010122', '1', 'C1N02-22', '1C14001', null, null, '1C240010122', null);
INSERT INTO `eth` VALUES ('832', '1C140010123', '1', 'C1N02-23', '1C14001', null, null, '1C240010123', null);
INSERT INTO `eth` VALUES ('833', '1C140010124', '1', 'C1N02-24', '1C14001', null, null, '1C240010124', null);
INSERT INTO `eth` VALUES ('834', '1C138010101', '1', 'C1N03-01', '1C13801', null, null, '1C238010101', null);
INSERT INTO `eth` VALUES ('835', '1C138010102', '1', 'C1N03-02', '1C13801', null, null, '1C238010102', null);
INSERT INTO `eth` VALUES ('836', '1C138010103', '1', 'C1N03-03', '1C13801', null, null, '1C238010103', null);
INSERT INTO `eth` VALUES ('837', '1C138010104', '1', 'C1N03-04', '1C13801', null, null, '1C238010104', null);
INSERT INTO `eth` VALUES ('838', '1C138010105', '1', 'C1N03-05', '1C13801', null, null, '1C238010105', null);
INSERT INTO `eth` VALUES ('839', '1C138010106', '1', 'C1N03-06', '1C13801', null, null, '1C238010106', null);
INSERT INTO `eth` VALUES ('840', '1C138010107', '1', 'C1N03-07', '1C13801', null, null, '1C238010107', null);
INSERT INTO `eth` VALUES ('841', '1C138010108', '1', 'C1N03-08', '1C13801', null, null, '1C238010108', null);
INSERT INTO `eth` VALUES ('842', '1C138010109', '1', 'C1N03-09', '1C13801', null, null, '1C238010109', null);
INSERT INTO `eth` VALUES ('843', '1C138010110', '1', 'C1N03-10', '1C13801', null, null, '1C238010110', null);
INSERT INTO `eth` VALUES ('844', '1C138010111', '1', 'C1N03-11', '1C13801', null, null, '1C238010111', null);
INSERT INTO `eth` VALUES ('845', '1C138010112', '1', 'C1N03-12', '1C13801', null, null, '1C238010112', null);
INSERT INTO `eth` VALUES ('846', '1C136010101', '1', 'C1N04-01', '1C13601', null, null, '1C342010101', null);
INSERT INTO `eth` VALUES ('847', '1C136010102', '1', 'C1N04-02', '1C13601', null, null, '1C342010102', null);
INSERT INTO `eth` VALUES ('848', '1C136010103', '1', 'C1N04-03', '1C13601', null, null, '1C342010103', null);
INSERT INTO `eth` VALUES ('849', '1C136010104', '1', 'C1N04-04', '1C13601', null, null, '1C342010104', null);
INSERT INTO `eth` VALUES ('850', '1C136010105', '1', 'C1N04-05', '1C13601', null, null, '1C342010105', null);
INSERT INTO `eth` VALUES ('851', '1C136010106', '1', 'C1N04-06', '1C13601', null, null, '1C342010106', null);
INSERT INTO `eth` VALUES ('852', '1C136010107', '1', 'C1N04-07', '1C13601', null, null, '1C342010107', null);
INSERT INTO `eth` VALUES ('853', '1C136010108', '1', 'C1N04-08', '1C13601', null, null, '1C342010108', null);
INSERT INTO `eth` VALUES ('854', '1C136010109', '1', 'C1N04-09', '1C13601', null, null, '1C342010109', null);
INSERT INTO `eth` VALUES ('855', '1C136010110', '1', 'C1N04-10', '1C13601', null, null, '1C342010110', null);
INSERT INTO `eth` VALUES ('856', '1C136010111', '1', 'C1N04-11', '1C13601', null, null, '1C342010111', null);
INSERT INTO `eth` VALUES ('857', '1C136010112', '1', 'C1N04-12', '1C13601', null, null, '1C342010112', null);
INSERT INTO `eth` VALUES ('858', '1C136010113', '1', 'C1N04-13', '1C13601', null, null, '1C342010113', null);
INSERT INTO `eth` VALUES ('859', '1C136010114', '1', 'C1N04-14', '1C13601', null, null, '1C342010114', null);
INSERT INTO `eth` VALUES ('860', '1C136010115', '1', 'C1N04-15', '1C13601', null, null, '1C342010115', null);
INSERT INTO `eth` VALUES ('861', '1C136010116', '1', 'C1N04-16', '1C13601', null, null, '1C342010116', null);
INSERT INTO `eth` VALUES ('862', '1C136010117', '1', 'C1N04-17', '1C13601', null, null, '1C342010117', null);
INSERT INTO `eth` VALUES ('863', '1C136010118', '1', 'C1N04-18', '1C13601', null, null, '1C342010118', null);
INSERT INTO `eth` VALUES ('864', '1C136010119', '1', 'C1N04-19', '1C13601', null, null, '1C342010119', null);
INSERT INTO `eth` VALUES ('865', '1C136010120', '1', 'C1N04-20', '1C13601', null, null, '1C342010120', null);
INSERT INTO `eth` VALUES ('866', '1C136010121', '1', 'C1N04-21', '1C13601', null, null, '1C342010121', null);
INSERT INTO `eth` VALUES ('867', '1C136010122', '1', 'C1N04-22', '1C13601', null, null, '1C342010122', null);
INSERT INTO `eth` VALUES ('868', '1C136010123', '1', 'C1N04-23', '1C13601', null, null, '1C342010123', null);
INSERT INTO `eth` VALUES ('869', '1C136010124', '1', 'C1N04-24', '1C13601', null, null, '1C342010124', null);
INSERT INTO `eth` VALUES ('870', '1C134010101', '1', 'C1N05-01', '1C13401', null, null, '1C340010101', null);
INSERT INTO `eth` VALUES ('871', '1C134010102', '1', 'C1N05-02', '1C13401', null, null, '1C340010102', null);
INSERT INTO `eth` VALUES ('872', '1C134010103', '1', 'C1N05-03', '1C13401', null, null, '1C340010103', null);
INSERT INTO `eth` VALUES ('873', '1C134010104', '1', 'C1N05-04', '1C13401', null, null, '1C340010104', null);
INSERT INTO `eth` VALUES ('874', '1C134010105', '1', 'C1N05-05', '1C13401', null, null, '1C340010105', null);
INSERT INTO `eth` VALUES ('875', '1C134010106', '1', 'C1N05-06', '1C13401', null, null, '1C340010106', null);
INSERT INTO `eth` VALUES ('876', '1C134010107', '1', 'C1N05-07', '1C13401', null, null, '1C340010107', null);
INSERT INTO `eth` VALUES ('877', '1C134010108', '1', 'C1N05-08', '1C13401', null, null, '1C340010108', null);
INSERT INTO `eth` VALUES ('878', '1C134010109', '1', 'C1N05-09', '1C13401', null, null, '1C340010109', null);
INSERT INTO `eth` VALUES ('879', '1C134010110', '1', 'C1N05-10', '1C13401', null, null, '1C340010110', null);
INSERT INTO `eth` VALUES ('880', '1C134010111', '1', 'C1N05-11', '1C13401', null, null, '1C340010111', null);
INSERT INTO `eth` VALUES ('881', '1C134010112', '1', 'C1N05-12', '1C13401', null, null, '1C340010112', null);
INSERT INTO `eth` VALUES ('882', '1C134010113', '1', 'C1N05-13', '1C13401', null, null, '1C340010113', null);
INSERT INTO `eth` VALUES ('883', '1C134010114', '1', 'C1N05-14', '1C13401', null, null, '1C340010114', null);
INSERT INTO `eth` VALUES ('884', '1C134010115', '1', 'C1N05-15', '1C13401', null, null, '1C340010115', null);
INSERT INTO `eth` VALUES ('885', '1C134010116', '1', 'C1N05-16', '1C13401', null, null, '1C340010116', null);
INSERT INTO `eth` VALUES ('886', '1C134010117', '1', 'C1N05-17', '1C13401', null, null, '1C340010117', null);
INSERT INTO `eth` VALUES ('887', '1C134010118', '1', 'C1N05-18', '1C13401', null, null, '1C340010118', null);
INSERT INTO `eth` VALUES ('888', '1C134010119', '1', 'C1N05-19', '1C13401', null, null, '1C340010119', null);
INSERT INTO `eth` VALUES ('889', '1C134010120', '1', 'C1N05-20', '1C13401', null, null, '1C340010120', null);
INSERT INTO `eth` VALUES ('890', '1C134010121', '1', 'C1N05-21', '1C13401', null, null, '1C340010121', null);
INSERT INTO `eth` VALUES ('891', '1C134010122', '1', 'C1N05-22', '1C13401', null, null, '1C340010122', null);
INSERT INTO `eth` VALUES ('892', '1C134010123', '1', 'C1N05-23', '1C13401', null, null, '1C340010123', null);
INSERT INTO `eth` VALUES ('893', '1C134010124', '1', 'C1N05-24', '1C13401', null, null, '1C340010124', null);
INSERT INTO `eth` VALUES ('894', '1C132010101', '1', 'C1N06-01', '1C13201', null, null, '1C338010101', null);
INSERT INTO `eth` VALUES ('895', '1C132010102', '1', 'C1N06-02', '1C13201', null, null, '1C338010102', null);
INSERT INTO `eth` VALUES ('896', '1C132010103', '1', 'C1N06-03', '1C13201', null, null, '1C338010103', null);
INSERT INTO `eth` VALUES ('897', '1C132010104', '1', 'C1N06-04', '1C13201', null, null, '1C338010104', null);
INSERT INTO `eth` VALUES ('898', '1C132010105', '1', 'C1N06-05', '1C13201', null, null, '1C338010105', null);
INSERT INTO `eth` VALUES ('899', '1C132010106', '1', 'C1N06-06', '1C13201', null, null, '1C338010106', null);
INSERT INTO `eth` VALUES ('900', '1C132010107', '1', 'C1N06-07', '1C13201', null, null, '1C338010107', null);
INSERT INTO `eth` VALUES ('901', '1C132010108', '1', 'C1N06-08', '1C13201', null, null, '1C338010108', null);
INSERT INTO `eth` VALUES ('902', '1C132010109', '1', 'C1N06-09', '1C13201', null, null, '1C338010109', null);
INSERT INTO `eth` VALUES ('903', '1C132010110', '1', 'C1N06-10', '1C13201', null, null, '1C338010110', null);
INSERT INTO `eth` VALUES ('904', '1C132010111', '1', 'C1N06-11', '1C13201', null, null, '1C338010111', null);
INSERT INTO `eth` VALUES ('905', '1C132010112', '1', 'C1N06-12', '1C13201', null, null, '1C338010112', null);
INSERT INTO `eth` VALUES ('906', '1C130010101', '1', 'C1N07-01', '1C13001', null, null, '1C442010101', null);
INSERT INTO `eth` VALUES ('907', '1C130010102', '1', 'C1N07-02', '1C13001', null, null, '1C442010102', null);
INSERT INTO `eth` VALUES ('908', '1C130010103', '1', 'C1N07-03', '1C13001', null, null, '1C442010103', null);
INSERT INTO `eth` VALUES ('909', '1C130010104', '1', 'C1N07-04', '1C13001', null, null, '1C442010104', null);
INSERT INTO `eth` VALUES ('910', '1C130010105', '1', 'C1N07-05', '1C13001', null, null, '1C442010105', null);
INSERT INTO `eth` VALUES ('911', '1C130010106', '1', 'C1N07-06', '1C13001', null, null, '1C442010106', null);
INSERT INTO `eth` VALUES ('912', '1C130010107', '1', 'C1N07-07', '1C13001', null, null, '1C442010107', null);
INSERT INTO `eth` VALUES ('913', '1C130010108', '1', 'C1N07-08', '1C13001', null, null, '1C442010108', null);
INSERT INTO `eth` VALUES ('914', '1C130010109', '1', 'C1N07-09', '1C13001', null, null, '1C442010109', null);
INSERT INTO `eth` VALUES ('915', '1C130010110', '1', 'C1N07-10', '1C13001', null, null, '1C442010110', null);
INSERT INTO `eth` VALUES ('916', '1C130010111', '1', 'C1N07-11', '1C13001', null, null, '1C442010111', null);
INSERT INTO `eth` VALUES ('917', '1C130010112', '1', 'C1N07-12', '1C13001', null, null, '1C442010112', null);
INSERT INTO `eth` VALUES ('918', '1C130010113', '1', 'C1N07-13', '1C13001', null, null, '1C442010113', null);
INSERT INTO `eth` VALUES ('919', '1C130010114', '1', 'C1N07-14', '1C13001', null, null, '1C442010114', null);
INSERT INTO `eth` VALUES ('920', '1C130010115', '1', 'C1N07-15', '1C13001', null, null, '1C442010115', null);
INSERT INTO `eth` VALUES ('921', '1C130010116', '1', 'C1N07-16', '1C13001', null, null, '1C442010116', null);
INSERT INTO `eth` VALUES ('922', '1C128010101', '1', 'C1N08-01', '1C12801', null, null, '1C542010101', null);
INSERT INTO `eth` VALUES ('923', '1C128010102', '1', 'C1N08-02', '1C12801', null, null, '1C542010102', null);
INSERT INTO `eth` VALUES ('924', '1C128010103', '1', 'C1N08-03', '1C12801', null, null, '1C542010103', null);
INSERT INTO `eth` VALUES ('925', '1C128010104', '1', 'C1N08-04', '1C12801', null, null, '1C542010104', null);
INSERT INTO `eth` VALUES ('926', '1C128010105', '1', 'C1N08-05', '1C12801', null, null, '1C542010105', null);
INSERT INTO `eth` VALUES ('927', '1C128010106', '1', 'C1N08-06', '1C12801', null, null, '1C542010106', null);
INSERT INTO `eth` VALUES ('928', '1C128010107', '1', 'C1N08-07', '1C12801', null, null, '1C542010107', null);
INSERT INTO `eth` VALUES ('929', '1C128010108', '1', 'C1N08-08', '1C12801', null, null, '1C542010108', null);
INSERT INTO `eth` VALUES ('930', '1C128010109', '1', 'C1N08-09', '1C12801', null, null, '1C542010109', null);
INSERT INTO `eth` VALUES ('931', '1C128010110', '1', 'C1N08-10', '1C12801', null, null, '1C542010110', null);
INSERT INTO `eth` VALUES ('932', '1C128010111', '1', 'C1N08-11', '1C12801', null, null, '1C542010111', null);
INSERT INTO `eth` VALUES ('933', '1C128010112', '1', 'C1N08-12', '1C12801', null, null, '1C542010112', null);
INSERT INTO `eth` VALUES ('934', '1C128010113', '1', 'C1N08-13', '1C12801', null, null, '1C542010113', null);
INSERT INTO `eth` VALUES ('935', '1C128010114', '1', 'C1N08-14', '1C12801', null, null, '1C542010114', null);
INSERT INTO `eth` VALUES ('936', '1C128010115', '1', 'C1N08-15', '1C12801', null, null, '1C542010115', null);
INSERT INTO `eth` VALUES ('937', '1C128010116', '1', 'C1N08-16', '1C12801', null, null, '1C542010116', null);
INSERT INTO `eth` VALUES ('938', '1C126010101', '1', 'C1N09-01', '1C12601', null, null, '1C642010101', null);
INSERT INTO `eth` VALUES ('939', '1C126010102', '1', 'C1N09-02', '1C12601', null, null, '1C642010102', null);
INSERT INTO `eth` VALUES ('940', '1C126010103', '1', 'C1N09-03', '1C12601', null, null, '1C642010103', null);
INSERT INTO `eth` VALUES ('941', '1C126010104', '1', 'C1N09-04', '1C12601', null, null, '1C642010104', null);
INSERT INTO `eth` VALUES ('942', '1C126010105', '1', 'C1N09-05', '1C12601', null, null, '1C642010105', null);
INSERT INTO `eth` VALUES ('943', '1C126010106', '1', 'C1N09-06', '1C12601', null, null, '1C642010106', null);
INSERT INTO `eth` VALUES ('944', '1C126010107', '1', 'C1N09-07', '1C12601', null, null, '1C642010107', null);
INSERT INTO `eth` VALUES ('945', '1C126010108', '1', 'C1N09-08', '1C12601', null, null, '1C642010108', null);
INSERT INTO `eth` VALUES ('946', '1C126010109', '1', 'C1N09-09', '1C12601', null, null, '1C642010109', null);
INSERT INTO `eth` VALUES ('947', '1C126010110', '1', 'C1N09-10', '1C12601', null, null, '1C642010110', null);
INSERT INTO `eth` VALUES ('948', '1C126010111', '1', 'C1N09-11', '1C12601', null, null, '1C642010111', null);
INSERT INTO `eth` VALUES ('949', '1C126010112', '1', 'C1N09-12', '1C12601', null, null, '1C642010112', null);
INSERT INTO `eth` VALUES ('950', '1C126010113', '1', 'C1N09-13', '1C12601', null, null, '1C642010113', null);
INSERT INTO `eth` VALUES ('951', '1C126010114', '1', 'C1N09-14', '1C12601', null, null, '1C642010114', null);
INSERT INTO `eth` VALUES ('952', '1C126010115', '1', 'C1N09-15', '1C12601', null, null, '1C642010115', null);
INSERT INTO `eth` VALUES ('953', '1C126010116', '1', 'C1N09-16', '1C12601', null, null, '1C642010116', null);
INSERT INTO `eth` VALUES ('954', '1C124010101', '1', 'C1N10-01', '1C12401', null, null, '1C742010101', null);
INSERT INTO `eth` VALUES ('955', '1C124010102', '1', 'C1N10-02', '1C12401', null, null, '1C742010102', null);
INSERT INTO `eth` VALUES ('956', '1C124010103', '1', 'C1N10-03', '1C12401', null, null, '1C742010103', null);
INSERT INTO `eth` VALUES ('957', '1C124010104', '1', 'C1N10-04', '1C12401', null, null, '1C742010104', null);
INSERT INTO `eth` VALUES ('958', '1C124010105', '1', 'C1N10-05', '1C12401', null, null, '1C742010105', null);
INSERT INTO `eth` VALUES ('959', '1C124010106', '1', 'C1N10-06', '1C12401', null, null, '1C742010106', null);
INSERT INTO `eth` VALUES ('960', '1C124010107', '1', 'C1N10-07', '1C12401', null, null, '1C742010107', null);
INSERT INTO `eth` VALUES ('961', '1C124010108', '1', 'C1N10-08', '1C12401', null, null, '1C742010108', null);
INSERT INTO `eth` VALUES ('962', '1C124010109', '1', 'C1N10-09', '1C12401', null, null, '1C742010109', null);
INSERT INTO `eth` VALUES ('963', '1C124010110', '1', 'C1N10-10', '1C12401', null, null, '1C742010110', null);
INSERT INTO `eth` VALUES ('964', '1C124010111', '1', 'C1N10-11', '1C12401', null, null, '1C742010111', null);
INSERT INTO `eth` VALUES ('965', '1C124010112', '1', 'C1N10-12', '1C12401', null, null, '1C742010112', null);
INSERT INTO `eth` VALUES ('966', '1C124010113', '1', 'C1N10-13', '1C12401', null, null, '1C742010113', null);
INSERT INTO `eth` VALUES ('967', '1C124010114', '1', 'C1N10-14', '1C12401', null, null, '1C742010114', null);
INSERT INTO `eth` VALUES ('968', '1C124010115', '1', 'C1N10-15', '1C12401', null, null, '1C742010115', null);
INSERT INTO `eth` VALUES ('969', '1C124010116', '1', 'C1N10-16', '1C12401', null, null, '1C742010116', null);
INSERT INTO `eth` VALUES ('970', '1C122010101', '1', 'C1N11-01', '1C12201', null, null, '1C842010101', null);
INSERT INTO `eth` VALUES ('971', '1C122010102', '1', 'C1N11-02', '1C12201', null, null, '1C842010102', null);
INSERT INTO `eth` VALUES ('972', '1C122010103', '1', 'C1N11-03', '1C12201', null, null, '1C842010103', null);
INSERT INTO `eth` VALUES ('973', '1C122010104', '1', 'C1N11-04', '1C12201', null, null, '1C842010104', null);
INSERT INTO `eth` VALUES ('974', '1C122010105', '1', 'C1N11-05', '1C12201', null, null, '1C842010105', null);
INSERT INTO `eth` VALUES ('975', '1C122010106', '1', 'C1N11-06', '1C12201', null, null, '1C842010106', null);
INSERT INTO `eth` VALUES ('976', '1C122010107', '1', 'C1N11-07', '1C12201', null, null, '1C842010107', null);
INSERT INTO `eth` VALUES ('977', '1C122010108', '1', 'C1N11-08', '1C12201', null, null, '1C842010108', null);
INSERT INTO `eth` VALUES ('978', '1C122010109', '1', 'C1N11-09', '1C12201', null, null, '1C842010109', null);
INSERT INTO `eth` VALUES ('979', '1C122010110', '1', 'C1N11-10', '1C12201', null, null, '1C842010110', null);
INSERT INTO `eth` VALUES ('980', '1C122010111', '1', 'C1N11-11', '1C12201', null, null, '1C842010111', null);
INSERT INTO `eth` VALUES ('981', '1C122010112', '1', 'C1N11-12', '1C12201', null, null, '1C842010112', null);
INSERT INTO `eth` VALUES ('982', '1C122010113', '1', 'C1N11-13', '1C12201', null, null, '1C842010113', null);
INSERT INTO `eth` VALUES ('983', '1C122010114', '1', 'C1N11-14', '1C12201', null, null, '1C842010114', null);
INSERT INTO `eth` VALUES ('984', '1C122010115', '1', 'C1N11-15', '1C12201', null, null, '1C842010115', null);
INSERT INTO `eth` VALUES ('985', '1C122010116', '1', 'C1N11-16', '1C12201', null, null, '1C842010116', null);
INSERT INTO `eth` VALUES ('986', '1C120010101', '1', 'C1N12-01', '1C12001', null, null, '1C942010101', null);
INSERT INTO `eth` VALUES ('987', '1C120010102', '1', 'C1N12-02', '1C12001', null, null, '1C942010102', null);
INSERT INTO `eth` VALUES ('988', '1C120010103', '1', 'C1N12-03', '1C12001', null, null, '1C942010103', null);
INSERT INTO `eth` VALUES ('989', '1C120010104', '1', 'C1N12-04', '1C12001', null, null, '1C942010104', null);
INSERT INTO `eth` VALUES ('990', '1C120010105', '1', 'C1N12-05', '1C12001', null, null, '1C942010105', null);
INSERT INTO `eth` VALUES ('991', '1C120010106', '1', 'C1N12-06', '1C12001', null, null, '1C942010106', null);
INSERT INTO `eth` VALUES ('992', '1C120010107', '1', 'C1N12-07', '1C12001', null, null, '1C942010107', null);
INSERT INTO `eth` VALUES ('993', '1C120010108', '1', 'C1N12-08', '1C12001', null, null, '1C942010108', null);
INSERT INTO `eth` VALUES ('994', '1C120010109', '1', 'C1N12-09', '1C12001', null, null, '1C942010109', null);
INSERT INTO `eth` VALUES ('995', '1C120010110', '1', 'C1N12-10', '1C12001', null, null, '1C942010110', null);
INSERT INTO `eth` VALUES ('996', '1C120010111', '1', 'C1N12-11', '1C12001', null, null, '1C942010111', null);
INSERT INTO `eth` VALUES ('997', '1C120010112', '1', 'C1N12-12', '1C12001', null, null, '1C942010112', null);
INSERT INTO `eth` VALUES ('998', '1C120010113', '1', 'C1N12-13', '1C12001', null, null, '1C942010113', null);
INSERT INTO `eth` VALUES ('999', '1C120010114', '1', 'C1N12-14', '1C12001', null, null, '1C942010114', null);
INSERT INTO `eth` VALUES ('1000', '1C120010115', '1', 'C1N12-15', '1C12001', null, null, '1C942010115', null);
INSERT INTO `eth` VALUES ('1001', '1C120010116', '1', 'C1N12-16', '1C12001', null, null, '1C942010116', null);
INSERT INTO `eth` VALUES ('1002', '1C118010101', '1', 'C1N13-01', '1C11801', null, null, '1A116010101', null);
INSERT INTO `eth` VALUES ('1003', '1C118010102', '1', 'C1N13-02', '1C11801', null, null, '1A116010102', null);
INSERT INTO `eth` VALUES ('1004', '1C118010103', '1', 'C1N13-03', '1C11801', null, null, '1A116010103', null);
INSERT INTO `eth` VALUES ('1005', '1C118010104', '1', 'C1N13-04', '1C11801', null, null, '1A116010104', null);
INSERT INTO `eth` VALUES ('1006', '1C118010105', '1', 'C1N13-05', '1C11801', null, null, '1A116010105', null);
INSERT INTO `eth` VALUES ('1007', '1C118010106', '1', 'C1N13-06', '1C11801', null, null, '1A116010106', null);
INSERT INTO `eth` VALUES ('1008', '1C118010107', '1', 'C1N13-07', '1C11801', null, null, '1A116010107', null);
INSERT INTO `eth` VALUES ('1009', '1C118010108', '1', 'C1N13-08', '1C11801', null, null, '1A116010108', null);
INSERT INTO `eth` VALUES ('1010', '1C118010109', '1', 'C1N13-09', '1C11801', null, null, '1A116010109', null);
INSERT INTO `eth` VALUES ('1011', '1C118010110', '1', 'C1N13-10', '1C11801', null, null, '1A116010110', null);
INSERT INTO `eth` VALUES ('1012', '1C118010111', '1', 'C1N13-11', '1C11801', null, null, '1A116010111', null);
INSERT INTO `eth` VALUES ('1013', '1C118010112', '1', 'C1N13-12', '1C11801', null, null, '1A116010112', null);
INSERT INTO `eth` VALUES ('1014', '1C116010101', '1', 'C1N14-01', '1C11601', null, null, '1B128010101', null);
INSERT INTO `eth` VALUES ('1015', '1C116010102', '1', 'C1N14-02', '1C11601', null, null, '1B128010102', null);
INSERT INTO `eth` VALUES ('1016', '1C116010103', '1', 'C1N14-03', '1C11601', null, null, '1B128010103', null);
INSERT INTO `eth` VALUES ('1017', '1C116010104', '1', 'C1N14-04', '1C11601', null, null, '1B128010104', null);
INSERT INTO `eth` VALUES ('1018', '1C116010105', '1', 'C1N14-05', '1C11601', null, null, '1B128010105', null);
INSERT INTO `eth` VALUES ('1019', '1C116010106', '1', 'C1N14-06', '1C11601', null, null, '1B128010106', null);
INSERT INTO `eth` VALUES ('1020', '1C116010107', '1', 'C1N14-07', '1C11601', null, null, '1B128010107', null);
INSERT INTO `eth` VALUES ('1021', '1C116010108', '1', 'C1N14-08', '1C11601', null, null, '1B128010108', null);
INSERT INTO `eth` VALUES ('1022', '1C116010109', '1', 'C1N14-09', '1C11601', null, null, '1B128010109', null);
INSERT INTO `eth` VALUES ('1023', '1C116010110', '1', 'C1N14-10', '1C11601', null, null, '1B128010110', null);
INSERT INTO `eth` VALUES ('1024', '1C116010111', '1', 'C1N14-11', '1C11601', null, null, '1B128010111', null);
INSERT INTO `eth` VALUES ('1025', '1C116010112', '1', 'C1N14-12', '1C11601', null, null, '1B128010112', null);
INSERT INTO `eth` VALUES ('1026', '1C116010113', '1', 'C1N14-13', '1C11601', null, null, '1E126010101', null);
INSERT INTO `eth` VALUES ('1027', '1C116010114', '1', 'C1N14-14', '1C11601', null, null, '1E126010102', null);
INSERT INTO `eth` VALUES ('1028', '1C116010115', '1', 'C1N14-15', '1C11601', null, null, '1E126010103', null);
INSERT INTO `eth` VALUES ('1029', '1C116010116', '1', 'C1N14-16', '1C11601', null, null, '1E126010104', null);
INSERT INTO `eth` VALUES ('1030', '1C116010117', '1', 'C1N14-17', '1C11601', null, null, '1E126010105', null);
INSERT INTO `eth` VALUES ('1031', '1C116010118', '1', 'C1N14-18', '1C11601', null, null, '1E126010106', null);
INSERT INTO `eth` VALUES ('1032', '1C116010119', '1', 'C1N14-19', '1C11601', null, null, '1E126010107', null);
INSERT INTO `eth` VALUES ('1033', '1C116010120', '1', 'C1N14-20', '1C11601', null, null, '1E126010108', null);
INSERT INTO `eth` VALUES ('1034', '1C116010121', '1', 'C1N14-21', '1C11601', null, null, '1E126010109', null);
INSERT INTO `eth` VALUES ('1035', '1C116010122', '1', 'C1N14-22', '1C11601', null, null, '1E126010110', null);
INSERT INTO `eth` VALUES ('1036', '1C116010123', '1', 'C1N14-23', '1C11601', null, null, '1E126010111', null);
INSERT INTO `eth` VALUES ('1037', '1C116010124', '1', 'C1N14-24', '1C11601', null, null, '1E126010112', null);
INSERT INTO `eth` VALUES ('1038', '1C114010101', '1', 'C1N15-01', '1C11401', null, null, '1D132010101', null);
INSERT INTO `eth` VALUES ('1039', '1C114010102', '1', 'C1N15-02', '1C11401', null, null, '1D132010102', null);
INSERT INTO `eth` VALUES ('1040', '1C114010103', '1', 'C1N15-03', '1C11401', null, null, '1D132010103', null);
INSERT INTO `eth` VALUES ('1041', '1C114010104', '1', 'C1N15-04', '1C11401', null, null, '1D132010104', null);
INSERT INTO `eth` VALUES ('1042', '1C114010105', '1', 'C1N15-05', '1C11401', null, null, '1D132010105', null);
INSERT INTO `eth` VALUES ('1043', '1C114010106', '1', 'C1N15-06', '1C11401', null, null, '1D132010106', null);
INSERT INTO `eth` VALUES ('1044', '1C114010107', '1', 'C1N15-07', '1C11401', null, null, '1D132010107', null);
INSERT INTO `eth` VALUES ('1045', '1C114010108', '1', 'C1N15-08', '1C11401', null, null, '1D132010108', null);
INSERT INTO `eth` VALUES ('1046', '1C114010109', '1', 'C1N15-09', '1C11401', null, null, '1D132010109', null);
INSERT INTO `eth` VALUES ('1047', '1C114010110', '1', 'C1N15-10', '1C11401', null, null, '1D132010110', null);
INSERT INTO `eth` VALUES ('1048', '1C114010111', '1', 'C1N15-11', '1C11401', null, null, '1D132010111', null);
INSERT INTO `eth` VALUES ('1049', '1C114010112', '1', 'C1N15-12', '1C11401', null, null, '1D132010112', null);
INSERT INTO `eth` VALUES ('1050', '1C114010113', '1', 'C1N15-13', '1C11401', null, null, '1D132010113', null);
INSERT INTO `eth` VALUES ('1051', '1C114010114', '1', 'C1N15-14', '1C11401', null, null, '1D132010114', null);
INSERT INTO `eth` VALUES ('1052', '1C114010115', '1', 'C1N15-15', '1C11401', null, null, '1D132010115', null);
INSERT INTO `eth` VALUES ('1053', '1C114010116', '1', 'C1N15-16', '1C11401', null, null, '1D132010116', null);
INSERT INTO `eth` VALUES ('1054', '1C114010117', '1', 'C1N15-17', '1C11401', null, null, '1D132010117', null);
INSERT INTO `eth` VALUES ('1055', '1C114010118', '1', 'C1N15-18', '1C11401', null, null, '1D132010118', null);
INSERT INTO `eth` VALUES ('1056', '1C114010119', '1', 'C1N15-19', '1C11401', null, null, '1D132010119', null);
INSERT INTO `eth` VALUES ('1057', '1C114010120', '1', 'C1N15-20', '1C11401', null, null, '1D132010120', null);
INSERT INTO `eth` VALUES ('1058', '1C114010121', '1', 'C1N15-21', '1C11401', null, null, '1D132010121', null);
INSERT INTO `eth` VALUES ('1059', '1C114010122', '1', 'C1N15-22', '1C11401', null, null, '1D132010122', null);
INSERT INTO `eth` VALUES ('1060', '1C114010123', '1', 'C1N15-23', '1C11401', null, null, '1D132010123', null);
INSERT INTO `eth` VALUES ('1061', '1C114010124', '1', 'C1N15-24', '1C11401', null, null, '1D132010124', null);
INSERT INTO `eth` VALUES ('1062', '1C112010101', '1', 'C1N16-01', '1C11201', null, null, '1D130010101', null);
INSERT INTO `eth` VALUES ('1063', '1C112010102', '1', 'C1N16-02', '1C11201', null, null, '1D130010102', null);
INSERT INTO `eth` VALUES ('1064', '1C112010103', '1', 'C1N16-03', '1C11201', null, null, '1D130010103', null);
INSERT INTO `eth` VALUES ('1065', '1C112010104', '1', 'C1N16-04', '1C11201', null, null, '1D130010104', null);
INSERT INTO `eth` VALUES ('1066', '1C112010105', '1', 'C1N16-05', '1C11201', null, null, '1D130010105', null);
INSERT INTO `eth` VALUES ('1067', '1C112010106', '1', 'C1N16-06', '1C11201', null, null, '1D130010106', null);
INSERT INTO `eth` VALUES ('1068', '1C112010107', '1', 'C1N16-07', '1C11201', null, null, '1D130010107', null);
INSERT INTO `eth` VALUES ('1069', '1C112010108', '1', 'C1N16-08', '1C11201', null, null, '1D130010108', null);
INSERT INTO `eth` VALUES ('1070', '1C112010109', '1', 'C1N16-09', '1C11201', null, null, '1D130010109', null);
INSERT INTO `eth` VALUES ('1071', '1C112010110', '1', 'C1N16-10', '1C11201', null, null, '1D130010110', null);
INSERT INTO `eth` VALUES ('1072', '1C112010111', '1', 'C1N16-11', '1C11201', null, null, '1D130010111', null);
INSERT INTO `eth` VALUES ('1073', '1C112010112', '1', 'C1N16-12', '1C11201', null, null, '1D130010112', null);
INSERT INTO `eth` VALUES ('1074', '1C112010113', '1', 'C1N16-13', '1C11201', null, null, '1D130010113', null);
INSERT INTO `eth` VALUES ('1075', '1C112010114', '1', 'C1N16-14', '1C11201', null, null, '1D130010114', null);
INSERT INTO `eth` VALUES ('1076', '1C112010115', '1', 'C1N16-15', '1C11201', null, null, '1D130010115', null);
INSERT INTO `eth` VALUES ('1077', '1C112010116', '1', 'C1N16-16', '1C11201', null, null, '1D130010116', null);
INSERT INTO `eth` VALUES ('1078', '1C112010117', '1', 'C1N16-17', '1C11201', null, null, '1D130010117', null);
INSERT INTO `eth` VALUES ('1079', '1C112010118', '1', 'C1N16-18', '1C11201', null, null, '1D130010118', null);
INSERT INTO `eth` VALUES ('1080', '1C112010119', '1', 'C1N16-19', '1C11201', null, null, '1D130010119', null);
INSERT INTO `eth` VALUES ('1081', '1C112010120', '1', 'C1N16-20', '1C11201', null, null, '1D130010120', null);
INSERT INTO `eth` VALUES ('1082', '1C112010121', '1', 'C1N16-21', '1C11201', null, null, '1D130010121', null);
INSERT INTO `eth` VALUES ('1083', '1C112010122', '1', 'C1N16-22', '1C11201', null, null, '1D130010122', null);
INSERT INTO `eth` VALUES ('1084', '1C112010123', '1', 'C1N16-23', '1C11201', null, null, '1D130010123', null);
INSERT INTO `eth` VALUES ('1085', '1C112010124', '1', 'C1N16-24', '1C11201', null, null, '1D130010124', null);
INSERT INTO `eth` VALUES ('1086', '1C110010101', '1', 'C1N17-01', '1C11001', null, null, '1C842010117', null);
INSERT INTO `eth` VALUES ('1087', '1C110010102', '1', 'C1N17-02', '1C11001', null, null, '1C842010118', null);
INSERT INTO `eth` VALUES ('1088', '1C110010103', '1', 'C1N17-03', '1C11001', null, null, '1C842010119', null);
INSERT INTO `eth` VALUES ('1089', '1C110010104', '1', 'C1N17-04', '1C11001', null, null, '1C842010120', null);
INSERT INTO `eth` VALUES ('1090', '1C110010105', '1', 'C1N17-05', '1C11001', null, null, '1C842010121', null);
INSERT INTO `eth` VALUES ('1091', '1C110010106', '1', 'C1N17-06', '1C11001', null, null, '1C842010122', null);
INSERT INTO `eth` VALUES ('1092', '1C110010107', '1', 'C1N17-07', '1C11001', null, null, '1C842010123', null);
INSERT INTO `eth` VALUES ('1093', '1C110010108', '1', 'C1N17-08', '1C11001', null, null, '1C842010124', null);
INSERT INTO `eth` VALUES ('1094', '1C110010109', '1', 'C1N17-09', '1C11001', null, null, '1C942010117', null);
INSERT INTO `eth` VALUES ('1095', '1C110010110', '1', 'C1N17-10', '1C11001', null, null, '1C942010118', null);
INSERT INTO `eth` VALUES ('1096', '1C110010111', '1', 'C1N17-11', '1C11001', null, null, '1C942010119', null);
INSERT INTO `eth` VALUES ('1097', '1C110010112', '1', 'C1N17-12', '1C11001', null, null, '1C942010120', null);
INSERT INTO `eth` VALUES ('1098', '1C110010113', '1', 'C1N17-13', '1C11001', null, null, '1C942010121', null);
INSERT INTO `eth` VALUES ('1099', '1C110010114', '1', 'C1N17-14', '1C11001', null, null, '1C942010122', null);
INSERT INTO `eth` VALUES ('1100', '1C110010115', '1', 'C1N17-15', '1C11001', null, null, '1C942010123', null);
INSERT INTO `eth` VALUES ('1101', '1C110010116', '1', 'C1N17-16', '1C11001', null, null, '1C942010124', null);
INSERT INTO `eth` VALUES ('1102', '1C242010101', '1', 'C2N01-01', '1C24201', null, null, '1C142010101', null);
INSERT INTO `eth` VALUES ('1103', '1C242010102', '1', 'C2N01-02', '1C24201', null, null, '1C142010102', null);
INSERT INTO `eth` VALUES ('1104', '1C242010103', '1', 'C2N01-03', '1C24201', null, null, '1C142010103', null);
INSERT INTO `eth` VALUES ('1105', '1C242010104', '1', 'C2N01-04', '1C24201', null, null, '1C142010104', null);
INSERT INTO `eth` VALUES ('1106', '1C242010105', '1', 'C2N01-05', '1C24201', null, null, '1C142010105', null);
INSERT INTO `eth` VALUES ('1107', '1C242010106', '1', 'C2N01-06', '1C24201', null, null, '1C142010106', null);
INSERT INTO `eth` VALUES ('1108', '1C242010107', '1', 'C2N01-07', '1C24201', null, null, '1C142010107', null);
INSERT INTO `eth` VALUES ('1109', '1C242010108', '1', 'C2N01-08', '1C24201', null, null, '1C142010108', null);
INSERT INTO `eth` VALUES ('1110', '1C242010109', '1', 'C2N01-09', '1C24201', null, null, '1C142010109', null);
INSERT INTO `eth` VALUES ('1111', '1C242010110', '1', 'C2N01-10', '1C24201', null, null, '1C142010110', null);
INSERT INTO `eth` VALUES ('1112', '1C242010111', '1', 'C2N01-11', '1C24201', null, null, '1C142010111', null);
INSERT INTO `eth` VALUES ('1113', '1C242010112', '1', 'C2N01-12', '1C24201', null, null, '1C142010112', null);
INSERT INTO `eth` VALUES ('1114', '1C242010113', '1', 'C2N01-13', '1C24201', null, null, '1C142010113', null);
INSERT INTO `eth` VALUES ('1115', '1C242010114', '1', 'C2N01-14', '1C24201', null, null, '1C142010114', null);
INSERT INTO `eth` VALUES ('1116', '1C242010115', '1', 'C2N01-15', '1C24201', null, null, '1C142010115', null);
INSERT INTO `eth` VALUES ('1117', '1C242010116', '1', 'C2N01-16', '1C24201', null, null, '1C142010116', null);
INSERT INTO `eth` VALUES ('1118', '1C242010117', '1', 'C2N01-17', '1C24201', null, null, '1C142010117', null);
INSERT INTO `eth` VALUES ('1119', '1C242010118', '1', 'C2N01-18', '1C24201', null, null, '1C142010118', null);
INSERT INTO `eth` VALUES ('1120', '1C242010119', '1', 'C2N01-19', '1C24201', null, null, '1C142010119', null);
INSERT INTO `eth` VALUES ('1121', '1C242010120', '1', 'C2N01-20', '1C24201', null, null, '1C142010120', null);
INSERT INTO `eth` VALUES ('1122', '1C242010121', '1', 'C2N01-21', '1C24201', null, null, '1C142010121', null);
INSERT INTO `eth` VALUES ('1123', '1C242010122', '1', 'C2N01-22', '1C24201', null, null, '1C142010122', null);
INSERT INTO `eth` VALUES ('1124', '1C242010123', '1', 'C2N01-23', '1C24201', null, null, '1C142010123', null);
INSERT INTO `eth` VALUES ('1125', '1C242010124', '1', 'C2N01-24', '1C24201', null, null, '1C142010124', null);
INSERT INTO `eth` VALUES ('1126', '1C240010101', '1', 'C2N02-01', '1C24001', null, null, '1C140010101', null);
INSERT INTO `eth` VALUES ('1127', '1C240010102', '1', 'C2N02-02', '1C24001', null, null, '1C140010102', null);
INSERT INTO `eth` VALUES ('1128', '1C240010103', '1', 'C2N02-03', '1C24001', null, null, '1C140010103', null);
INSERT INTO `eth` VALUES ('1129', '1C240010104', '1', 'C2N02-04', '1C24001', null, null, '1C140010104', null);
INSERT INTO `eth` VALUES ('1130', '1C240010105', '1', 'C2N02-05', '1C24001', null, null, '1C140010105', null);
INSERT INTO `eth` VALUES ('1131', '1C240010106', '1', 'C2N02-06', '1C24001', null, null, '1C140010106', null);
INSERT INTO `eth` VALUES ('1132', '1C240010107', '1', 'C2N02-07', '1C24001', null, null, '1C140010107', null);
INSERT INTO `eth` VALUES ('1133', '1C240010108', '1', 'C2N02-08', '1C24001', null, null, '1C140010108', null);
INSERT INTO `eth` VALUES ('1134', '1C240010109', '1', 'C2N02-09', '1C24001', null, null, '1C140010109', null);
INSERT INTO `eth` VALUES ('1135', '1C240010110', '1', 'C2N02-10', '1C24001', null, null, '1C140010110', null);
INSERT INTO `eth` VALUES ('1136', '1C240010111', '1', 'C2N02-11', '1C24001', null, null, '1C140010111', null);
INSERT INTO `eth` VALUES ('1137', '1C240010112', '1', 'C2N02-12', '1C24001', null, null, '1C140010112', null);
INSERT INTO `eth` VALUES ('1138', '1C240010113', '1', 'C2N02-13', '1C24001', null, null, '1C140010113', null);
INSERT INTO `eth` VALUES ('1139', '1C240010114', '1', 'C2N02-14', '1C24001', null, null, '1C140010114', null);
INSERT INTO `eth` VALUES ('1140', '1C240010115', '1', 'C2N02-15', '1C24001', null, null, '1C140010115', null);
INSERT INTO `eth` VALUES ('1141', '1C240010116', '1', 'C2N02-16', '1C24001', null, null, '1C140010116', null);
INSERT INTO `eth` VALUES ('1142', '1C240010117', '1', 'C2N02-17', '1C24001', null, null, '1C140010117', null);
INSERT INTO `eth` VALUES ('1143', '1C240010118', '1', 'C2N02-18', '1C24001', null, null, '1C140010118', null);
INSERT INTO `eth` VALUES ('1144', '1C240010119', '1', 'C2N02-19', '1C24001', null, null, '1C140010119', null);
INSERT INTO `eth` VALUES ('1145', '1C240010120', '1', 'C2N02-20', '1C24001', null, null, '1C140010120', null);
INSERT INTO `eth` VALUES ('1146', '1C240010121', '1', 'C2N02-21', '1C24001', null, null, '1C140010121', null);
INSERT INTO `eth` VALUES ('1147', '1C240010122', '1', 'C2N02-22', '1C24001', null, null, '1C140010122', null);
INSERT INTO `eth` VALUES ('1148', '1C240010123', '1', 'C2N02-23', '1C24001', null, null, '1C140010123', null);
INSERT INTO `eth` VALUES ('1149', '1C240010124', '1', 'C2N02-24', '1C24001', null, null, '1C140010124', null);
INSERT INTO `eth` VALUES ('1150', '1C238010101', '1', 'C2N03-01', '1C23801', null, null, '1C138010101', null);
INSERT INTO `eth` VALUES ('1151', '1C238010102', '1', 'C2N03-02', '1C23801', null, null, '1C138010102', null);
INSERT INTO `eth` VALUES ('1152', '1C238010103', '1', 'C2N03-03', '1C23801', null, null, '1C138010103', null);
INSERT INTO `eth` VALUES ('1153', '1C238010104', '1', 'C2N03-04', '1C23801', null, null, '1C138010104', null);
INSERT INTO `eth` VALUES ('1154', '1C238010105', '1', 'C2N03-05', '1C23801', null, null, '1C138010105', null);
INSERT INTO `eth` VALUES ('1155', '1C238010106', '1', 'C2N03-06', '1C23801', null, null, '1C138010106', null);
INSERT INTO `eth` VALUES ('1156', '1C238010107', '1', 'C2N03-07', '1C23801', null, null, '1C138010107', null);
INSERT INTO `eth` VALUES ('1157', '1C238010108', '1', 'C2N03-08', '1C23801', null, null, '1C138010108', null);
INSERT INTO `eth` VALUES ('1158', '1C238010109', '1', 'C2N03-09', '1C23801', null, null, '1C138010109', null);
INSERT INTO `eth` VALUES ('1159', '1C238010110', '1', 'C2N03-10', '1C23801', null, null, '1C138010110', null);
INSERT INTO `eth` VALUES ('1160', '1C238010111', '1', 'C2N03-11', '1C23801', null, null, '1C138010111', null);
INSERT INTO `eth` VALUES ('1161', '1C238010112', '1', 'C2N03-12', '1C23801', null, null, '1C138010112', null);
INSERT INTO `eth` VALUES ('1162', '1C342010101', '1', 'C3N01-01', '1C34201', null, null, '1C136010101', null);
INSERT INTO `eth` VALUES ('1163', '1C342010102', '1', 'C3N01-02', '1C34201', null, null, '1C136010102', null);
INSERT INTO `eth` VALUES ('1164', '1C342010103', '1', 'C3N01-03', '1C34201', null, null, '1C136010103', null);
INSERT INTO `eth` VALUES ('1165', '1C342010104', '1', 'C3N01-04', '1C34201', null, null, '1C136010104', null);
INSERT INTO `eth` VALUES ('1166', '1C342010105', '1', 'C3N01-05', '1C34201', null, null, '1C136010105', null);
INSERT INTO `eth` VALUES ('1167', '1C342010106', '1', 'C3N01-06', '1C34201', null, null, '1C136010106', null);
INSERT INTO `eth` VALUES ('1168', '1C342010107', '1', 'C3N01-07', '1C34201', null, null, '1C136010107', null);
INSERT INTO `eth` VALUES ('1169', '1C342010108', '1', 'C3N01-08', '1C34201', null, null, '1C136010108', null);
INSERT INTO `eth` VALUES ('1170', '1C342010109', '1', 'C3N01-09', '1C34201', null, null, '1C136010109', null);
INSERT INTO `eth` VALUES ('1171', '1C342010110', '1', 'C3N01-10', '1C34201', null, null, '1C136010110', null);
INSERT INTO `eth` VALUES ('1172', '1C342010111', '1', 'C3N01-11', '1C34201', null, null, '1C136010111', null);
INSERT INTO `eth` VALUES ('1173', '1C342010112', '1', 'C3N01-12', '1C34201', null, null, '1C136010112', null);
INSERT INTO `eth` VALUES ('1174', '1C342010113', '1', 'C3N01-13', '1C34201', null, null, '1C136010113', null);
INSERT INTO `eth` VALUES ('1175', '1C342010114', '1', 'C3N01-14', '1C34201', null, null, '1C136010114', null);
INSERT INTO `eth` VALUES ('1176', '1C342010115', '1', 'C3N01-15', '1C34201', null, null, '1C136010115', null);
INSERT INTO `eth` VALUES ('1177', '1C342010116', '1', 'C3N01-16', '1C34201', null, null, '1C136010116', null);
INSERT INTO `eth` VALUES ('1178', '1C342010117', '1', 'C3N01-17', '1C34201', null, null, '1C136010117', null);
INSERT INTO `eth` VALUES ('1179', '1C342010118', '1', 'C3N01-18', '1C34201', null, null, '1C136010118', null);
INSERT INTO `eth` VALUES ('1180', '1C342010119', '1', 'C3N01-19', '1C34201', null, null, '1C136010119', null);
INSERT INTO `eth` VALUES ('1181', '1C342010120', '1', 'C3N01-20', '1C34201', null, null, '1C136010120', null);
INSERT INTO `eth` VALUES ('1182', '1C342010121', '1', 'C3N01-21', '1C34201', null, null, '1C136010121', null);
INSERT INTO `eth` VALUES ('1183', '1C342010122', '1', 'C3N01-22', '1C34201', null, null, '1C136010122', null);
INSERT INTO `eth` VALUES ('1184', '1C342010123', '1', 'C3N01-23', '1C34201', null, null, '1C136010123', null);
INSERT INTO `eth` VALUES ('1185', '1C342010124', '1', 'C3N01-24', '1C34201', null, null, '1C136010124', null);
INSERT INTO `eth` VALUES ('1186', '1C340010101', '1', 'C3N02-01', '1C34001', null, null, '1C134010101', null);
INSERT INTO `eth` VALUES ('1187', '1C340010102', '1', 'C3N02-02', '1C34001', null, null, '1C134010102', null);
INSERT INTO `eth` VALUES ('1188', '1C340010103', '1', 'C3N02-03', '1C34001', null, null, '1C134010103', null);
INSERT INTO `eth` VALUES ('1189', '1C340010104', '1', 'C3N02-04', '1C34001', null, null, '1C134010104', null);
INSERT INTO `eth` VALUES ('1190', '1C340010105', '1', 'C3N02-05', '1C34001', null, null, '1C134010105', null);
INSERT INTO `eth` VALUES ('1191', '1C340010106', '1', 'C3N02-06', '1C34001', null, null, '1C134010106', null);
INSERT INTO `eth` VALUES ('1192', '1C340010107', '1', 'C3N02-07', '1C34001', null, null, '1C134010107', null);
INSERT INTO `eth` VALUES ('1193', '1C340010108', '1', 'C3N02-08', '1C34001', null, null, '1C134010108', null);
INSERT INTO `eth` VALUES ('1194', '1C340010109', '1', 'C3N02-09', '1C34001', null, null, '1C134010109', null);
INSERT INTO `eth` VALUES ('1195', '1C340010110', '1', 'C3N02-10', '1C34001', null, null, '1C134010110', null);
INSERT INTO `eth` VALUES ('1196', '1C340010111', '1', 'C3N02-11', '1C34001', null, null, '1C134010111', null);
INSERT INTO `eth` VALUES ('1197', '1C340010112', '1', 'C3N02-12', '1C34001', null, null, '1C134010112', null);
INSERT INTO `eth` VALUES ('1198', '1C340010113', '1', 'C3N02-13', '1C34001', null, null, '1C134010113', null);
INSERT INTO `eth` VALUES ('1199', '1C340010114', '1', 'C3N02-14', '1C34001', null, null, '1C134010114', null);
INSERT INTO `eth` VALUES ('1200', '1C340010115', '1', 'C3N02-15', '1C34001', null, null, '1C134010115', null);
INSERT INTO `eth` VALUES ('1201', '1C340010116', '1', 'C3N02-16', '1C34001', null, null, '1C134010116', null);
INSERT INTO `eth` VALUES ('1202', '1C340010117', '1', 'C3N02-17', '1C34001', null, null, '1C134010117', null);
INSERT INTO `eth` VALUES ('1203', '1C340010118', '1', 'C3N02-18', '1C34001', null, null, '1C134010118', null);
INSERT INTO `eth` VALUES ('1204', '1C340010119', '1', 'C3N02-19', '1C34001', null, null, '1C134010119', null);
INSERT INTO `eth` VALUES ('1205', '1C340010120', '1', 'C3N02-20', '1C34001', null, null, '1C134010120', null);
INSERT INTO `eth` VALUES ('1206', '1C340010121', '1', 'C3N02-21', '1C34001', null, null, '1C134010121', null);
INSERT INTO `eth` VALUES ('1207', '1C340010122', '1', 'C3N02-22', '1C34001', null, null, '1C134010122', null);
INSERT INTO `eth` VALUES ('1208', '1C340010123', '1', 'C3N02-23', '1C34001', null, null, '1C134010123', null);
INSERT INTO `eth` VALUES ('1209', '1C340010124', '1', 'C3N02-24', '1C34001', null, null, '1C134010124', null);
INSERT INTO `eth` VALUES ('1210', '1C338010101', '1', 'C3N03-01', '1C33801', null, null, '1C132010101', null);
INSERT INTO `eth` VALUES ('1211', '1C338010102', '1', 'C3N03-02', '1C33801', null, null, '1C132010102', null);
INSERT INTO `eth` VALUES ('1212', '1C338010103', '1', 'C3N03-03', '1C33801', null, null, '1C132010103', null);
INSERT INTO `eth` VALUES ('1213', '1C338010104', '1', 'C3N03-04', '1C33801', null, null, '1C132010104', null);
INSERT INTO `eth` VALUES ('1214', '1C338010105', '1', 'C3N03-05', '1C33801', null, null, '1C132010105', null);
INSERT INTO `eth` VALUES ('1215', '1C338010106', '1', 'C3N03-06', '1C33801', null, null, '1C132010106', null);
INSERT INTO `eth` VALUES ('1216', '1C338010107', '1', 'C3N03-07', '1C33801', null, null, '1C132010107', null);
INSERT INTO `eth` VALUES ('1217', '1C338010108', '1', 'C3N03-08', '1C33801', null, null, '1C132010108', null);
INSERT INTO `eth` VALUES ('1218', '1C338010109', '1', 'C3N03-09', '1C33801', null, null, '1C132010109', null);
INSERT INTO `eth` VALUES ('1219', '1C338010110', '1', 'C3N03-10', '1C33801', null, null, '1C132010110', null);
INSERT INTO `eth` VALUES ('1220', '1C338010111', '1', 'C3N03-11', '1C33801', null, null, '1C132010111', null);
INSERT INTO `eth` VALUES ('1221', '1C338010112', '1', 'C3N03-12', '1C33801', null, null, '1C132010112', null);
INSERT INTO `eth` VALUES ('1222', '1C442010101', '1', 'C4N01-01', '1C44201', null, null, '1C130010101', null);
INSERT INTO `eth` VALUES ('1223', '1C442010102', '1', 'C4N01-02', '1C44201', null, null, '1C130010102', null);
INSERT INTO `eth` VALUES ('1224', '1C442010103', '1', 'C4N01-03', '1C44201', null, null, '1C130010103', null);
INSERT INTO `eth` VALUES ('1225', '1C442010104', '1', 'C4N01-04', '1C44201', null, null, '1C130010104', null);
INSERT INTO `eth` VALUES ('1226', '1C442010105', '1', 'C4N01-05', '1C44201', null, null, '1C130010105', null);
INSERT INTO `eth` VALUES ('1227', '1C442010106', '1', 'C4N01-06', '1C44201', null, null, '1C130010106', null);
INSERT INTO `eth` VALUES ('1228', '1C442010107', '1', 'C4N01-07', '1C44201', null, null, '1C130010107', null);
INSERT INTO `eth` VALUES ('1229', '1C442010108', '1', 'C4N01-08', '1C44201', null, null, '1C130010108', null);
INSERT INTO `eth` VALUES ('1230', '1C442010109', '1', 'C4N01-09', '1C44201', null, null, '1C130010109', null);
INSERT INTO `eth` VALUES ('1231', '1C442010110', '1', 'C4N01-10', '1C44201', null, null, '1C130010110', null);
INSERT INTO `eth` VALUES ('1232', '1C442010111', '1', 'C4N01-11', '1C44201', null, null, '1C130010111', null);
INSERT INTO `eth` VALUES ('1233', '1C442010112', '1', 'C4N01-12', '1C44201', null, null, '1C130010112', null);
INSERT INTO `eth` VALUES ('1234', '1C442010113', '1', 'C4N01-13', '1C44201', null, null, '1C130010113', null);
INSERT INTO `eth` VALUES ('1235', '1C442010114', '1', 'C4N01-14', '1C44201', null, null, '1C130010114', null);
INSERT INTO `eth` VALUES ('1236', '1C442010115', '1', 'C4N01-15', '1C44201', null, null, '1C130010115', null);
INSERT INTO `eth` VALUES ('1237', '1C442010116', '1', 'C4N01-16', '1C44201', null, null, '1C130010116', null);
INSERT INTO `eth` VALUES ('1238', '1C542010101', '1', 'C5N01-01', '1C54201', null, null, '1C128010101', null);
INSERT INTO `eth` VALUES ('1239', '1C542010102', '1', 'C5N01-02', '1C54201', null, null, '1C128010102', null);
INSERT INTO `eth` VALUES ('1240', '1C542010103', '1', 'C5N01-03', '1C54201', null, null, '1C128010103', null);
INSERT INTO `eth` VALUES ('1241', '1C542010104', '1', 'C5N01-04', '1C54201', null, null, '1C128010104', null);
INSERT INTO `eth` VALUES ('1242', '1C542010105', '1', 'C5N01-05', '1C54201', null, null, '1C128010105', null);
INSERT INTO `eth` VALUES ('1243', '1C542010106', '1', 'C5N01-06', '1C54201', null, null, '1C128010106', null);
INSERT INTO `eth` VALUES ('1244', '1C542010107', '1', 'C5N01-07', '1C54201', null, null, '1C128010107', null);
INSERT INTO `eth` VALUES ('1245', '1C542010108', '1', 'C5N01-08', '1C54201', null, null, '1C128010108', null);
INSERT INTO `eth` VALUES ('1246', '1C542010109', '1', 'C5N01-09', '1C54201', null, null, '1C128010109', null);
INSERT INTO `eth` VALUES ('1247', '1C542010110', '1', 'C5N01-10', '1C54201', null, null, '1C128010110', null);
INSERT INTO `eth` VALUES ('1248', '1C542010111', '1', 'C5N01-11', '1C54201', null, null, '1C128010111', null);
INSERT INTO `eth` VALUES ('1249', '1C542010112', '1', 'C5N01-12', '1C54201', null, null, '1C128010112', null);
INSERT INTO `eth` VALUES ('1250', '1C542010113', '1', 'C5N01-13', '1C54201', null, null, '1C128010113', null);
INSERT INTO `eth` VALUES ('1251', '1C542010114', '1', 'C5N01-14', '1C54201', null, null, '1C128010114', null);
INSERT INTO `eth` VALUES ('1252', '1C542010115', '1', 'C5N01-15', '1C54201', null, null, '1C128010115', null);
INSERT INTO `eth` VALUES ('1253', '1C542010116', '1', 'C5N01-16', '1C54201', null, null, '1C128010116', null);
INSERT INTO `eth` VALUES ('1254', '1C642010101', '1', 'C6N01-01', '1C64201', null, null, '1C126010101', null);
INSERT INTO `eth` VALUES ('1255', '1C642010102', '1', 'C6N01-02', '1C64201', null, null, '1C126010102', null);
INSERT INTO `eth` VALUES ('1256', '1C642010103', '1', 'C6N01-03', '1C64201', null, null, '1C126010103', null);
INSERT INTO `eth` VALUES ('1257', '1C642010104', '1', 'C6N01-04', '1C64201', null, null, '1C126010104', null);
INSERT INTO `eth` VALUES ('1258', '1C642010105', '1', 'C6N01-05', '1C64201', null, null, '1C126010105', null);
INSERT INTO `eth` VALUES ('1259', '1C642010106', '1', 'C6N01-06', '1C64201', null, null, '1C126010106', null);
INSERT INTO `eth` VALUES ('1260', '1C642010107', '1', 'C6N01-07', '1C64201', null, null, '1C126010107', null);
INSERT INTO `eth` VALUES ('1261', '1C642010108', '1', 'C6N01-08', '1C64201', null, null, '1C126010108', null);
INSERT INTO `eth` VALUES ('1262', '1C642010109', '1', 'C6N01-09', '1C64201', null, null, '1C126010109', null);
INSERT INTO `eth` VALUES ('1263', '1C642010110', '1', 'C6N01-10', '1C64201', null, null, '1C126010110', null);
INSERT INTO `eth` VALUES ('1264', '1C642010111', '1', 'C6N01-11', '1C64201', null, null, '1C126010111', null);
INSERT INTO `eth` VALUES ('1265', '1C642010112', '1', 'C6N01-12', '1C64201', null, null, '1C126010112', null);
INSERT INTO `eth` VALUES ('1266', '1C642010113', '1', 'C6N01-13', '1C64201', null, null, '1C126010113', null);
INSERT INTO `eth` VALUES ('1267', '1C642010114', '1', 'C6N01-14', '1C64201', null, null, '1C126010114', null);
INSERT INTO `eth` VALUES ('1268', '1C642010115', '1', 'C6N01-15', '1C64201', null, null, '1C126010115', null);
INSERT INTO `eth` VALUES ('1269', '1C642010116', '1', 'C6N01-16', '1C64201', null, null, '1C126010116', null);
INSERT INTO `eth` VALUES ('1270', '1C742010101', '1', 'C7N01-01', '1C74201', null, null, '1C124010101', null);
INSERT INTO `eth` VALUES ('1271', '1C742010102', '1', 'C7N01-02', '1C74201', null, null, '1C124010102', null);
INSERT INTO `eth` VALUES ('1272', '1C742010103', '1', 'C7N01-03', '1C74201', null, null, '1C124010103', null);
INSERT INTO `eth` VALUES ('1273', '1C742010104', '1', 'C7N01-04', '1C74201', null, null, '1C124010104', null);
INSERT INTO `eth` VALUES ('1274', '1C742010105', '1', 'C7N01-05', '1C74201', null, null, '1C124010105', null);
INSERT INTO `eth` VALUES ('1275', '1C742010106', '1', 'C7N01-06', '1C74201', null, null, '1C124010106', null);
INSERT INTO `eth` VALUES ('1276', '1C742010107', '1', 'C7N01-07', '1C74201', null, null, '1C124010107', null);
INSERT INTO `eth` VALUES ('1277', '1C742010108', '1', 'C7N01-08', '1C74201', null, null, '1C124010108', null);
INSERT INTO `eth` VALUES ('1278', '1C742010109', '1', 'C7N01-09', '1C74201', null, null, '1C124010109', null);
INSERT INTO `eth` VALUES ('1279', '1C742010110', '1', 'C7N01-10', '1C74201', null, null, '1C124010110', null);
INSERT INTO `eth` VALUES ('1280', '1C742010111', '1', 'C7N01-11', '1C74201', null, null, '1C124010111', null);
INSERT INTO `eth` VALUES ('1281', '1C742010112', '1', 'C7N01-12', '1C74201', null, null, '1C124010112', null);
INSERT INTO `eth` VALUES ('1282', '1C742010113', '1', 'C7N01-13', '1C74201', null, null, '1C124010113', null);
INSERT INTO `eth` VALUES ('1283', '1C742010114', '1', 'C7N01-14', '1C74201', null, null, '1C124010114', null);
INSERT INTO `eth` VALUES ('1284', '1C742010115', '1', 'C7N01-15', '1C74201', null, null, '1C124010115', null);
INSERT INTO `eth` VALUES ('1285', '1C742010116', '1', 'C7N01-16', '1C74201', null, null, '1C124010116', null);
INSERT INTO `eth` VALUES ('1286', '1C842010101', '1', 'C8N01-01', '1C84201', null, null, '1C122010101', null);
INSERT INTO `eth` VALUES ('1287', '1C842010102', '1', 'C8N01-02', '1C84201', null, null, '1C122010102', null);
INSERT INTO `eth` VALUES ('1288', '1C842010103', '1', 'C8N01-03', '1C84201', null, null, '1C122010103', null);
INSERT INTO `eth` VALUES ('1289', '1C842010104', '1', 'C8N01-04', '1C84201', null, null, '1C122010104', null);
INSERT INTO `eth` VALUES ('1290', '1C842010105', '1', 'C8N01-05', '1C84201', null, null, '1C122010105', null);
INSERT INTO `eth` VALUES ('1291', '1C842010106', '1', 'C8N01-06', '1C84201', null, null, '1C122010106', null);
INSERT INTO `eth` VALUES ('1292', '1C842010107', '1', 'C8N01-07', '1C84201', null, null, '1C122010107', null);
INSERT INTO `eth` VALUES ('1293', '1C842010108', '1', 'C8N01-08', '1C84201', null, null, '1C122010108', null);
INSERT INTO `eth` VALUES ('1294', '1C842010109', '1', 'C8N01-09', '1C84201', null, null, '1C122010109', null);
INSERT INTO `eth` VALUES ('1295', '1C842010110', '1', 'C8N01-10', '1C84201', null, null, '1C122010110', null);
INSERT INTO `eth` VALUES ('1296', '1C842010111', '1', 'C8N01-11', '1C84201', null, null, '1C122010111', null);
INSERT INTO `eth` VALUES ('1297', '1C842010112', '1', 'C8N01-12', '1C84201', null, null, '1C122010112', null);
INSERT INTO `eth` VALUES ('1298', '1C842010113', '1', 'C8N01-13', '1C84201', null, null, '1C122010113', null);
INSERT INTO `eth` VALUES ('1299', '1C842010114', '1', 'C8N01-14', '1C84201', null, null, '1C122010114', null);
INSERT INTO `eth` VALUES ('1300', '1C842010115', '1', 'C8N01-15', '1C84201', null, null, '1C122010115', null);
INSERT INTO `eth` VALUES ('1301', '1C842010116', '1', 'C8N01-16', '1C84201', null, null, '1C122010116', null);
INSERT INTO `eth` VALUES ('1302', '1C942010101', '1', 'C9N01-01', '1C94201', null, null, '1C120010101', null);
INSERT INTO `eth` VALUES ('1303', '1C942010102', '1', 'C9N01-02', '1C94201', null, null, '1C120010102', null);
INSERT INTO `eth` VALUES ('1304', '1C942010103', '1', 'C9N01-03', '1C94201', null, null, '1C120010103', null);
INSERT INTO `eth` VALUES ('1305', '1C942010104', '1', 'C9N01-04', '1C94201', null, null, '1C120010104', null);
INSERT INTO `eth` VALUES ('1306', '1C942010105', '1', 'C9N01-05', '1C94201', null, null, '1C120010105', null);
INSERT INTO `eth` VALUES ('1307', '1C942010106', '1', 'C9N01-06', '1C94201', null, null, '1C120010106', null);
INSERT INTO `eth` VALUES ('1308', '1C942010107', '1', 'C9N01-07', '1C94201', null, null, '1C120010107', null);
INSERT INTO `eth` VALUES ('1309', '1C942010108', '1', 'C9N01-08', '1C94201', null, null, '1C120010108', null);
INSERT INTO `eth` VALUES ('1310', '1C942010109', '1', 'C9N01-09', '1C94201', null, null, '1C120010109', null);
INSERT INTO `eth` VALUES ('1311', '1C942010110', '1', 'C9N01-10', '1C94201', null, null, '1C120010110', null);
INSERT INTO `eth` VALUES ('1312', '1C942010111', '1', 'C9N01-11', '1C94201', null, null, '1C120010111', null);
INSERT INTO `eth` VALUES ('1313', '1C942010112', '1', 'C9N01-12', '1C94201', null, null, '1C120010112', null);
INSERT INTO `eth` VALUES ('1314', '1C942010113', '1', 'C9N01-13', '1C94201', null, null, '1C120010113', null);
INSERT INTO `eth` VALUES ('1315', '1C942010114', '1', 'C9N01-14', '1C94201', null, null, '1C120010114', null);
INSERT INTO `eth` VALUES ('1316', '1C942010115', '1', 'C9N01-15', '1C94201', null, null, '1C120010115', null);
INSERT INTO `eth` VALUES ('1317', '1C942010116', '1', 'C9N01-16', '1C94201', null, null, '1C120010116', null);
INSERT INTO `eth` VALUES ('1318', '1C842010117', '1', 'C8N01-17', '1C84201', null, null, '1C110010101', null);
INSERT INTO `eth` VALUES ('1319', '1C842010118', '1', 'C8N01-18', '1C84201', null, null, '1C110010102', null);
INSERT INTO `eth` VALUES ('1320', '1C842010119', '1', 'C8N01-19', '1C84201', null, null, '1C110010103', null);
INSERT INTO `eth` VALUES ('1321', '1C842010120', '1', 'C8N01-20', '1C84201', null, null, '1C110010104', null);
INSERT INTO `eth` VALUES ('1322', '1C842010121', '1', 'C8N01-21', '1C84201', null, null, '1C110010105', null);
INSERT INTO `eth` VALUES ('1323', '1C842010122', '1', 'C8N01-22', '1C84201', null, null, '1C110010106', null);
INSERT INTO `eth` VALUES ('1324', '1C842010123', '1', 'C8N01-23', '1C84201', null, null, '1C110010107', null);
INSERT INTO `eth` VALUES ('1325', '1C842010124', '1', 'C8N01-24', '1C84201', null, null, '1C110010108', null);
INSERT INTO `eth` VALUES ('1326', '1C942010117', '1', 'C9N01-17', '1C94201', null, null, '1C110010109', null);
INSERT INTO `eth` VALUES ('1327', '1C942010118', '1', 'C9N01-18', '1C94201', null, null, '1C110010110', null);
INSERT INTO `eth` VALUES ('1328', '1C942010119', '1', 'C9N01-19', '1C94201', null, null, '1C110010111', null);
INSERT INTO `eth` VALUES ('1329', '1C942010120', '1', 'C9N01-20', '1C94201', null, null, '1C110010112', null);
INSERT INTO `eth` VALUES ('1330', '1C942010121', '1', 'C9N01-21', '1C94201', null, null, '1C110010113', null);
INSERT INTO `eth` VALUES ('1331', '1C942010122', '1', 'C9N01-22', '1C94201', null, null, '1C110010114', null);
INSERT INTO `eth` VALUES ('1332', '1C942010123', '1', 'C9N01-23', '1C94201', null, null, '1C110010115', null);
INSERT INTO `eth` VALUES ('1333', '1C942010124', '1', 'C9N01-24', '1C94201', null, null, '1C110010116', null);
INSERT INTO `eth` VALUES ('1334', '1D142010101', '1', 'D1N01-01', '1D14201', null, null, '1D242010101', null);
INSERT INTO `eth` VALUES ('1335', '1D142010102', '1', 'D1N01-02', '1D14201', null, null, '1D242010102', null);
INSERT INTO `eth` VALUES ('1336', '1D142010103', '1', 'D1N01-03', '1D14201', null, null, '1D242010103', null);
INSERT INTO `eth` VALUES ('1337', '1D142010104', '1', 'D1N01-04', '1D14201', null, null, '1D242010104', null);
INSERT INTO `eth` VALUES ('1338', '1D142010105', '1', 'D1N01-05', '1D14201', null, null, '1D242010105', null);
INSERT INTO `eth` VALUES ('1339', '1D142010106', '1', 'D1N01-06', '1D14201', null, null, '1D242010106', null);
INSERT INTO `eth` VALUES ('1340', '1D142010107', '1', 'D1N01-07', '1D14201', null, null, '1D242010107', null);
INSERT INTO `eth` VALUES ('1341', '1D142010108', '1', 'D1N01-08', '1D14201', null, null, '1D242010108', null);
INSERT INTO `eth` VALUES ('1342', '1D142010109', '1', 'D1N01-09', '1D14201', null, null, '1D242010109', null);
INSERT INTO `eth` VALUES ('1343', '1D142010110', '1', 'D1N01-10', '1D14201', null, null, '1D242010110', null);
INSERT INTO `eth` VALUES ('1344', '1D142010111', '1', 'D1N01-11', '1D14201', null, null, '1D242010111', null);
INSERT INTO `eth` VALUES ('1345', '1D142010112', '1', 'D1N01-12', '1D14201', null, null, '1D242010112', null);
INSERT INTO `eth` VALUES ('1346', '1D142010113', '1', 'D1N01-13', '1D14201', null, null, '1D342010101', null);
INSERT INTO `eth` VALUES ('1347', '1D142010114', '1', 'D1N01-14', '1D14201', null, null, '1D342010102', null);
INSERT INTO `eth` VALUES ('1348', '1D142010115', '1', 'D1N01-15', '1D14201', null, null, '1D342010103', null);
INSERT INTO `eth` VALUES ('1349', '1D142010116', '1', 'D1N01-16', '1D14201', null, null, '1D342010104', null);
INSERT INTO `eth` VALUES ('1350', '1D142010117', '1', 'D1N01-17', '1D14201', null, null, '1D342010105', null);
INSERT INTO `eth` VALUES ('1351', '1D142010118', '1', 'D1N01-18', '1D14201', null, null, '1D342010106', null);
INSERT INTO `eth` VALUES ('1352', '1D142010119', '1', 'D1N01-19', '1D14201', null, null, '1D342010107', null);
INSERT INTO `eth` VALUES ('1353', '1D142010120', '1', 'D1N01-20', '1D14201', null, null, '1D342010108', null);
INSERT INTO `eth` VALUES ('1354', '1D142010121', '1', 'D1N01-21', '1D14201', null, null, '1D342010109', null);
INSERT INTO `eth` VALUES ('1355', '1D142010122', '1', 'D1N01-22', '1D14201', null, null, '1D342010110', null);
INSERT INTO `eth` VALUES ('1356', '1D142010123', '1', 'D1N01-23', '1D14201', null, null, '1D342010111', null);
INSERT INTO `eth` VALUES ('1357', '1D142010124', '1', 'D1N01-24', '1D14201', null, null, '1D342010112', null);
INSERT INTO `eth` VALUES ('1358', '1D140010101', '1', 'D1N02-01', '1D14001', null, null, '1D442010101', null);
INSERT INTO `eth` VALUES ('1359', '1D140010102', '1', 'D1N02-02', '1D14001', null, null, '1D442010102', null);
INSERT INTO `eth` VALUES ('1360', '1D140010103', '1', 'D1N02-03', '1D14001', null, null, '1D442010103', null);
INSERT INTO `eth` VALUES ('1361', '1D140010104', '1', 'D1N02-04', '1D14001', null, null, '1D442010104', null);
INSERT INTO `eth` VALUES ('1362', '1D140010105', '1', 'D1N02-05', '1D14001', null, null, '1D442010105', null);
INSERT INTO `eth` VALUES ('1363', '1D140010106', '1', 'D1N02-06', '1D14001', null, null, '1D442010106', null);
INSERT INTO `eth` VALUES ('1364', '1D140010107', '1', 'D1N02-07', '1D14001', null, null, '1D442010107', null);
INSERT INTO `eth` VALUES ('1365', '1D140010108', '1', 'D1N02-08', '1D14001', null, null, '1D442010108', null);
INSERT INTO `eth` VALUES ('1366', '1D140010109', '1', 'D1N02-09', '1D14001', null, null, '1D442010109', null);
INSERT INTO `eth` VALUES ('1367', '1D140010110', '1', 'D1N02-10', '1D14001', null, null, '1D442010110', null);
INSERT INTO `eth` VALUES ('1368', '1D140010111', '1', 'D1N02-11', '1D14001', null, null, '1D442010111', null);
INSERT INTO `eth` VALUES ('1369', '1D140010112', '1', 'D1N02-12', '1D14001', null, null, '1D442010112', null);
INSERT INTO `eth` VALUES ('1370', '1D140010113', '1', 'D1N02-13', '1D14001', null, null, '1D542010101', null);
INSERT INTO `eth` VALUES ('1371', '1D140010114', '1', 'D1N02-14', '1D14001', null, null, '1D542010102', null);
INSERT INTO `eth` VALUES ('1372', '1D140010115', '1', 'D1N02-15', '1D14001', null, null, '1D542010103', null);
INSERT INTO `eth` VALUES ('1373', '1D140010116', '1', 'D1N02-16', '1D14001', null, null, '1D542010104', null);
INSERT INTO `eth` VALUES ('1374', '1D140010117', '1', 'D1N02-17', '1D14001', null, null, '1D542010105', null);
INSERT INTO `eth` VALUES ('1375', '1D140010118', '1', 'D1N02-18', '1D14001', null, null, '1D542010106', null);
INSERT INTO `eth` VALUES ('1376', '1D140010119', '1', 'D1N02-19', '1D14001', null, null, '1D542010107', null);
INSERT INTO `eth` VALUES ('1377', '1D140010120', '1', 'D1N02-20', '1D14001', null, null, '1D542010108', null);
INSERT INTO `eth` VALUES ('1378', '1D140010121', '1', 'D1N02-21', '1D14001', null, null, '1D542010109', null);
INSERT INTO `eth` VALUES ('1379', '1D140010122', '1', 'D1N02-22', '1D14001', null, null, '1D542010110', null);
INSERT INTO `eth` VALUES ('1380', '1D140010123', '1', 'D1N02-23', '1D14001', null, null, '1D542010111', null);
INSERT INTO `eth` VALUES ('1381', '1D140010124', '1', 'D1N02-24', '1D14001', null, null, '1D542010112', null);
INSERT INTO `eth` VALUES ('1382', '1D138010101', '1', 'D1N03-01', '1D13801', null, null, '1D642010101', null);
INSERT INTO `eth` VALUES ('1383', '1D138010102', '1', 'D1N03-02', '1D13801', null, null, '1D642010102', null);
INSERT INTO `eth` VALUES ('1384', '1D138010103', '1', 'D1N03-03', '1D13801', null, null, '1D642010103', null);
INSERT INTO `eth` VALUES ('1385', '1D138010104', '1', 'D1N03-04', '1D13801', null, null, '1D642010104', null);
INSERT INTO `eth` VALUES ('1386', '1D138010105', '1', 'D1N03-05', '1D13801', null, null, '1D642010105', null);
INSERT INTO `eth` VALUES ('1387', '1D138010106', '1', 'D1N03-06', '1D13801', null, null, '1D642010106', null);
INSERT INTO `eth` VALUES ('1388', '1D138010107', '1', 'D1N03-07', '1D13801', null, null, '1D642010107', null);
INSERT INTO `eth` VALUES ('1389', '1D138010108', '1', 'D1N03-08', '1D13801', null, null, '1D642010108', null);
INSERT INTO `eth` VALUES ('1390', '1D138010109', '1', 'D1N03-09', '1D13801', null, null, '1D642010109', null);
INSERT INTO `eth` VALUES ('1391', '1D138010110', '1', 'D1N03-10', '1D13801', null, null, '1D642010110', null);
INSERT INTO `eth` VALUES ('1392', '1D138010111', '1', 'D1N03-11', '1D13801', null, null, '1D642010111', null);
INSERT INTO `eth` VALUES ('1393', '1D138010112', '1', 'D1N03-12', '1D13801', null, null, '1D642010112', null);
INSERT INTO `eth` VALUES ('1394', '1D138010113', '1', 'D1N03-13', '1D13801', null, null, '1D742010101', null);
INSERT INTO `eth` VALUES ('1395', '1D138010114', '1', 'D1N03-14', '1D13801', null, null, '1D742010102', null);
INSERT INTO `eth` VALUES ('1396', '1D138010115', '1', 'D1N03-15', '1D13801', null, null, '1D742010103', null);
INSERT INTO `eth` VALUES ('1397', '1D138010116', '1', 'D1N03-16', '1D13801', null, null, '1D742010104', null);
INSERT INTO `eth` VALUES ('1398', '1D138010117', '1', 'D1N03-17', '1D13801', null, null, '1D742010105', null);
INSERT INTO `eth` VALUES ('1399', '1D138010118', '1', 'D1N03-18', '1D13801', null, null, '1D742010106', null);
INSERT INTO `eth` VALUES ('1400', '1D138010119', '1', 'D1N03-19', '1D13801', null, null, '1D742010107', null);
INSERT INTO `eth` VALUES ('1401', '1D138010120', '1', 'D1N03-20', '1D13801', null, null, '1D742010108', null);
INSERT INTO `eth` VALUES ('1402', '1D138010121', '1', 'D1N03-21', '1D13801', null, null, '1D742010109', null);
INSERT INTO `eth` VALUES ('1403', '1D138010122', '1', 'D1N03-22', '1D13801', null, null, '1D742010110', null);
INSERT INTO `eth` VALUES ('1404', '1D138010123', '1', 'D1N03-23', '1D13801', null, null, '1D742010111', null);
INSERT INTO `eth` VALUES ('1405', '1D138010124', '1', 'D1N03-24', '1D13801', null, null, '1D742010112', null);
INSERT INTO `eth` VALUES ('1406', '1D136010101', '1', 'D1N04-01', '1D13601', null, null, '1D842010101', null);
INSERT INTO `eth` VALUES ('1407', '1D136010102', '1', 'D1N04-02', '1D13601', null, null, '1D842010102', null);
INSERT INTO `eth` VALUES ('1408', '1D136010103', '1', 'D1N04-03', '1D13601', null, null, '1D842010103', null);
INSERT INTO `eth` VALUES ('1409', '1D136010104', '1', 'D1N04-04', '1D13601', null, null, '1D842010104', null);
INSERT INTO `eth` VALUES ('1410', '1D136010105', '1', 'D1N04-05', '1D13601', null, null, '1D842010105', null);
INSERT INTO `eth` VALUES ('1411', '1D136010106', '1', 'D1N04-06', '1D13601', null, null, '1D842010106', null);
INSERT INTO `eth` VALUES ('1412', '1D136010107', '1', 'D1N04-07', '1D13601', null, null, '1D842010107', null);
INSERT INTO `eth` VALUES ('1413', '1D136010108', '1', 'D1N04-08', '1D13601', null, null, '1D842010108', null);
INSERT INTO `eth` VALUES ('1414', '1D136010109', '1', 'D1N04-09', '1D13601', null, null, '1D842010109', null);
INSERT INTO `eth` VALUES ('1415', '1D136010110', '1', 'D1N04-10', '1D13601', null, null, '1D842010110', null);
INSERT INTO `eth` VALUES ('1416', '1D136010111', '1', 'D1N04-11', '1D13601', null, null, '1D842010111', null);
INSERT INTO `eth` VALUES ('1417', '1D136010112', '1', 'D1N04-12', '1D13601', null, null, '1D842010112', null);
INSERT INTO `eth` VALUES ('1418', '1D136010113', '1', 'D1N04-13', '1D13601', null, null, '1D942010101', null);
INSERT INTO `eth` VALUES ('1419', '1D136010114', '1', 'D1N04-14', '1D13601', null, null, '1D942010102', null);
INSERT INTO `eth` VALUES ('1420', '1D136010115', '1', 'D1N04-15', '1D13601', null, null, '1D942010103', null);
INSERT INTO `eth` VALUES ('1421', '1D136010116', '1', 'D1N04-16', '1D13601', null, null, '1D942010104', null);
INSERT INTO `eth` VALUES ('1422', '1D136010117', '1', 'D1N04-17', '1D13601', null, null, '1D942010105', null);
INSERT INTO `eth` VALUES ('1423', '1D136010118', '1', 'D1N04-18', '1D13601', null, null, '1D942010106', null);
INSERT INTO `eth` VALUES ('1424', '1D136010119', '1', 'D1N04-19', '1D13601', null, null, '1D942010107', null);
INSERT INTO `eth` VALUES ('1425', '1D136010120', '1', 'D1N04-20', '1D13601', null, null, '1D942010108', null);
INSERT INTO `eth` VALUES ('1426', '1D136010121', '1', 'D1N04-21', '1D13601', null, null, '1D942010109', null);
INSERT INTO `eth` VALUES ('1427', '1D136010122', '1', 'D1N04-22', '1D13601', null, null, '1D942010110', null);
INSERT INTO `eth` VALUES ('1428', '1D136010123', '1', 'D1N04-23', '1D13601', null, null, '1D942010111', null);
INSERT INTO `eth` VALUES ('1429', '1D136010124', '1', 'D1N04-24', '1D13601', null, null, '1D942010112', null);
INSERT INTO `eth` VALUES ('1430', '1D134010101', '1', 'D1N05-01', '1D13401', null, null, '1A116010113', null);
INSERT INTO `eth` VALUES ('1431', '1D134010102', '1', 'D1N05-02', '1D13401', null, null, '1A116010114', null);
INSERT INTO `eth` VALUES ('1432', '1D134010103', '1', 'D1N05-03', '1D13401', null, null, '1A116010115', null);
INSERT INTO `eth` VALUES ('1433', '1D134010104', '1', 'D1N05-04', '1D13401', null, null, '1A116010116', null);
INSERT INTO `eth` VALUES ('1434', '1D134010105', '1', 'D1N05-05', '1D13401', null, null, '1A116010117', null);
INSERT INTO `eth` VALUES ('1435', '1D134010106', '1', 'D1N05-06', '1D13401', null, null, '1A116010118', null);
INSERT INTO `eth` VALUES ('1436', '1D134010107', '1', 'D1N05-07', '1D13401', null, null, '1A116010119', null);
INSERT INTO `eth` VALUES ('1437', '1D134010108', '1', 'D1N05-08', '1D13401', null, null, '1A116010120', null);
INSERT INTO `eth` VALUES ('1438', '1D134010109', '1', 'D1N05-09', '1D13401', null, null, '1A116010121', null);
INSERT INTO `eth` VALUES ('1439', '1D134010110', '1', 'D1N05-10', '1D13401', null, null, '1A116010122', null);
INSERT INTO `eth` VALUES ('1440', '1D134010111', '1', 'D1N05-11', '1D13401', null, null, '1A116010123', null);
INSERT INTO `eth` VALUES ('1441', '1D134010112', '1', 'D1N05-12', '1D13401', null, null, '1A116010124', null);
INSERT INTO `eth` VALUES ('1442', '1D134010113', '1', 'D1N05-13', '1D13401', null, null, '1E126010113', null);
INSERT INTO `eth` VALUES ('1443', '1D134010114', '1', 'D1N05-14', '1D13401', null, null, '1E126010114', null);
INSERT INTO `eth` VALUES ('1444', '1D134010115', '1', 'D1N05-15', '1D13401', null, null, '1E126010115', null);
INSERT INTO `eth` VALUES ('1445', '1D134010116', '1', 'D1N05-16', '1D13401', null, null, '1E126010116', null);
INSERT INTO `eth` VALUES ('1446', '1D134010117', '1', 'D1N05-17', '1D13401', null, null, '1E126010117', null);
INSERT INTO `eth` VALUES ('1447', '1D134010118', '1', 'D1N05-18', '1D13401', null, null, '1E126010118', null);
INSERT INTO `eth` VALUES ('1448', '1D134010119', '1', 'D1N05-19', '1D13401', null, null, '1E126010121', null);
INSERT INTO `eth` VALUES ('1449', '1D134010120', '1', 'D1N05-20', '1D13401', null, null, '1E126010122', null);
INSERT INTO `eth` VALUES ('1450', '1D132010101', '1', 'D1N06-01', '1D13201', null, null, '1C114010101', null);
INSERT INTO `eth` VALUES ('1451', '1D132010102', '1', 'D1N06-02', '1D13201', null, null, '1C114010102', null);
INSERT INTO `eth` VALUES ('1452', '1D132010103', '1', 'D1N06-03', '1D13201', null, null, '1C114010103', null);
INSERT INTO `eth` VALUES ('1453', '1D132010104', '1', 'D1N06-04', '1D13201', null, null, '1C114010104', null);
INSERT INTO `eth` VALUES ('1454', '1D132010105', '1', 'D1N06-05', '1D13201', null, null, '1C114010105', null);
INSERT INTO `eth` VALUES ('1455', '1D132010106', '1', 'D1N06-06', '1D13201', null, null, '1C114010106', null);
INSERT INTO `eth` VALUES ('1456', '1D132010107', '1', 'D1N06-07', '1D13201', null, null, '1C114010107', null);
INSERT INTO `eth` VALUES ('1457', '1D132010108', '1', 'D1N06-08', '1D13201', null, null, '1C114010108', null);
INSERT INTO `eth` VALUES ('1458', '1D132010109', '1', 'D1N06-09', '1D13201', null, null, '1C114010109', null);
INSERT INTO `eth` VALUES ('1459', '1D132010110', '1', 'D1N06-10', '1D13201', null, null, '1C114010110', null);
INSERT INTO `eth` VALUES ('1460', '1D132010111', '1', 'D1N06-11', '1D13201', null, null, '1C114010111', null);
INSERT INTO `eth` VALUES ('1461', '1D132010112', '1', 'D1N06-12', '1D13201', null, null, '1C114010112', null);
INSERT INTO `eth` VALUES ('1462', '1D132010113', '1', 'D1N06-13', '1D13201', null, null, '1C114010113', null);
INSERT INTO `eth` VALUES ('1463', '1D132010114', '1', 'D1N06-14', '1D13201', null, null, '1C114010114', null);
INSERT INTO `eth` VALUES ('1464', '1D132010115', '1', 'D1N06-15', '1D13201', null, null, '1C114010115', null);
INSERT INTO `eth` VALUES ('1465', '1D132010116', '1', 'D1N06-16', '1D13201', null, null, '1C114010116', null);
INSERT INTO `eth` VALUES ('1466', '1D132010117', '1', 'D1N06-17', '1D13201', null, null, '1C114010117', null);
INSERT INTO `eth` VALUES ('1467', '1D132010118', '1', 'D1N06-18', '1D13201', null, null, '1C114010118', null);
INSERT INTO `eth` VALUES ('1468', '1D132010119', '1', 'D1N06-19', '1D13201', null, null, '1C114010119', null);
INSERT INTO `eth` VALUES ('1469', '1D132010120', '1', 'D1N06-20', '1D13201', null, null, '1C114010120', null);
INSERT INTO `eth` VALUES ('1470', '1D132010121', '1', 'D1N06-21', '1D13201', null, null, '1C114010121', null);
INSERT INTO `eth` VALUES ('1471', '1D132010122', '1', 'D1N06-22', '1D13201', null, null, '1C114010122', null);
INSERT INTO `eth` VALUES ('1472', '1D132010123', '1', 'D1N06-23', '1D13201', null, null, '1C114010123', null);
INSERT INTO `eth` VALUES ('1473', '1D132010124', '1', 'D1N06-24', '1D13201', null, null, '1C114010124', null);
INSERT INTO `eth` VALUES ('1474', '1D130010101', '1', 'D1N07-01', '1D13001', null, null, '1C112010101', null);
INSERT INTO `eth` VALUES ('1475', '1D130010102', '1', 'D1N07-02', '1D13001', null, null, '1C112010102', null);
INSERT INTO `eth` VALUES ('1476', '1D130010103', '1', 'D1N07-03', '1D13001', null, null, '1C112010103', null);
INSERT INTO `eth` VALUES ('1477', '1D130010104', '1', 'D1N07-04', '1D13001', null, null, '1C112010104', null);
INSERT INTO `eth` VALUES ('1478', '1D130010105', '1', 'D1N07-05', '1D13001', null, null, '1C112010105', null);
INSERT INTO `eth` VALUES ('1479', '1D130010106', '1', 'D1N07-06', '1D13001', null, null, '1C112010106', null);
INSERT INTO `eth` VALUES ('1480', '1D130010107', '1', 'D1N07-07', '1D13001', null, null, '1C112010107', null);
INSERT INTO `eth` VALUES ('1481', '1D130010108', '1', 'D1N07-08', '1D13001', null, null, '1C112010108', null);
INSERT INTO `eth` VALUES ('1482', '1D130010109', '1', 'D1N07-09', '1D13001', null, null, '1C112010109', null);
INSERT INTO `eth` VALUES ('1483', '1D130010110', '1', 'D1N07-10', '1D13001', null, null, '1C112010110', null);
INSERT INTO `eth` VALUES ('1484', '1D130010111', '1', 'D1N07-11', '1D13001', null, null, '1C112010111', null);
INSERT INTO `eth` VALUES ('1485', '1D130010112', '1', 'D1N07-12', '1D13001', null, null, '1C112010112', null);
INSERT INTO `eth` VALUES ('1486', '1D130010113', '1', 'D1N07-13', '1D13001', null, null, '1C112010113', null);
INSERT INTO `eth` VALUES ('1487', '1D130010114', '1', 'D1N07-14', '1D13001', null, null, '1C112010114', null);
INSERT INTO `eth` VALUES ('1488', '1D130010115', '1', 'D1N07-15', '1D13001', null, null, '1C112010115', null);
INSERT INTO `eth` VALUES ('1489', '1D130010116', '1', 'D1N07-16', '1D13001', null, null, '1C112010116', null);
INSERT INTO `eth` VALUES ('1490', '1D130010117', '1', 'D1N07-17', '1D13001', null, null, '1C112010117', null);
INSERT INTO `eth` VALUES ('1491', '1D130010118', '1', 'D1N07-18', '1D13001', null, null, '1C112010118', null);
INSERT INTO `eth` VALUES ('1492', '1D130010119', '1', 'D1N07-19', '1D13001', null, null, '1C112010119', null);
INSERT INTO `eth` VALUES ('1493', '1D130010120', '1', 'D1N07-20', '1D13001', null, null, '1C112010120', null);
INSERT INTO `eth` VALUES ('1494', '1D130010121', '1', 'D1N07-21', '1D13001', null, null, '1C112010121', null);
INSERT INTO `eth` VALUES ('1495', '1D130010122', '1', 'D1N07-22', '1D13001', null, null, '1C112010122', null);
INSERT INTO `eth` VALUES ('1496', '1D130010123', '1', 'D1N07-23', '1D13001', null, null, '1C112010123', null);
INSERT INTO `eth` VALUES ('1497', '1D130010124', '1', 'D1N07-24', '1D13001', null, null, '1C112010124', null);
INSERT INTO `eth` VALUES ('1498', '1D128010101', '1', 'D1N08-01', '1D12801', null, null, '1D342010113', null);
INSERT INTO `eth` VALUES ('1499', '1D128010102', '1', 'D1N08-02', '1D12801', null, null, '1D342010114', null);
INSERT INTO `eth` VALUES ('1500', '1D128010103', '1', 'D1N08-03', '1D12801', null, null, '1D342010115', null);
INSERT INTO `eth` VALUES ('1501', '1D128010104', '1', 'D1N08-04', '1D12801', null, null, '1D342010116', null);
INSERT INTO `eth` VALUES ('1502', '1D128010105', '1', 'D1N08-05', '1D12801', null, null, '1D342010117', null);
INSERT INTO `eth` VALUES ('1503', '1D128010106', '1', 'D1N08-06', '1D12801', null, null, '1D342010118', null);
INSERT INTO `eth` VALUES ('1504', '1D128010107', '1', 'D1N08-07', '1D12801', null, null, '1D342010119', null);
INSERT INTO `eth` VALUES ('1505', '1D128010108', '1', 'D1N08-08', '1D12801', null, null, '1D342010120', null);
INSERT INTO `eth` VALUES ('1506', '1D128010109', '1', 'D1N08-09', '1D12801', null, null, '1D342010121', null);
INSERT INTO `eth` VALUES ('1507', '1D128010110', '1', 'D1N08-10', '1D12801', null, null, '1D342010122', null);
INSERT INTO `eth` VALUES ('1508', '1D128010111', '1', 'D1N08-11', '1D12801', null, null, '1D342010123', null);
INSERT INTO `eth` VALUES ('1509', '1D128010112', '1', 'D1N08-12', '1D12801', null, null, '1D342010124', null);
INSERT INTO `eth` VALUES ('1510', '1D128010113', '1', 'D1N08-13', '1D12801', null, null, '1D242010113', null);
INSERT INTO `eth` VALUES ('1511', '1D128010114', '1', 'D1N08-14', '1D12801', null, null, '1D242010114', null);
INSERT INTO `eth` VALUES ('1512', '1D128010115', '1', 'D1N08-15', '1D12801', null, null, '1D242010115', null);
INSERT INTO `eth` VALUES ('1513', '1D128010116', '1', 'D1N08-16', '1D12801', null, null, '1D242010116', null);
INSERT INTO `eth` VALUES ('1514', '1D128010117', '1', 'D1N08-17', '1D12801', null, null, '1D242010117', null);
INSERT INTO `eth` VALUES ('1515', '1D128010118', '1', 'D1N08-18', '1D12801', null, null, '1D242010118', null);
INSERT INTO `eth` VALUES ('1516', '1D128010119', '1', 'D1N08-19', '1D12801', null, null, '1D242010119', null);
INSERT INTO `eth` VALUES ('1517', '1D128010120', '1', 'D1N08-20', '1D12801', null, null, '1D242010120', null);
INSERT INTO `eth` VALUES ('1518', '1D128010121', '1', 'D1N08-21', '1D12801', null, null, '1D242010121', null);
INSERT INTO `eth` VALUES ('1519', '1D128010122', '1', 'D1N08-22', '1D12801', null, null, '1D242010122', null);
INSERT INTO `eth` VALUES ('1520', '1D128010123', '1', 'D1N08-23', '1D12801', null, null, '1D242010123', null);
INSERT INTO `eth` VALUES ('1521', '1D128010124', '1', 'D1N08-24', '1D12801', null, null, '1D242010124', null);
INSERT INTO `eth` VALUES ('1522', '1D126010101', '1', 'D1N09-01', '1D12601', null, null, '1D542010113', null);
INSERT INTO `eth` VALUES ('1523', '1D126010102', '1', 'D1N09-02', '1D12601', null, null, '1D542010114', null);
INSERT INTO `eth` VALUES ('1524', '1D126010103', '1', 'D1N09-03', '1D12601', null, null, '1D542010115', null);
INSERT INTO `eth` VALUES ('1525', '1D126010104', '1', 'D1N09-04', '1D12601', null, null, '1D542010116', null);
INSERT INTO `eth` VALUES ('1526', '1D126010105', '1', 'D1N09-05', '1D12601', null, null, '1D542010117', null);
INSERT INTO `eth` VALUES ('1527', '1D126010106', '1', 'D1N09-06', '1D12601', null, null, '1D542010118', null);
INSERT INTO `eth` VALUES ('1528', '1D126010107', '1', 'D1N09-07', '1D12601', null, null, '1D542010119', null);
INSERT INTO `eth` VALUES ('1529', '1D126010108', '1', 'D1N09-08', '1D12601', null, null, '1D542010120', null);
INSERT INTO `eth` VALUES ('1530', '1D126010109', '1', 'D1N09-09', '1D12601', null, null, '1D542010121', null);
INSERT INTO `eth` VALUES ('1531', '1D126010110', '1', 'D1N09-10', '1D12601', null, null, '1D542010122', null);
INSERT INTO `eth` VALUES ('1532', '1D126010111', '1', 'D1N09-11', '1D12601', null, null, '1D542010123', null);
INSERT INTO `eth` VALUES ('1533', '1D126010112', '1', 'D1N09-12', '1D12601', null, null, '1D542010124', null);
INSERT INTO `eth` VALUES ('1534', '1D126010113', '1', 'D1N09-13', '1D12601', null, null, '1D442010113', null);
INSERT INTO `eth` VALUES ('1535', '1D126010114', '1', 'D1N09-14', '1D12601', null, null, '1D442010114', null);
INSERT INTO `eth` VALUES ('1536', '1D126010115', '1', 'D1N09-15', '1D12601', null, null, '1D442010115', null);
INSERT INTO `eth` VALUES ('1537', '1D126010116', '1', 'D1N09-16', '1D12601', null, null, '1D442010116', null);
INSERT INTO `eth` VALUES ('1538', '1D126010117', '1', 'D1N09-17', '1D12601', null, null, '1D442010117', null);
INSERT INTO `eth` VALUES ('1539', '1D126010118', '1', 'D1N09-18', '1D12601', null, null, '1D442010118', null);
INSERT INTO `eth` VALUES ('1540', '1D126010119', '1', 'D1N09-19', '1D12601', null, null, '1D442010119', null);
INSERT INTO `eth` VALUES ('1541', '1D126010120', '1', 'D1N09-20', '1D12601', null, null, '1D442010120', null);
INSERT INTO `eth` VALUES ('1542', '1D126010121', '1', 'D1N09-21', '1D12601', null, null, '1D442010121', null);
INSERT INTO `eth` VALUES ('1543', '1D126010122', '1', 'D1N09-22', '1D12601', null, null, '1D442010122', null);
INSERT INTO `eth` VALUES ('1544', '1D126010123', '1', 'D1N09-23', '1D12601', null, null, '1D442010123', null);
INSERT INTO `eth` VALUES ('1545', '1D126010124', '1', 'D1N09-24', '1D12601', null, null, '1D442010124', null);
INSERT INTO `eth` VALUES ('1546', '1D124010101', '1', 'D1N10-01', '1D12401', null, null, '1D440010101', null);
INSERT INTO `eth` VALUES ('1547', '1D124010102', '1', 'D1N10-02', '1D12401', null, null, '1D440010102', null);
INSERT INTO `eth` VALUES ('1548', '1D124010103', '1', 'D1N10-03', '1D12401', null, null, '1D440010103', null);
INSERT INTO `eth` VALUES ('1549', '1D124010104', '1', 'D1N10-04', '1D12401', null, null, '1D440010104', null);
INSERT INTO `eth` VALUES ('1550', '1D124010105', '1', 'D1N10-05', '1D12401', null, null, '1D440010105', null);
INSERT INTO `eth` VALUES ('1551', '1D124010106', '1', 'D1N10-06', '1D12401', null, null, '1D440010106', null);
INSERT INTO `eth` VALUES ('1552', '1D124010107', '1', 'D1N10-07', '1D12401', null, null, '1D440010107', null);
INSERT INTO `eth` VALUES ('1553', '1D124010108', '1', 'D1N10-08', '1D12401', null, null, '1D440010108', null);
INSERT INTO `eth` VALUES ('1554', '1D124010109', '1', 'D1N10-09', '1D12401', null, null, '1D440010109', null);
INSERT INTO `eth` VALUES ('1555', '1D124010110', '1', 'D1N10-10', '1D12401', null, null, '1D440010110', null);
INSERT INTO `eth` VALUES ('1556', '1D124010111', '1', 'D1N10-11', '1D12401', null, null, '1D440010111', null);
INSERT INTO `eth` VALUES ('1557', '1D124010112', '1', 'D1N10-12', '1D12401', null, null, '1D440010112', null);
INSERT INTO `eth` VALUES ('1558', '1D124010113', '1', 'D1N10-13', '1D12401', null, null, '1D440010113', null);
INSERT INTO `eth` VALUES ('1559', '1D124010114', '1', 'D1N10-14', '1D12401', null, null, '1D440010114', null);
INSERT INTO `eth` VALUES ('1560', '1D124010115', '1', 'D1N10-15', '1D12401', null, null, '1D440010115', null);
INSERT INTO `eth` VALUES ('1561', '1D124010116', '1', 'D1N10-16', '1D12401', null, null, '1D440010116', null);
INSERT INTO `eth` VALUES ('1562', '1D124010117', '1', 'D1N10-17', '1D12401', null, null, '1D440010117', null);
INSERT INTO `eth` VALUES ('1563', '1D124010118', '1', 'D1N10-18', '1D12401', null, null, '1D440010118', null);
INSERT INTO `eth` VALUES ('1564', '1D124010119', '1', 'D1N10-19', '1D12401', null, null, '1D440010119', null);
INSERT INTO `eth` VALUES ('1565', '1D124010120', '1', 'D1N10-20', '1D12401', null, null, '1D440010120', null);
INSERT INTO `eth` VALUES ('1566', '1D124010121', '1', 'D1N10-21', '1D12401', null, null, '1D440010121', null);
INSERT INTO `eth` VALUES ('1567', '1D124010122', '1', 'D1N10-22', '1D12401', null, null, '1D440010122', null);
INSERT INTO `eth` VALUES ('1568', '1D124010123', '1', 'D1N10-23', '1D12401', null, null, '1D440010123', null);
INSERT INTO `eth` VALUES ('1569', '1D124010124', '1', 'D1N10-24', '1D12401', null, null, '1D440010124', null);
INSERT INTO `eth` VALUES ('1570', '1D122010101', '1', 'D1N11-01', '1D12201', null, null, '1D540010101', null);
INSERT INTO `eth` VALUES ('1571', '1D122010102', '1', 'D1N11-02', '1D12201', null, null, '1D540010102', null);
INSERT INTO `eth` VALUES ('1572', '1D122010103', '1', 'D1N11-03', '1D12201', null, null, '1D540010103', null);
INSERT INTO `eth` VALUES ('1573', '1D122010104', '1', 'D1N11-04', '1D12201', null, null, '1D540010104', null);
INSERT INTO `eth` VALUES ('1574', '1D122010105', '1', 'D1N11-05', '1D12201', null, null, '1D540010105', null);
INSERT INTO `eth` VALUES ('1575', '1D122010106', '1', 'D1N11-06', '1D12201', null, null, '1D540010106', null);
INSERT INTO `eth` VALUES ('1576', '1D122010107', '1', 'D1N11-07', '1D12201', null, null, '1D540010107', null);
INSERT INTO `eth` VALUES ('1577', '1D122010108', '1', 'D1N11-08', '1D12201', null, null, '1D540010108', null);
INSERT INTO `eth` VALUES ('1578', '1D122010109', '1', 'D1N11-09', '1D12201', null, null, '1D540010109', null);
INSERT INTO `eth` VALUES ('1579', '1D122010110', '1', 'D1N11-10', '1D12201', null, null, '1D540010110', null);
INSERT INTO `eth` VALUES ('1580', '1D122010111', '1', 'D1N11-11', '1D12201', null, null, '1D540010111', null);
INSERT INTO `eth` VALUES ('1581', '1D122010112', '1', 'D1N11-12', '1D12201', null, null, '1D540010112', null);
INSERT INTO `eth` VALUES ('1582', '1D122010113', '1', 'D1N11-13', '1D12201', null, null, '1D540010113', null);
INSERT INTO `eth` VALUES ('1583', '1D122010114', '1', 'D1N11-14', '1D12201', null, null, '1D540010114', null);
INSERT INTO `eth` VALUES ('1584', '1D122010115', '1', 'D1N11-15', '1D12201', null, null, '1D540010115', null);
INSERT INTO `eth` VALUES ('1585', '1D122010116', '1', 'D1N11-16', '1D12201', null, null, '1D540010116', null);
INSERT INTO `eth` VALUES ('1586', '1D122010117', '1', 'D1N11-17', '1D12201', null, null, '1D540010117', null);
INSERT INTO `eth` VALUES ('1587', '1D122010118', '1', 'D1N11-18', '1D12201', null, null, '1D540010118', null);
INSERT INTO `eth` VALUES ('1588', '1D122010119', '1', 'D1N11-19', '1D12201', null, null, '1D540010119', null);
INSERT INTO `eth` VALUES ('1589', '1D122010120', '1', 'D1N11-20', '1D12201', null, null, '1D540010120', null);
INSERT INTO `eth` VALUES ('1590', '1D122010121', '1', 'D1N11-21', '1D12201', null, null, '1D540010121', null);
INSERT INTO `eth` VALUES ('1591', '1D122010122', '1', 'D1N11-22', '1D12201', null, null, '1D540010122', null);
INSERT INTO `eth` VALUES ('1592', '1D122010123', '1', 'D1N11-23', '1D12201', null, null, '1D540010123', null);
INSERT INTO `eth` VALUES ('1593', '1D122010124', '1', 'D1N11-24', '1D12201', null, null, '1D540010124', null);
INSERT INTO `eth` VALUES ('1594', '1D242010101', '1', 'D2N01-01', '1D24201', null, null, '1D142010101', null);
INSERT INTO `eth` VALUES ('1595', '1D242010102', '1', 'D2N01-02', '1D24201', null, null, '1D142010102', null);
INSERT INTO `eth` VALUES ('1596', '1D242010103', '1', 'D2N01-03', '1D24201', null, null, '1D142010103', null);
INSERT INTO `eth` VALUES ('1597', '1D242010104', '1', 'D2N01-04', '1D24201', null, null, '1D142010104', null);
INSERT INTO `eth` VALUES ('1598', '1D242010105', '1', 'D2N01-05', '1D24201', null, null, '1D142010105', null);
INSERT INTO `eth` VALUES ('1599', '1D242010106', '1', 'D2N01-06', '1D24201', null, null, '1D142010106', null);
INSERT INTO `eth` VALUES ('1600', '1D242010107', '1', 'D2N01-07', '1D24201', null, null, '1D142010107', null);
INSERT INTO `eth` VALUES ('1601', '1D242010108', '1', 'D2N01-08', '1D24201', null, null, '1D142010108', null);
INSERT INTO `eth` VALUES ('1602', '1D242010109', '1', 'D2N01-09', '1D24201', null, null, '1D142010109', null);
INSERT INTO `eth` VALUES ('1603', '1D242010110', '1', 'D2N01-10', '1D24201', null, null, '1D142010110', null);
INSERT INTO `eth` VALUES ('1604', '1D242010111', '1', 'D2N01-11', '1D24201', null, null, '1D142010111', null);
INSERT INTO `eth` VALUES ('1605', '1D242010112', '1', 'D2N01-12', '1D24201', null, null, '1D142010112', null);
INSERT INTO `eth` VALUES ('1606', '1D342010101', '1', 'D3N01-01', '1D34201', null, null, '1D142010113', null);
INSERT INTO `eth` VALUES ('1607', '1D342010102', '1', 'D3N01-02', '1D34201', null, null, '1D142010114', null);
INSERT INTO `eth` VALUES ('1608', '1D342010103', '1', 'D3N01-03', '1D34201', null, null, '1D142010115', null);
INSERT INTO `eth` VALUES ('1609', '1D342010104', '1', 'D3N01-04', '1D34201', null, null, '1D142010116', null);
INSERT INTO `eth` VALUES ('1610', '1D342010105', '1', 'D3N01-05', '1D34201', null, null, '1D142010117', null);
INSERT INTO `eth` VALUES ('1611', '1D342010106', '1', 'D3N01-06', '1D34201', null, null, '1D142010118', null);
INSERT INTO `eth` VALUES ('1612', '1D342010107', '1', 'D3N01-07', '1D34201', null, null, '1D142010119', null);
INSERT INTO `eth` VALUES ('1613', '1D342010108', '1', 'D3N01-08', '1D34201', null, null, '1D142010120', null);
INSERT INTO `eth` VALUES ('1614', '1D342010109', '1', 'D3N01-09', '1D34201', null, null, '1D142010121', null);
INSERT INTO `eth` VALUES ('1615', '1D342010110', '1', 'D3N01-10', '1D34201', null, null, '1D142010122', null);
INSERT INTO `eth` VALUES ('1616', '1D342010111', '1', 'D3N01-11', '1D34201', null, null, '1D142010123', null);
INSERT INTO `eth` VALUES ('1617', '1D342010112', '1', 'D3N01-12', '1D34201', null, null, '1D142010124', null);
INSERT INTO `eth` VALUES ('1618', '1D442010101', '1', 'D4N01-01', '1D44201', null, null, '1D140010101', null);
INSERT INTO `eth` VALUES ('1619', '1D442010102', '1', 'D4N01-02', '1D44201', null, null, '1D140010102', null);
INSERT INTO `eth` VALUES ('1620', '1D442010103', '1', 'D4N01-03', '1D44201', null, null, '1D140010103', null);
INSERT INTO `eth` VALUES ('1621', '1D442010104', '1', 'D4N01-04', '1D44201', null, null, '1D140010104', null);
INSERT INTO `eth` VALUES ('1622', '1D442010105', '1', 'D4N01-05', '1D44201', null, null, '1D140010105', null);
INSERT INTO `eth` VALUES ('1623', '1D442010106', '1', 'D4N01-06', '1D44201', null, null, '1D140010106', null);
INSERT INTO `eth` VALUES ('1624', '1D442010107', '1', 'D4N01-07', '1D44201', null, null, '1D140010107', null);
INSERT INTO `eth` VALUES ('1625', '1D442010108', '1', 'D4N01-08', '1D44201', null, null, '1D140010108', null);
INSERT INTO `eth` VALUES ('1626', '1D442010109', '1', 'D4N01-09', '1D44201', null, null, '1D140010109', null);
INSERT INTO `eth` VALUES ('1627', '1D442010110', '1', 'D4N01-10', '1D44201', null, null, '1D140010110', null);
INSERT INTO `eth` VALUES ('1628', '1D442010111', '1', 'D4N01-11', '1D44201', null, null, '1D140010111', null);
INSERT INTO `eth` VALUES ('1629', '1D442010112', '1', 'D4N01-12', '1D44201', null, null, '1D140010112', null);
INSERT INTO `eth` VALUES ('1630', '1D542010101', '1', 'D5N01-01', '1D54201', null, null, '1D140010113', null);
INSERT INTO `eth` VALUES ('1631', '1D542010102', '1', 'D5N01-02', '1D54201', null, null, '1D140010114', null);
INSERT INTO `eth` VALUES ('1632', '1D542010103', '1', 'D5N01-03', '1D54201', null, null, '1D140010115', null);
INSERT INTO `eth` VALUES ('1633', '1D542010104', '1', 'D5N01-04', '1D54201', null, null, '1D140010116', null);
INSERT INTO `eth` VALUES ('1634', '1D542010105', '1', 'D5N01-05', '1D54201', null, null, '1D140010117', null);
INSERT INTO `eth` VALUES ('1635', '1D542010106', '1', 'D5N01-06', '1D54201', null, null, '1D140010118', null);
INSERT INTO `eth` VALUES ('1636', '1D542010107', '1', 'D5N01-07', '1D54201', null, null, '1D140010119', null);
INSERT INTO `eth` VALUES ('1637', '1D542010108', '1', 'D5N01-08', '1D54201', null, null, '1D140010120', null);
INSERT INTO `eth` VALUES ('1638', '1D542010109', '1', 'D5N01-09', '1D54201', null, null, '1D140010121', null);
INSERT INTO `eth` VALUES ('1639', '1D542010110', '1', 'D5N01-10', '1D54201', null, null, '1D140010122', null);
INSERT INTO `eth` VALUES ('1640', '1D542010111', '1', 'D5N01-11', '1D54201', null, null, '1D140010123', null);
INSERT INTO `eth` VALUES ('1641', '1D542010112', '1', 'D5N01-12', '1D54201', null, null, '1D140010124', null);
INSERT INTO `eth` VALUES ('1642', '1D642010101', '1', 'D6N01-01', '1D64201', null, null, '1D138010101', null);
INSERT INTO `eth` VALUES ('1643', '1D642010102', '1', 'D6N01-02', '1D64201', null, null, '1D138010102', null);
INSERT INTO `eth` VALUES ('1644', '1D642010103', '1', 'D6N01-03', '1D64201', null, null, '1D138010103', null);
INSERT INTO `eth` VALUES ('1645', '1D642010104', '1', 'D6N01-04', '1D64201', null, null, '1D138010104', null);
INSERT INTO `eth` VALUES ('1646', '1D642010105', '1', 'D6N01-05', '1D64201', null, null, '1D138010105', null);
INSERT INTO `eth` VALUES ('1647', '1D642010106', '1', 'D6N01-06', '1D64201', null, null, '1D138010106', null);
INSERT INTO `eth` VALUES ('1648', '1D642010107', '1', 'D6N01-07', '1D64201', null, null, '1D138010107', null);
INSERT INTO `eth` VALUES ('1649', '1D642010108', '1', 'D6N01-08', '1D64201', null, null, '1D138010108', null);
INSERT INTO `eth` VALUES ('1650', '1D642010109', '1', 'D6N01-09', '1D64201', null, null, '1D138010109', null);
INSERT INTO `eth` VALUES ('1651', '1D642010110', '1', 'D6N01-10', '1D64201', null, null, '1D138010110', null);
INSERT INTO `eth` VALUES ('1652', '1D642010111', '1', 'D6N01-11', '1D64201', null, null, '1D138010111', null);
INSERT INTO `eth` VALUES ('1653', '1D642010112', '1', 'D6N01-12', '1D64201', null, null, '1D138010112', null);
INSERT INTO `eth` VALUES ('1654', '1D742010101', '1', 'D7N01-01', '1D74201', null, null, '1D138010113', null);
INSERT INTO `eth` VALUES ('1655', '1D742010102', '1', 'D7N01-02', '1D74201', null, null, '1D138010114', null);
INSERT INTO `eth` VALUES ('1656', '1D742010103', '1', 'D7N01-03', '1D74201', null, null, '1D138010115', null);
INSERT INTO `eth` VALUES ('1657', '1D742010104', '1', 'D7N01-04', '1D74201', null, null, '1D138010116', null);
INSERT INTO `eth` VALUES ('1658', '1D742010105', '1', 'D7N01-05', '1D74201', null, null, '1D138010117', null);
INSERT INTO `eth` VALUES ('1659', '1D742010106', '1', 'D7N01-06', '1D74201', null, null, '1D138010118', null);
INSERT INTO `eth` VALUES ('1660', '1D742010107', '1', 'D7N01-07', '1D74201', null, null, '1D138010119', null);
INSERT INTO `eth` VALUES ('1661', '1D742010108', '1', 'D7N01-08', '1D74201', null, null, '1D138010120', null);
INSERT INTO `eth` VALUES ('1662', '1D742010109', '1', 'D7N01-09', '1D74201', null, null, '1D138010121', null);
INSERT INTO `eth` VALUES ('1663', '1D742010110', '1', 'D7N01-10', '1D74201', null, null, '1D138010122', null);
INSERT INTO `eth` VALUES ('1664', '1D742010111', '1', 'D7N01-11', '1D74201', null, null, '1D138010123', null);
INSERT INTO `eth` VALUES ('1665', '1D742010112', '1', 'D7N01-12', '1D74201', null, null, '1D138010124', null);
INSERT INTO `eth` VALUES ('1666', '1D842010101', '1', 'D8N01-01', '1D84201', null, null, '1D136010101', null);
INSERT INTO `eth` VALUES ('1667', '1D842010102', '1', 'D8N01-02', '1D84201', null, null, '1D136010102', null);
INSERT INTO `eth` VALUES ('1668', '1D842010103', '1', 'D8N01-03', '1D84201', null, null, '1D136010103', null);
INSERT INTO `eth` VALUES ('1669', '1D842010104', '1', 'D8N01-04', '1D84201', null, null, '1D136010104', null);
INSERT INTO `eth` VALUES ('1670', '1D842010105', '1', 'D8N01-05', '1D84201', null, null, '1D136010105', null);
INSERT INTO `eth` VALUES ('1671', '1D842010106', '1', 'D8N01-06', '1D84201', null, null, '1D136010106', null);
INSERT INTO `eth` VALUES ('1672', '1D842010107', '1', 'D8N01-07', '1D84201', null, null, '1D136010107', null);
INSERT INTO `eth` VALUES ('1673', '1D842010108', '1', 'D8N01-08', '1D84201', null, null, '1D136010108', null);
INSERT INTO `eth` VALUES ('1674', '1D842010109', '1', 'D8N01-09', '1D84201', null, null, '1D136010109', null);
INSERT INTO `eth` VALUES ('1675', '1D842010110', '1', 'D8N01-10', '1D84201', null, null, '1D136010110', null);
INSERT INTO `eth` VALUES ('1676', '1D842010111', '1', 'D8N01-11', '1D84201', null, null, '1D136010111', null);
INSERT INTO `eth` VALUES ('1677', '1D842010112', '1', 'D8N01-12', '1D84201', null, null, '1D136010112', null);
INSERT INTO `eth` VALUES ('1678', '1D942010101', '1', 'D9N01-01', '1D94201', null, null, '1D136010113', null);
INSERT INTO `eth` VALUES ('1679', '1D942010102', '1', 'D9N01-02', '1D94201', null, null, '1D136010114', null);
INSERT INTO `eth` VALUES ('1680', '1D942010103', '1', 'D9N01-03', '1D94201', null, null, '1D136010115', null);
INSERT INTO `eth` VALUES ('1681', '1D942010104', '1', 'D9N01-04', '1D94201', null, null, '1D136010116', null);
INSERT INTO `eth` VALUES ('1682', '1D942010105', '1', 'D9N01-05', '1D94201', null, null, '1D136010117', null);
INSERT INTO `eth` VALUES ('1683', '1D942010106', '1', 'D9N01-06', '1D94201', null, null, '1D136010118', null);
INSERT INTO `eth` VALUES ('1684', '1D942010107', '1', 'D9N01-07', '1D94201', null, null, '1D136010119', null);
INSERT INTO `eth` VALUES ('1685', '1D942010108', '1', 'D9N01-08', '1D94201', null, null, '1D136010120', null);
INSERT INTO `eth` VALUES ('1686', '1D942010109', '1', 'D9N01-09', '1D94201', null, null, '1D136010121', null);
INSERT INTO `eth` VALUES ('1687', '1D942010110', '1', 'D9N01-10', '1D94201', null, null, '1D136010122', null);
INSERT INTO `eth` VALUES ('1688', '1D942010111', '1', 'D9N01-11', '1D94201', null, null, '1D136010123', null);
INSERT INTO `eth` VALUES ('1689', '1D942010112', '1', 'D9N01-12', '1D94201', null, null, '1D136010124', null);
INSERT INTO `eth` VALUES ('1690', '1D342010113', '1', 'D3N01-13', '1D34201', null, null, '1D128010101', null);
INSERT INTO `eth` VALUES ('1691', '1D342010114', '1', 'D3N01-14', '1D34201', null, null, '1D128010102', null);
INSERT INTO `eth` VALUES ('1692', '1D342010115', '1', 'D3N01-15', '1D34201', null, null, '1D128010103', null);
INSERT INTO `eth` VALUES ('1693', '1D342010116', '1', 'D3N01-16', '1D34201', null, null, '1D128010104', null);
INSERT INTO `eth` VALUES ('1694', '1D342010117', '1', 'D3N01-17', '1D34201', null, null, '1D128010105', null);
INSERT INTO `eth` VALUES ('1695', '1D342010118', '1', 'D3N01-18', '1D34201', null, null, '1D128010106', null);
INSERT INTO `eth` VALUES ('1696', '1D342010119', '1', 'D3N01-19', '1D34201', null, null, '1D128010107', null);
INSERT INTO `eth` VALUES ('1697', '1D342010120', '1', 'D3N01-20', '1D34201', null, null, '1D128010108', null);
INSERT INTO `eth` VALUES ('1698', '1D342010121', '1', 'D3N01-21', '1D34201', null, null, '1D128010109', null);
INSERT INTO `eth` VALUES ('1699', '1D342010122', '1', 'D3N01-22', '1D34201', null, null, '1D128010110', null);
INSERT INTO `eth` VALUES ('1700', '1D342010123', '1', 'D3N01-23', '1D34201', null, null, '1D128010111', null);
INSERT INTO `eth` VALUES ('1701', '1D342010124', '1', 'D3N01-24', '1D34201', null, null, '1D128010112', null);
INSERT INTO `eth` VALUES ('1702', '1D242010113', '1', 'D2N01-13', '1D24201', null, null, '1D128010113', null);
INSERT INTO `eth` VALUES ('1703', '1D242010114', '1', 'D2N01-14', '1D24201', null, null, '1D128010114', null);
INSERT INTO `eth` VALUES ('1704', '1D242010115', '1', 'D2N01-15', '1D24201', null, null, '1D128010115', null);
INSERT INTO `eth` VALUES ('1705', '1D242010116', '1', 'D2N01-16', '1D24201', null, null, '1D128010116', null);
INSERT INTO `eth` VALUES ('1706', '1D242010117', '1', 'D2N01-17', '1D24201', null, null, '1D128010117', null);
INSERT INTO `eth` VALUES ('1707', '1D242010118', '1', 'D2N01-18', '1D24201', null, null, '1D128010118', null);
INSERT INTO `eth` VALUES ('1708', '1D242010119', '1', 'D2N01-19', '1D24201', null, null, '1D128010119', null);
INSERT INTO `eth` VALUES ('1709', '1D242010120', '1', 'D2N01-20', '1D24201', null, null, '1D128010120', null);
INSERT INTO `eth` VALUES ('1710', '1D242010121', '1', 'D2N01-21', '1D24201', null, null, '1D128010121', null);
INSERT INTO `eth` VALUES ('1711', '1D242010122', '1', 'D2N01-22', '1D24201', null, null, '1D128010122', null);
INSERT INTO `eth` VALUES ('1712', '1D242010123', '1', 'D2N01-23', '1D24201', null, null, '1D128010123', null);
INSERT INTO `eth` VALUES ('1713', '1D242010124', '1', 'D2N01-24', '1D24201', null, null, '1D128010124', null);
INSERT INTO `eth` VALUES ('1714', '1D542010113', '1', 'D5N01-13', '1D54201', null, null, '1D126010101', null);
INSERT INTO `eth` VALUES ('1715', '1D542010114', '1', 'D5N01-14', '1D54201', null, null, '1D126010102', null);
INSERT INTO `eth` VALUES ('1716', '1D542010115', '1', 'D5N01-15', '1D54201', null, null, '1D126010103', null);
INSERT INTO `eth` VALUES ('1717', '1D542010116', '1', 'D5N01-16', '1D54201', null, null, '1D126010104', null);
INSERT INTO `eth` VALUES ('1718', '1D542010117', '1', 'D5N01-17', '1D54201', null, null, '1D126010105', null);
INSERT INTO `eth` VALUES ('1719', '1D542010118', '1', 'D5N01-18', '1D54201', null, null, '1D126010106', null);
INSERT INTO `eth` VALUES ('1720', '1D542010119', '1', 'D5N01-19', '1D54201', null, null, '1D126010107', null);
INSERT INTO `eth` VALUES ('1721', '1D542010120', '1', 'D5N01-20', '1D54201', null, null, '1D126010108', null);
INSERT INTO `eth` VALUES ('1722', '1D542010121', '1', 'D5N01-21', '1D54201', null, null, '1D126010109', null);
INSERT INTO `eth` VALUES ('1723', '1D542010122', '1', 'D5N01-22', '1D54201', null, null, '1D126010110', null);
INSERT INTO `eth` VALUES ('1724', '1D542010123', '1', 'D5N01-23', '1D54201', null, null, '1D126010111', null);
INSERT INTO `eth` VALUES ('1725', '1D542010124', '1', 'D5N01-24', '1D54201', null, null, '1D126010112', null);
INSERT INTO `eth` VALUES ('1726', '1D442010113', '1', 'D4N01-13', '1D44201', null, null, '1D126010113', null);
INSERT INTO `eth` VALUES ('1727', '1D442010114', '1', 'D4N01-14', '1D44201', null, null, '1D126010114', null);
INSERT INTO `eth` VALUES ('1728', '1D442010115', '1', 'D4N01-15', '1D44201', null, null, '1D126010115', null);
INSERT INTO `eth` VALUES ('1729', '1D442010116', '1', 'D4N01-16', '1D44201', null, null, '1D126010116', null);
INSERT INTO `eth` VALUES ('1730', '1D442010117', '1', 'D4N01-17', '1D44201', null, null, '1D126010117', null);
INSERT INTO `eth` VALUES ('1731', '1D442010118', '1', 'D4N01-18', '1D44201', null, null, '1D126010118', null);
INSERT INTO `eth` VALUES ('1732', '1D442010119', '1', 'D4N01-19', '1D44201', null, null, '1D126010119', null);
INSERT INTO `eth` VALUES ('1733', '1D442010120', '1', 'D4N01-20', '1D44201', null, null, '1D126010120', null);
INSERT INTO `eth` VALUES ('1734', '1D442010121', '1', 'D4N01-21', '1D44201', null, null, '1D126010121', null);
INSERT INTO `eth` VALUES ('1735', '1D442010122', '1', 'D4N01-22', '1D44201', null, null, '1D126010122', null);
INSERT INTO `eth` VALUES ('1736', '1D442010123', '1', 'D4N01-23', '1D44201', null, null, '1D126010123', null);
INSERT INTO `eth` VALUES ('1737', '1D442010124', '1', 'D4N01-24', '1D44201', null, null, '1D126010124', null);
INSERT INTO `eth` VALUES ('1738', '1D440010101', '1', 'D4N02-01', '1D44001', null, null, '1D124010101', null);
INSERT INTO `eth` VALUES ('1739', '1D440010102', '1', 'D4N02-02', '1D44001', null, null, '1D124010102', null);
INSERT INTO `eth` VALUES ('1740', '1D440010103', '1', 'D4N02-03', '1D44001', null, null, '1D124010103', null);
INSERT INTO `eth` VALUES ('1741', '1D440010104', '1', 'D4N02-04', '1D44001', null, null, '1D124010104', null);
INSERT INTO `eth` VALUES ('1742', '1D440010105', '1', 'D4N02-05', '1D44001', null, null, '1D124010105', null);
INSERT INTO `eth` VALUES ('1743', '1D440010106', '1', 'D4N02-06', '1D44001', null, null, '1D124010106', null);
INSERT INTO `eth` VALUES ('1744', '1D440010107', '1', 'D4N02-07', '1D44001', null, null, '1D124010107', null);
INSERT INTO `eth` VALUES ('1745', '1D440010108', '1', 'D4N02-08', '1D44001', null, null, '1D124010108', null);
INSERT INTO `eth` VALUES ('1746', '1D440010109', '1', 'D4N02-09', '1D44001', null, null, '1D124010109', null);
INSERT INTO `eth` VALUES ('1747', '1D440010110', '1', 'D4N02-10', '1D44001', null, null, '1D124010110', null);
INSERT INTO `eth` VALUES ('1748', '1D440010111', '1', 'D4N02-11', '1D44001', null, null, '1D124010111', null);
INSERT INTO `eth` VALUES ('1749', '1D440010112', '1', 'D4N02-12', '1D44001', null, null, '1D124010112', null);
INSERT INTO `eth` VALUES ('1750', '1D440010113', '1', 'D4N02-13', '1D44001', null, null, '1D124010113', null);
INSERT INTO `eth` VALUES ('1751', '1D440010114', '1', 'D4N02-14', '1D44001', null, null, '1D124010114', null);
INSERT INTO `eth` VALUES ('1752', '1D440010115', '1', 'D4N02-15', '1D44001', null, null, '1D124010115', null);
INSERT INTO `eth` VALUES ('1753', '1D440010116', '1', 'D4N02-16', '1D44001', null, null, '1D124010116', null);
INSERT INTO `eth` VALUES ('1754', '1D440010117', '1', 'D4N02-17', '1D44001', null, null, '1D124010117', null);
INSERT INTO `eth` VALUES ('1755', '1D440010118', '1', 'D4N02-18', '1D44001', null, null, '1D124010118', null);
INSERT INTO `eth` VALUES ('1756', '1D440010119', '1', 'D4N02-19', '1D44001', null, null, '1D124010119', null);
INSERT INTO `eth` VALUES ('1757', '1D440010120', '1', 'D4N02-20', '1D44001', null, null, '1D124010120', null);
INSERT INTO `eth` VALUES ('1758', '1D440010121', '1', 'D4N02-21', '1D44001', null, null, '1D124010121', null);
INSERT INTO `eth` VALUES ('1759', '1D440010122', '1', 'D4N02-22', '1D44001', null, null, '1D124010122', null);
INSERT INTO `eth` VALUES ('1760', '1D440010123', '1', 'D4N02-23', '1D44001', null, null, '1D124010123', null);
INSERT INTO `eth` VALUES ('1761', '1D440010124', '1', 'D4N02-24', '1D44001', null, null, '1D124010124', null);
INSERT INTO `eth` VALUES ('1762', '1D540010101', '1', 'D5N02-01', '1D54001', null, null, '1D122010101', null);
INSERT INTO `eth` VALUES ('1763', '1D540010102', '1', 'D5N02-02', '1D54001', null, null, '1D122010102', null);
INSERT INTO `eth` VALUES ('1764', '1D540010103', '1', 'D5N02-03', '1D54001', null, null, '1D122010103', null);
INSERT INTO `eth` VALUES ('1765', '1D540010104', '1', 'D5N02-04', '1D54001', null, null, '1D122010104', null);
INSERT INTO `eth` VALUES ('1766', '1D540010105', '1', 'D5N02-05', '1D54001', null, null, '1D122010105', null);
INSERT INTO `eth` VALUES ('1767', '1D540010106', '1', 'D5N02-06', '1D54001', null, null, '1D122010106', null);
INSERT INTO `eth` VALUES ('1768', '1D540010107', '1', 'D5N02-07', '1D54001', null, null, '1D122010107', null);
INSERT INTO `eth` VALUES ('1769', '1D540010108', '1', 'D5N02-08', '1D54001', null, null, '1D122010108', null);
INSERT INTO `eth` VALUES ('1770', '1D540010109', '1', 'D5N02-09', '1D54001', null, null, '1D122010109', null);
INSERT INTO `eth` VALUES ('1771', '1D540010110', '1', 'D5N02-10', '1D54001', null, null, '1D122010110', null);
INSERT INTO `eth` VALUES ('1772', '1D540010111', '1', 'D5N02-11', '1D54001', null, null, '1D122010111', null);
INSERT INTO `eth` VALUES ('1773', '1D540010112', '1', 'D5N02-12', '1D54001', null, null, '1D122010112', null);
INSERT INTO `eth` VALUES ('1774', '1D540010113', '1', 'D5N02-13', '1D54001', null, null, '1D122010113', null);
INSERT INTO `eth` VALUES ('1775', '1D540010114', '1', 'D5N02-14', '1D54001', null, null, '1D122010114', null);
INSERT INTO `eth` VALUES ('1776', '1D540010115', '1', 'D5N02-15', '1D54001', null, null, '1D122010115', null);
INSERT INTO `eth` VALUES ('1777', '1D540010116', '1', 'D5N02-16', '1D54001', null, null, '1D122010116', null);
INSERT INTO `eth` VALUES ('1778', '1D540010117', '1', 'D5N02-17', '1D54001', null, null, '1D122010117', null);
INSERT INTO `eth` VALUES ('1779', '1D540010118', '1', 'D5N02-18', '1D54001', null, null, '1D122010118', null);
INSERT INTO `eth` VALUES ('1780', '1D540010119', '1', 'D5N02-19', '1D54001', null, null, '1D122010119', null);
INSERT INTO `eth` VALUES ('1781', '1D540010120', '1', 'D5N02-20', '1D54001', null, null, '1D122010120', null);
INSERT INTO `eth` VALUES ('1782', '1D540010121', '1', 'D5N02-21', '1D54001', null, null, '1D122010121', null);
INSERT INTO `eth` VALUES ('1783', '1D540010122', '1', 'D5N02-22', '1D54001', null, null, '1D122010122', null);
INSERT INTO `eth` VALUES ('1784', '1D540010123', '1', 'D5N02-23', '1D54001', null, null, '1D122010123', null);
INSERT INTO `eth` VALUES ('1785', '1D540010124', '1', 'D5N02-24', '1D54001', null, null, '1D122010124', null);
INSERT INTO `eth` VALUES ('1786', '1E142010101', '1', 'E1N01-01', '1E14201', null, null, '1E242010101', null);
INSERT INTO `eth` VALUES ('1787', '1E142010102', '1', 'E1N01-02', '1E14201', null, null, '1E242010102', null);
INSERT INTO `eth` VALUES ('1788', '1E142010103', '1', 'E1N01-03', '1E14201', null, null, '1E242010103', null);
INSERT INTO `eth` VALUES ('1789', '1E142010104', '1', 'E1N01-04', '1E14201', null, null, '1E242010104', null);
INSERT INTO `eth` VALUES ('1790', '1E142010105', '1', 'E1N01-05', '1E14201', null, null, '1E242010105', null);
INSERT INTO `eth` VALUES ('1791', '1E142010106', '1', 'E1N01-06', '1E14201', null, null, '1E242010106', null);
INSERT INTO `eth` VALUES ('1792', '1E142010107', '1', 'E1N01-07', '1E14201', null, null, '1E242010107', null);
INSERT INTO `eth` VALUES ('1793', '1E142010108', '1', 'E1N01-08', '1E14201', null, null, '1E242010108', null);
INSERT INTO `eth` VALUES ('1794', '1E142010109', '1', 'E1N01-09', '1E14201', null, null, '1E242010109', null);
INSERT INTO `eth` VALUES ('1795', '1E142010110', '1', 'E1N01-10', '1E14201', null, null, '1E242010110', null);
INSERT INTO `eth` VALUES ('1796', '1E142010111', '1', 'E1N01-11', '1E14201', null, null, '1E242010111', null);
INSERT INTO `eth` VALUES ('1797', '1E142010112', '1', 'E1N01-12', '1E14201', null, null, '1E242010112', null);
INSERT INTO `eth` VALUES ('1798', '1E142010113', '1', 'E1N01-13', '1E14201', null, null, '1E342010101', null);
INSERT INTO `eth` VALUES ('1799', '1E142010114', '1', 'E1N01-14', '1E14201', null, null, '1E342010102', null);
INSERT INTO `eth` VALUES ('1800', '1E142010115', '1', 'E1N01-15', '1E14201', null, null, '1E342010103', null);
INSERT INTO `eth` VALUES ('1801', '1E142010116', '1', 'E1N01-16', '1E14201', null, null, '1E342010104', null);
INSERT INTO `eth` VALUES ('1802', '1E142010117', '1', 'E1N01-17', '1E14201', null, null, '1E342010105', null);
INSERT INTO `eth` VALUES ('1803', '1E142010118', '1', 'E1N01-18', '1E14201', null, null, '1E342010106', null);
INSERT INTO `eth` VALUES ('1804', '1E142010119', '1', 'E1N01-19', '1E14201', null, null, '1E342010107', null);
INSERT INTO `eth` VALUES ('1805', '1E142010120', '1', 'E1N01-20', '1E14201', null, null, '1E342010108', null);
INSERT INTO `eth` VALUES ('1806', '1E142010121', '1', 'E1N01-21', '1E14201', null, null, '1E342010109', null);
INSERT INTO `eth` VALUES ('1807', '1E142010122', '1', 'E1N01-22', '1E14201', null, null, '1E342010110', null);
INSERT INTO `eth` VALUES ('1808', '1E142010123', '1', 'E1N01-23', '1E14201', null, null, '1E342010111', null);
INSERT INTO `eth` VALUES ('1809', '1E142010124', '1', 'E1N01-24', '1E14201', null, null, '1E342010112', null);
INSERT INTO `eth` VALUES ('1810', '1E140010101', '1', 'E1N02-01', '1E14001', null, null, '1E442010101', null);
INSERT INTO `eth` VALUES ('1811', '1E140010102', '1', 'E1N02-02', '1E14001', null, null, '1E442010102', null);
INSERT INTO `eth` VALUES ('1812', '1E140010103', '1', 'E1N02-03', '1E14001', null, null, '1E442010103', null);
INSERT INTO `eth` VALUES ('1813', '1E140010104', '1', 'E1N02-04', '1E14001', null, null, '1E442010104', null);
INSERT INTO `eth` VALUES ('1814', '1E140010105', '1', 'E1N02-05', '1E14001', null, null, '1E442010105', null);
INSERT INTO `eth` VALUES ('1815', '1E140010106', '1', 'E1N02-06', '1E14001', null, null, '1E442010106', null);
INSERT INTO `eth` VALUES ('1816', '1E140010107', '1', 'E1N02-07', '1E14001', null, null, '1E442010107', null);
INSERT INTO `eth` VALUES ('1817', '1E140010108', '1', 'E1N02-08', '1E14001', null, null, '1E442010108', null);
INSERT INTO `eth` VALUES ('1818', '1E140010109', '1', 'E1N02-09', '1E14001', null, null, '1E442010109', null);
INSERT INTO `eth` VALUES ('1819', '1E140010110', '1', 'E1N02-10', '1E14001', null, null, '1E442010110', null);
INSERT INTO `eth` VALUES ('1820', '1E140010111', '1', 'E1N02-11', '1E14001', null, null, '1E442010111', null);
INSERT INTO `eth` VALUES ('1821', '1E140010112', '1', 'E1N02-12', '1E14001', null, null, '1E442010112', null);
INSERT INTO `eth` VALUES ('1822', '1E140010113', '1', 'E1N02-13', '1E14001', null, null, '1E542010101', null);
INSERT INTO `eth` VALUES ('1823', '1E140010114', '1', 'E1N02-14', '1E14001', null, null, '1E542010102', null);
INSERT INTO `eth` VALUES ('1824', '1E140010115', '1', 'E1N02-15', '1E14001', null, null, '1E542010103', null);
INSERT INTO `eth` VALUES ('1825', '1E140010116', '1', 'E1N02-16', '1E14001', null, null, '1E542010104', null);
INSERT INTO `eth` VALUES ('1826', '1E140010117', '1', 'E1N02-17', '1E14001', null, null, '1E542010105', null);
INSERT INTO `eth` VALUES ('1827', '1E140010118', '1', 'E1N02-18', '1E14001', null, null, '1E542010106', null);
INSERT INTO `eth` VALUES ('1828', '1E140010119', '1', 'E1N02-19', '1E14001', null, null, '1E542010107', null);
INSERT INTO `eth` VALUES ('1829', '1E140010120', '1', 'E1N02-20', '1E14001', null, null, '1E542010108', null);
INSERT INTO `eth` VALUES ('1830', '1E140010121', '1', 'E1N02-21', '1E14001', null, null, '1E542010109', null);
INSERT INTO `eth` VALUES ('1831', '1E140010122', '1', 'E1N02-22', '1E14001', null, null, '1E542010110', null);
INSERT INTO `eth` VALUES ('1832', '1E140010123', '1', 'E1N02-23', '1E14001', null, null, '1E542010111', null);
INSERT INTO `eth` VALUES ('1833', '1E140010124', '1', 'E1N02-24', '1E14001', null, null, '1E542010112', null);
INSERT INTO `eth` VALUES ('1834', '1E138010101', '1', 'E1N03-01', '1E13801', null, null, '1E642010101', null);
INSERT INTO `eth` VALUES ('1835', '1E138010102', '1', 'E1N03-02', '1E13801', null, null, '1E642010102', null);
INSERT INTO `eth` VALUES ('1836', '1E138010103', '1', 'E1N03-03', '1E13801', null, null, '1E642010103', null);
INSERT INTO `eth` VALUES ('1837', '1E138010104', '1', 'E1N03-04', '1E13801', null, null, '1E642010104', null);
INSERT INTO `eth` VALUES ('1838', '1E138010105', '1', 'E1N03-05', '1E13801', null, null, '1E642010105', null);
INSERT INTO `eth` VALUES ('1839', '1E138010106', '1', 'E1N03-06', '1E13801', null, null, '1E642010106', null);
INSERT INTO `eth` VALUES ('1840', '1E138010107', '1', 'E1N03-07', '1E13801', null, null, '1E642010107', null);
INSERT INTO `eth` VALUES ('1841', '1E138010108', '1', 'E1N03-08', '1E13801', null, null, '1E642010108', null);
INSERT INTO `eth` VALUES ('1842', '1E138010109', '1', 'E1N03-09', '1E13801', null, null, '1E642010109', null);
INSERT INTO `eth` VALUES ('1843', '1E138010110', '1', 'E1N03-10', '1E13801', null, null, '1E642010110', null);
INSERT INTO `eth` VALUES ('1844', '1E138010111', '1', 'E1N03-11', '1E13801', null, null, '1E642010111', null);
INSERT INTO `eth` VALUES ('1845', '1E138010112', '1', 'E1N03-12', '1E13801', null, null, '1E642010112', null);
INSERT INTO `eth` VALUES ('1846', '1E138010113', '1', 'E1N03-13', '1E13801', null, null, '1E742010101', null);
INSERT INTO `eth` VALUES ('1847', '1E138010114', '1', 'E1N03-14', '1E13801', null, null, '1E742010102', null);
INSERT INTO `eth` VALUES ('1848', '1E138010115', '1', 'E1N03-15', '1E13801', null, null, '1E742010103', null);
INSERT INTO `eth` VALUES ('1849', '1E138010116', '1', 'E1N03-16', '1E13801', null, null, '1E742010104', null);
INSERT INTO `eth` VALUES ('1850', '1E138010117', '1', 'E1N03-17', '1E13801', null, null, '1E742010105', null);
INSERT INTO `eth` VALUES ('1851', '1E138010118', '1', 'E1N03-18', '1E13801', null, null, '1E742010106', null);
INSERT INTO `eth` VALUES ('1852', '1E138010119', '1', 'E1N03-19', '1E13801', null, null, '1E742010107', null);
INSERT INTO `eth` VALUES ('1853', '1E138010120', '1', 'E1N03-20', '1E13801', null, null, '1E742010108', null);
INSERT INTO `eth` VALUES ('1854', '1E138010121', '1', 'E1N03-21', '1E13801', null, null, '1E742010109', null);
INSERT INTO `eth` VALUES ('1855', '1E138010122', '1', 'E1N03-22', '1E13801', null, null, '1E742010110', null);
INSERT INTO `eth` VALUES ('1856', '1E138010123', '1', 'E1N03-23', '1E13801', null, null, '1E742010111', null);
INSERT INTO `eth` VALUES ('1857', '1E138010124', '1', 'E1N03-24', '1E13801', null, null, '1E742010112', null);
INSERT INTO `eth` VALUES ('1858', '1E136010101', '1', 'E1N04-01', '1E13601', null, null, '1F142010101', null);
INSERT INTO `eth` VALUES ('1859', '1E136010102', '1', 'E1N04-02', '1E13601', null, null, '1F142010102', null);
INSERT INTO `eth` VALUES ('1860', '1E136010103', '1', 'E1N04-03', '1E13601', null, null, '1F142010103', null);
INSERT INTO `eth` VALUES ('1861', '1E136010104', '1', 'E1N04-04', '1E13601', null, null, '1F142010104', null);
INSERT INTO `eth` VALUES ('1862', '1E136010105', '1', 'E1N04-05', '1E13601', null, null, '1F142010105', null);
INSERT INTO `eth` VALUES ('1863', '1E136010106', '1', 'E1N04-06', '1E13601', null, null, '1F142010106', null);
INSERT INTO `eth` VALUES ('1864', '1E136010107', '1', 'E1N04-07', '1E13601', null, null, '1F142010107', null);
INSERT INTO `eth` VALUES ('1865', '1E136010108', '1', 'E1N04-08', '1E13601', null, null, '1F142010108', null);
INSERT INTO `eth` VALUES ('1866', '1E136010109', '1', 'E1N04-09', '1E13601', null, null, '1F142010109', null);
INSERT INTO `eth` VALUES ('1867', '1E136010110', '1', 'E1N04-10', '1E13601', null, null, '1F142010110', null);
INSERT INTO `eth` VALUES ('1868', '1E136010111', '1', 'E1N04-11', '1E13601', null, null, '1F142010111', null);
INSERT INTO `eth` VALUES ('1869', '1E136010112', '1', 'E1N04-12', '1E13601', null, null, '1F142010112', null);
INSERT INTO `eth` VALUES ('1870', '1E136010113', '1', 'E1N04-13', '1E13601', null, null, '1F242010101', null);
INSERT INTO `eth` VALUES ('1871', '1E136010114', '1', 'E1N04-14', '1E13601', null, null, '1F242010102', null);
INSERT INTO `eth` VALUES ('1872', '1E136010115', '1', 'E1N04-15', '1E13601', null, null, '1F242010103', null);
INSERT INTO `eth` VALUES ('1873', '1E136010116', '1', 'E1N04-16', '1E13601', null, null, '1F242010104', null);
INSERT INTO `eth` VALUES ('1874', '1E136010117', '1', 'E1N04-17', '1E13601', null, null, '1F242010105', null);
INSERT INTO `eth` VALUES ('1875', '1E136010118', '1', 'E1N04-18', '1E13601', null, null, '1F242010106', null);
INSERT INTO `eth` VALUES ('1876', '1E136010119', '1', 'E1N04-19', '1E13601', null, null, '1F242010107', null);
INSERT INTO `eth` VALUES ('1877', '1E136010120', '1', 'E1N04-20', '1E13601', null, null, '1F242010108', null);
INSERT INTO `eth` VALUES ('1878', '1E136010121', '1', 'E1N04-21', '1E13601', null, null, '1F242010109', null);
INSERT INTO `eth` VALUES ('1879', '1E136010122', '1', 'E1N04-22', '1E13601', null, null, '1F242010110', null);
INSERT INTO `eth` VALUES ('1880', '1E136010123', '1', 'E1N04-23', '1E13601', null, null, '1F242010111', null);
INSERT INTO `eth` VALUES ('1881', '1E136010124', '1', 'E1N04-24', '1E13601', null, null, '1F242010112', null);
INSERT INTO `eth` VALUES ('1882', '1E134010101', '1', 'E1N05-01', '1E13401', null, null, '1F342010101', null);
INSERT INTO `eth` VALUES ('1883', '1E134010102', '1', 'E1N05-02', '1E13401', null, null, '1F342010102', null);
INSERT INTO `eth` VALUES ('1884', '1E134010103', '1', 'E1N05-03', '1E13401', null, null, '1F342010103', null);
INSERT INTO `eth` VALUES ('1885', '1E134010104', '1', 'E1N05-04', '1E13401', null, null, '1F342010104', null);
INSERT INTO `eth` VALUES ('1886', '1E134010105', '1', 'E1N05-05', '1E13401', null, null, '1F342010105', null);
INSERT INTO `eth` VALUES ('1887', '1E134010106', '1', 'E1N05-06', '1E13401', null, null, '1F342010106', null);
INSERT INTO `eth` VALUES ('1888', '1E134010107', '1', 'E1N05-07', '1E13401', null, null, '1F342010107', null);
INSERT INTO `eth` VALUES ('1889', '1E134010108', '1', 'E1N05-08', '1E13401', null, null, '1F342010108', null);
INSERT INTO `eth` VALUES ('1890', '1E134010109', '1', 'E1N05-09', '1E13401', null, null, '1F342010109', null);
INSERT INTO `eth` VALUES ('1891', '1E134010110', '1', 'E1N05-10', '1E13401', null, null, '1F342010110', null);
INSERT INTO `eth` VALUES ('1892', '1E134010111', '1', 'E1N05-11', '1E13401', null, null, '1F342010111', null);
INSERT INTO `eth` VALUES ('1893', '1E134010112', '1', 'E1N05-12', '1E13401', null, null, '1F342010112', null);
INSERT INTO `eth` VALUES ('1894', '1E134010113', '1', 'E1N05-13', '1E13401', null, null, '1F442010101', null);
INSERT INTO `eth` VALUES ('1895', '1E134010114', '1', 'E1N05-14', '1E13401', null, null, '1F442010102', null);
INSERT INTO `eth` VALUES ('1896', '1E134010115', '1', 'E1N05-15', '1E13401', null, null, '1F442010103', null);
INSERT INTO `eth` VALUES ('1897', '1E134010116', '1', 'E1N05-16', '1E13401', null, null, '1F442010104', null);
INSERT INTO `eth` VALUES ('1898', '1E134010117', '1', 'E1N05-17', '1E13401', null, null, '1F442010105', null);
INSERT INTO `eth` VALUES ('1899', '1E134010118', '1', 'E1N05-18', '1E13401', null, null, '1F442010106', null);
INSERT INTO `eth` VALUES ('1900', '1E134010119', '1', 'E1N05-19', '1E13401', null, null, '1F442010107', null);
INSERT INTO `eth` VALUES ('1901', '1E134010120', '1', 'E1N05-20', '1E13401', null, null, '1F442010108', null);
INSERT INTO `eth` VALUES ('1902', '1E134010121', '1', 'E1N05-21', '1E13401', null, null, '1F442010109', null);
INSERT INTO `eth` VALUES ('1903', '1E134010122', '1', 'E1N05-22', '1E13401', null, null, '1F442010110', null);
INSERT INTO `eth` VALUES ('1904', '1E134010123', '1', 'E1N05-23', '1E13401', null, null, '1F442010111', null);
INSERT INTO `eth` VALUES ('1905', '1E134010124', '1', 'E1N05-24', '1E13401', null, null, '1F442010112', null);
INSERT INTO `eth` VALUES ('1906', '1E132010101', '1', 'E1N06-01', '1E13201', null, null, '1F542010101', null);
INSERT INTO `eth` VALUES ('1907', '1E132010102', '1', 'E1N06-02', '1E13201', null, null, '1F542010102', null);
INSERT INTO `eth` VALUES ('1908', '1E132010103', '1', 'E1N06-03', '1E13201', null, null, '1F542010103', null);
INSERT INTO `eth` VALUES ('1909', '1E132010104', '1', 'E1N06-04', '1E13201', null, null, '1F542010104', null);
INSERT INTO `eth` VALUES ('1910', '1E132010105', '1', 'E1N06-05', '1E13201', null, null, '1F542010105', null);
INSERT INTO `eth` VALUES ('1911', '1E132010106', '1', 'E1N06-06', '1E13201', null, null, '1F542010106', null);
INSERT INTO `eth` VALUES ('1912', '1E132010107', '1', 'E1N06-07', '1E13201', null, null, '1F542010107', null);
INSERT INTO `eth` VALUES ('1913', '1E132010108', '1', 'E1N06-08', '1E13201', null, null, '1F542010108', null);
INSERT INTO `eth` VALUES ('1914', '1E132010109', '1', 'E1N06-09', '1E13201', null, null, '1F542010109', null);
INSERT INTO `eth` VALUES ('1915', '1E132010110', '1', 'E1N06-10', '1E13201', null, null, '1F542010110', null);
INSERT INTO `eth` VALUES ('1916', '1E132010111', '1', 'E1N06-11', '1E13201', null, null, '1F542010111', null);
INSERT INTO `eth` VALUES ('1917', '1E132010112', '1', 'E1N06-12', '1E13201', null, null, '1F542010112', null);
INSERT INTO `eth` VALUES ('1918', '1E132010113', '1', 'E1N06-13', '1E13201', null, null, '1F642010101', null);
INSERT INTO `eth` VALUES ('1919', '1E132010114', '1', 'E1N06-14', '1E13201', null, null, '1F642010102', null);
INSERT INTO `eth` VALUES ('1920', '1E132010115', '1', 'E1N06-15', '1E13201', null, null, '1F642010103', null);
INSERT INTO `eth` VALUES ('1921', '1E132010116', '1', 'E1N06-16', '1E13201', null, null, '1F642010104', null);
INSERT INTO `eth` VALUES ('1922', '1E132010117', '1', 'E1N06-17', '1E13201', null, null, '1F642010105', null);
INSERT INTO `eth` VALUES ('1923', '1E132010118', '1', 'E1N06-18', '1E13201', null, null, '1F642010106', null);
INSERT INTO `eth` VALUES ('1924', '1E132010119', '1', 'E1N06-19', '1E13201', null, null, '1F642010107', null);
INSERT INTO `eth` VALUES ('1925', '1E132010120', '1', 'E1N06-20', '1E13201', null, null, '1F642010108', null);
INSERT INTO `eth` VALUES ('1926', '1E132010121', '1', 'E1N06-21', '1E13201', null, null, '1F642010109', null);
INSERT INTO `eth` VALUES ('1927', '1E132010122', '1', 'E1N06-22', '1E13201', null, null, '1F642010110', null);
INSERT INTO `eth` VALUES ('1928', '1E132010123', '1', 'E1N06-23', '1E13201', null, null, '1F642010111', null);
INSERT INTO `eth` VALUES ('1929', '1E132010124', '1', 'E1N06-24', '1E13201', null, null, '1F642010112', null);
INSERT INTO `eth` VALUES ('1930', '1E130010101', '1', 'E1N07-01', '1E13001', null, null, '1F742010101', null);
INSERT INTO `eth` VALUES ('1931', '1E130010102', '1', 'E1N07-02', '1E13001', null, null, '1F742010102', null);
INSERT INTO `eth` VALUES ('1932', '1E130010103', '1', 'E1N07-03', '1E13001', null, null, '1F742010103', null);
INSERT INTO `eth` VALUES ('1933', '1E130010104', '1', 'E1N07-04', '1E13001', null, null, '1F742010104', null);
INSERT INTO `eth` VALUES ('1934', '1E130010105', '1', 'E1N07-05', '1E13001', null, null, '1F742010105', null);
INSERT INTO `eth` VALUES ('1935', '1E130010106', '1', 'E1N07-06', '1E13001', null, null, '1F742010106', null);
INSERT INTO `eth` VALUES ('1936', '1E130010107', '1', 'E1N07-07', '1E13001', null, null, '1F742010107', null);
INSERT INTO `eth` VALUES ('1937', '1E130010108', '1', 'E1N07-08', '1E13001', null, null, '1F742010108', null);
INSERT INTO `eth` VALUES ('1938', '1E130010109', '1', 'E1N07-09', '1E13001', null, null, '1F742010109', null);
INSERT INTO `eth` VALUES ('1939', '1E130010110', '1', 'E1N07-10', '1E13001', null, null, '1F742010110', null);
INSERT INTO `eth` VALUES ('1940', '1E130010111', '1', 'E1N07-11', '1E13001', null, null, '1F742010111', null);
INSERT INTO `eth` VALUES ('1941', '1E130010112', '1', 'E1N07-12', '1E13001', null, null, '1F742010112', null);
INSERT INTO `eth` VALUES ('1942', '1E130010113', '1', 'E1N07-13', '1E13001', null, null, '1F842010101', null);
INSERT INTO `eth` VALUES ('1943', '1E130010114', '1', 'E1N07-14', '1E13001', null, null, '1F842010102', null);
INSERT INTO `eth` VALUES ('1944', '1E130010115', '1', 'E1N07-15', '1E13001', null, null, '1F842010103', null);
INSERT INTO `eth` VALUES ('1945', '1E130010116', '1', 'E1N07-16', '1E13001', null, null, '1F842010104', null);
INSERT INTO `eth` VALUES ('1946', '1E130010117', '1', 'E1N07-17', '1E13001', null, null, '1F842010105', null);
INSERT INTO `eth` VALUES ('1947', '1E130010118', '1', 'E1N07-18', '1E13001', null, null, '1F842010106', null);
INSERT INTO `eth` VALUES ('1948', '1E130010119', '1', 'E1N07-19', '1E13001', null, null, '1F842010107', null);
INSERT INTO `eth` VALUES ('1949', '1E130010120', '1', 'E1N07-20', '1E13001', null, null, '1F842010108', null);
INSERT INTO `eth` VALUES ('1950', '1E130010121', '1', 'E1N07-21', '1E13001', null, null, '1F842010109', null);
INSERT INTO `eth` VALUES ('1951', '1E130010122', '1', 'E1N07-22', '1E13001', null, null, '1F842010110', null);
INSERT INTO `eth` VALUES ('1952', '1E130010123', '1', 'E1N07-23', '1E13001', null, null, '1F842010111', null);
INSERT INTO `eth` VALUES ('1953', '1E130010124', '1', 'E1N07-24', '1E13001', null, null, '1F842010112', null);
INSERT INTO `eth` VALUES ('1954', '1E128010101', '1', 'E1N08-01', '1E12801', null, null, '1A114010101', null);
INSERT INTO `eth` VALUES ('1955', '1E128010102', '1', 'E1N08-02', '1E12801', null, null, '1A114010102', null);
INSERT INTO `eth` VALUES ('1956', '1E128010103', '1', 'E1N08-03', '1E12801', null, null, '1A114010103', null);
INSERT INTO `eth` VALUES ('1957', '1E128010104', '1', 'E1N08-04', '1E12801', null, null, '1A114010104', null);
INSERT INTO `eth` VALUES ('1958', '1E128010105', '1', 'E1N08-05', '1E12801', null, null, '1A114010105', null);
INSERT INTO `eth` VALUES ('1959', '1E128010106', '1', 'E1N08-06', '1E12801', null, null, '1A114010106', null);
INSERT INTO `eth` VALUES ('1960', '1E128010107', '1', 'E1N08-07', '1E12801', null, null, '1A114010107', null);
INSERT INTO `eth` VALUES ('1961', '1E128010108', '1', 'E1N08-08', '1E12801', null, null, '1A114010108', null);
INSERT INTO `eth` VALUES ('1962', '1E128010109', '1', 'E1N08-09', '1E12801', null, null, '1A114010109', null);
INSERT INTO `eth` VALUES ('1963', '1E128010110', '1', 'E1N08-10', '1E12801', null, null, '1A114010110', null);
INSERT INTO `eth` VALUES ('1964', '1E128010111', '1', 'E1N08-11', '1E12801', null, null, '1A114010111', null);
INSERT INTO `eth` VALUES ('1965', '1E128010112', '1', 'E1N08-12', '1E12801', null, null, '1A114010112', null);
INSERT INTO `eth` VALUES ('1966', '1E128010113', '1', 'E1N08-13', '1E12801', null, null, '1B128010113', null);
INSERT INTO `eth` VALUES ('1967', '1E128010114', '1', 'E1N08-14', '1E12801', null, null, '1B128010114', null);
INSERT INTO `eth` VALUES ('1968', '1E128010115', '1', 'E1N08-15', '1E12801', null, null, '1B128010115', null);
INSERT INTO `eth` VALUES ('1969', '1E128010116', '1', 'E1N08-16', '1E12801', null, null, '1B128010116', null);
INSERT INTO `eth` VALUES ('1970', '1E128010117', '1', 'E1N08-17', '1E12801', null, null, '1B128010117', null);
INSERT INTO `eth` VALUES ('1971', '1E128010118', '1', 'E1N08-18', '1E12801', null, null, '1B128010118', null);
INSERT INTO `eth` VALUES ('1972', '1E128010119', '1', 'E1N08-19', '1E12801', null, null, '1B128010119', null);
INSERT INTO `eth` VALUES ('1973', '1E128010120', '1', 'E1N08-20', '1E12801', null, null, '1B128010120', null);
INSERT INTO `eth` VALUES ('1974', '1E128010121', '1', 'E1N08-21', '1E12801', null, null, '1B128010121', null);
INSERT INTO `eth` VALUES ('1975', '1E128010122', '1', 'E1N08-22', '1E12801', null, null, '1B128010122', null);
INSERT INTO `eth` VALUES ('1976', '1E128010123', '1', 'E1N08-23', '1E12801', null, null, '1B128010123', null);
INSERT INTO `eth` VALUES ('1977', '1E128010124', '1', 'E1N08-24', '1E12801', null, null, '1B128010124', null);
INSERT INTO `eth` VALUES ('1978', '1E126010101', '1', 'E1N09-01', '1E12601', null, null, '1C116010113', null);
INSERT INTO `eth` VALUES ('1979', '1E126010102', '1', 'E1N09-02', '1E12601', null, null, '1C116010114', null);
INSERT INTO `eth` VALUES ('1980', '1E126010103', '1', 'E1N09-03', '1E12601', null, null, '1C116010115', null);
INSERT INTO `eth` VALUES ('1981', '1E126010104', '1', 'E1N09-04', '1E12601', null, null, '1C116010116', null);
INSERT INTO `eth` VALUES ('1982', '1E126010105', '1', 'E1N09-05', '1E12601', null, null, '1C116010117', null);
INSERT INTO `eth` VALUES ('1983', '1E126010106', '1', 'E1N09-06', '1E12601', null, null, '1C116010118', null);
INSERT INTO `eth` VALUES ('1984', '1E126010107', '1', 'E1N09-07', '1E12601', null, null, '1C116010119', null);
INSERT INTO `eth` VALUES ('1985', '1E126010108', '1', 'E1N09-08', '1E12601', null, null, '1C116010120', null);
INSERT INTO `eth` VALUES ('1986', '1E126010109', '1', 'E1N09-09', '1E12601', null, null, '1C116010121', null);
INSERT INTO `eth` VALUES ('1987', '1E126010110', '1', 'E1N09-10', '1E12601', null, null, '1C116010122', null);
INSERT INTO `eth` VALUES ('1988', '1E126010111', '1', 'E1N09-11', '1E12601', null, null, '1C116010123', null);
INSERT INTO `eth` VALUES ('1989', '1E126010112', '1', 'E1N09-12', '1E12601', null, null, '1C116010124', null);
INSERT INTO `eth` VALUES ('1990', '1E126010113', '1', 'E1N09-13', '1E12601', null, null, '1D134010113', null);
INSERT INTO `eth` VALUES ('1991', '1E126010114', '1', 'E1N09-14', '1E12601', null, null, '1D134010114', null);
INSERT INTO `eth` VALUES ('1992', '1E126010115', '1', 'E1N09-15', '1E12601', null, null, '1D134010115', null);
INSERT INTO `eth` VALUES ('1993', '1E126010116', '1', 'E1N09-16', '1E12601', null, null, '1D134010116', null);
INSERT INTO `eth` VALUES ('1994', '1E126010117', '1', 'E1N09-17', '1E12601', null, null, '1D134010117', null);
INSERT INTO `eth` VALUES ('1995', '1E126010118', '1', 'E1N09-18', '1E12601', null, null, '1D134010118', null);
INSERT INTO `eth` VALUES ('1996', '1E126010121', '1', 'E1N09-21', '1E12601', null, null, '1D134010119', null);
INSERT INTO `eth` VALUES ('1997', '1E126010122', '1', 'E1N09-22', '1E12601', null, null, '1D134010120', null);
INSERT INTO `eth` VALUES ('1998', '1E242010101', '1', 'E2N01-01', '1E24201', null, null, '1E142010101', null);
INSERT INTO `eth` VALUES ('1999', '1E242010102', '1', 'E2N01-02', '1E24201', null, null, '1E142010102', null);
INSERT INTO `eth` VALUES ('2000', '1E242010103', '1', 'E2N01-03', '1E24201', null, null, '1E142010103', null);
INSERT INTO `eth` VALUES ('2001', '1E242010104', '1', 'E2N01-04', '1E24201', null, null, '1E142010104', null);
INSERT INTO `eth` VALUES ('2002', '1E242010105', '1', 'E2N01-05', '1E24201', null, null, '1E142010105', null);
INSERT INTO `eth` VALUES ('2003', '1E242010106', '1', 'E2N01-06', '1E24201', null, null, '1E142010106', null);
INSERT INTO `eth` VALUES ('2004', '1E242010107', '1', 'E2N01-07', '1E24201', null, null, '1E142010107', null);
INSERT INTO `eth` VALUES ('2005', '1E242010108', '1', 'E2N01-08', '1E24201', null, null, '1E142010108', null);
INSERT INTO `eth` VALUES ('2006', '1E242010109', '1', 'E2N01-09', '1E24201', null, null, '1E142010109', null);
INSERT INTO `eth` VALUES ('2007', '1E242010110', '1', 'E2N01-10', '1E24201', null, null, '1E142010110', null);
INSERT INTO `eth` VALUES ('2008', '1E242010111', '1', 'E2N01-11', '1E24201', null, null, '1E142010111', null);
INSERT INTO `eth` VALUES ('2009', '1E242010112', '1', 'E2N01-12', '1E24201', null, null, '1E142010112', null);
INSERT INTO `eth` VALUES ('2010', '1E342010101', '1', 'E3N01-01', '1E34201', null, null, '1E142010113', null);
INSERT INTO `eth` VALUES ('2011', '1E342010102', '1', 'E3N01-02', '1E34201', null, null, '1E142010114', null);
INSERT INTO `eth` VALUES ('2012', '1E342010103', '1', 'E3N01-03', '1E34201', null, null, '1E142010115', null);
INSERT INTO `eth` VALUES ('2013', '1E342010104', '1', 'E3N01-04', '1E34201', null, null, '1E142010116', null);
INSERT INTO `eth` VALUES ('2014', '1E342010105', '1', 'E3N01-05', '1E34201', null, null, '1E142010117', null);
INSERT INTO `eth` VALUES ('2015', '1E342010106', '1', 'E3N01-06', '1E34201', null, null, '1E142010118', null);
INSERT INTO `eth` VALUES ('2016', '1E342010107', '1', 'E3N01-07', '1E34201', null, null, '1E142010119', null);
INSERT INTO `eth` VALUES ('2017', '1E342010108', '1', 'E3N01-08', '1E34201', null, null, '1E142010120', null);
INSERT INTO `eth` VALUES ('2018', '1E342010109', '1', 'E3N01-09', '1E34201', null, null, '1E142010121', null);
INSERT INTO `eth` VALUES ('2019', '1E342010110', '1', 'E3N01-10', '1E34201', null, null, '1E142010122', null);
INSERT INTO `eth` VALUES ('2020', '1E342010111', '1', 'E3N01-11', '1E34201', null, null, '1E142010123', null);
INSERT INTO `eth` VALUES ('2021', '1E342010112', '1', 'E3N01-12', '1E34201', null, null, '1E142010124', null);
INSERT INTO `eth` VALUES ('2022', '1E442010101', '1', 'E4N01-01', '1E44201', null, null, '1E140010101', null);
INSERT INTO `eth` VALUES ('2023', '1E442010102', '1', 'E4N01-02', '1E44201', null, null, '1E140010102', null);
INSERT INTO `eth` VALUES ('2024', '1E442010103', '1', 'E4N01-03', '1E44201', null, null, '1E140010103', null);
INSERT INTO `eth` VALUES ('2025', '1E442010104', '1', 'E4N01-04', '1E44201', null, null, '1E140010104', null);
INSERT INTO `eth` VALUES ('2026', '1E442010105', '1', 'E4N01-05', '1E44201', null, null, '1E140010105', null);
INSERT INTO `eth` VALUES ('2027', '1E442010106', '1', 'E4N01-06', '1E44201', null, null, '1E140010106', null);
INSERT INTO `eth` VALUES ('2028', '1E442010107', '1', 'E4N01-07', '1E44201', null, null, '1E140010107', null);
INSERT INTO `eth` VALUES ('2029', '1E442010108', '1', 'E4N01-08', '1E44201', null, null, '1E140010108', null);
INSERT INTO `eth` VALUES ('2030', '1E442010109', '1', 'E4N01-09', '1E44201', null, null, '1E140010109', null);
INSERT INTO `eth` VALUES ('2031', '1E442010110', '1', 'E4N01-10', '1E44201', null, null, '1E140010110', null);
INSERT INTO `eth` VALUES ('2032', '1E442010111', '1', 'E4N01-11', '1E44201', null, null, '1E140010111', null);
INSERT INTO `eth` VALUES ('2033', '1E442010112', '1', 'E4N01-12', '1E44201', null, null, '1E140010112', null);
INSERT INTO `eth` VALUES ('2034', '1E542010101', '1', 'E5N01-01', '1E54201', null, null, '1E140010113', null);
INSERT INTO `eth` VALUES ('2035', '1E542010102', '1', 'E5N01-02', '1E54201', null, null, '1E140010114', null);
INSERT INTO `eth` VALUES ('2036', '1E542010103', '1', 'E5N01-03', '1E54201', null, null, '1E140010115', null);
INSERT INTO `eth` VALUES ('2037', '1E542010104', '1', 'E5N01-04', '1E54201', null, null, '1E140010116', null);
INSERT INTO `eth` VALUES ('2038', '1E542010105', '1', 'E5N01-05', '1E54201', null, null, '1E140010117', null);
INSERT INTO `eth` VALUES ('2039', '1E542010106', '1', 'E5N01-06', '1E54201', null, null, '1E140010118', null);
INSERT INTO `eth` VALUES ('2040', '1E542010107', '1', 'E5N01-07', '1E54201', null, null, '1E140010119', null);
INSERT INTO `eth` VALUES ('2041', '1E542010108', '1', 'E5N01-08', '1E54201', null, null, '1E140010120', null);
INSERT INTO `eth` VALUES ('2042', '1E542010109', '1', 'E5N01-09', '1E54201', null, null, '1E140010121', null);
INSERT INTO `eth` VALUES ('2043', '1E542010110', '1', 'E5N01-10', '1E54201', null, null, '1E140010122', null);
INSERT INTO `eth` VALUES ('2044', '1E542010111', '1', 'E5N01-11', '1E54201', null, null, '1E140010123', null);
INSERT INTO `eth` VALUES ('2045', '1E542010112', '1', 'E5N01-12', '1E54201', null, null, '1E140010124', null);
INSERT INTO `eth` VALUES ('2046', '1E642010101', '1', 'E6N01-01', '1E64201', null, null, '1E138010101', null);
INSERT INTO `eth` VALUES ('2047', '1E642010102', '1', 'E6N01-02', '1E64201', null, null, '1E138010102', null);
INSERT INTO `eth` VALUES ('2048', '1E642010103', '1', 'E6N01-03', '1E64201', null, null, '1E138010103', null);
INSERT INTO `eth` VALUES ('2049', '1E642010104', '1', 'E6N01-04', '1E64201', null, null, '1E138010104', null);
INSERT INTO `eth` VALUES ('2050', '1E642010105', '1', 'E6N01-05', '1E64201', null, null, '1E138010105', null);
INSERT INTO `eth` VALUES ('2051', '1E642010106', '1', 'E6N01-06', '1E64201', null, null, '1E138010106', null);
INSERT INTO `eth` VALUES ('2052', '1E642010107', '1', 'E6N01-07', '1E64201', null, null, '1E138010107', null);
INSERT INTO `eth` VALUES ('2053', '1E642010108', '1', 'E6N01-08', '1E64201', null, null, '1E138010108', null);
INSERT INTO `eth` VALUES ('2054', '1E642010109', '1', 'E6N01-09', '1E64201', null, null, '1E138010109', null);
INSERT INTO `eth` VALUES ('2055', '1E642010110', '1', 'E6N01-10', '1E64201', null, null, '1E138010110', null);
INSERT INTO `eth` VALUES ('2056', '1E642010111', '1', 'E6N01-11', '1E64201', null, null, '1E138010111', null);
INSERT INTO `eth` VALUES ('2057', '1E642010112', '1', 'E6N01-12', '1E64201', null, null, '1E138010112', null);
INSERT INTO `eth` VALUES ('2058', '1E742010101', '1', 'E7N01-01', '1E74201', null, null, '1E138010113', null);
INSERT INTO `eth` VALUES ('2059', '1E742010102', '1', 'E7N01-02', '1E74201', null, null, '1E138010114', null);
INSERT INTO `eth` VALUES ('2060', '1E742010103', '1', 'E7N01-03', '1E74201', null, null, '1E138010115', null);
INSERT INTO `eth` VALUES ('2061', '1E742010104', '1', 'E7N01-04', '1E74201', null, null, '1E138010116', null);
INSERT INTO `eth` VALUES ('2062', '1E742010105', '1', 'E7N01-05', '1E74201', null, null, '1E138010117', null);
INSERT INTO `eth` VALUES ('2063', '1E742010106', '1', 'E7N01-06', '1E74201', null, null, '1E138010118', null);
INSERT INTO `eth` VALUES ('2064', '1E742010107', '1', 'E7N01-07', '1E74201', null, null, '1E138010119', null);
INSERT INTO `eth` VALUES ('2065', '1E742010108', '1', 'E7N01-08', '1E74201', null, null, '1E138010120', null);
INSERT INTO `eth` VALUES ('2066', '1E742010109', '1', 'E7N01-09', '1E74201', null, null, '1E138010121', null);
INSERT INTO `eth` VALUES ('2067', '1E742010110', '1', 'E7N01-10', '1E74201', null, null, '1E138010122', null);
INSERT INTO `eth` VALUES ('2068', '1E742010111', '1', 'E7N01-11', '1E74201', null, null, '1E138010123', null);
INSERT INTO `eth` VALUES ('2069', '1E742010112', '1', 'E7N01-12', '1E74201', null, null, '1E138010124', null);
INSERT INTO `eth` VALUES ('2070', '1F142010101', '1', 'F1N01-01', '1F14201', null, null, '1E136010101', null);
INSERT INTO `eth` VALUES ('2071', '1F142010102', '1', 'F1N01-02', '1F14201', null, null, '1E136010102', null);
INSERT INTO `eth` VALUES ('2072', '1F142010103', '1', 'F1N01-03', '1F14201', null, null, '1E136010103', null);
INSERT INTO `eth` VALUES ('2073', '1F142010104', '1', 'F1N01-04', '1F14201', null, null, '1E136010104', null);
INSERT INTO `eth` VALUES ('2074', '1F142010105', '1', 'F1N01-05', '1F14201', null, null, '1E136010105', null);
INSERT INTO `eth` VALUES ('2075', '1F142010106', '1', 'F1N01-06', '1F14201', null, null, '1E136010106', null);
INSERT INTO `eth` VALUES ('2076', '1F142010107', '1', 'F1N01-07', '1F14201', null, null, '1E136010107', null);
INSERT INTO `eth` VALUES ('2077', '1F142010108', '1', 'F1N01-08', '1F14201', null, null, '1E136010108', null);
INSERT INTO `eth` VALUES ('2078', '1F142010109', '1', 'F1N01-09', '1F14201', null, null, '1E136010109', null);
INSERT INTO `eth` VALUES ('2079', '1F142010110', '1', 'F1N01-10', '1F14201', null, null, '1E136010110', null);
INSERT INTO `eth` VALUES ('2080', '1F142010111', '1', 'F1N01-11', '1F14201', null, null, '1E136010111', null);
INSERT INTO `eth` VALUES ('2081', '1F142010112', '1', 'F1N01-12', '1F14201', null, null, '1E136010112', null);
INSERT INTO `eth` VALUES ('2082', '1F242010101', '1', 'F2N01-01', '1F24201', null, null, '1E136010113', null);
INSERT INTO `eth` VALUES ('2083', '1F242010102', '1', 'F2N01-02', '1F24201', null, null, '1E136010114', null);
INSERT INTO `eth` VALUES ('2084', '1F242010103', '1', 'F2N01-03', '1F24201', null, null, '1E136010115', null);
INSERT INTO `eth` VALUES ('2085', '1F242010104', '1', 'F2N01-04', '1F24201', null, null, '1E136010116', null);
INSERT INTO `eth` VALUES ('2086', '1F242010105', '1', 'F2N01-05', '1F24201', null, null, '1E136010117', null);
INSERT INTO `eth` VALUES ('2087', '1F242010106', '1', 'F2N01-06', '1F24201', null, null, '1E136010118', null);
INSERT INTO `eth` VALUES ('2088', '1F242010107', '1', 'F2N01-07', '1F24201', null, null, '1E136010119', null);
INSERT INTO `eth` VALUES ('2089', '1F242010108', '1', 'F2N01-08', '1F24201', null, null, '1E136010120', null);
INSERT INTO `eth` VALUES ('2090', '1F242010109', '1', 'F2N01-09', '1F24201', null, null, '1E136010121', null);
INSERT INTO `eth` VALUES ('2091', '1F242010110', '1', 'F2N01-10', '1F24201', null, null, '1E136010122', null);
INSERT INTO `eth` VALUES ('2092', '1F242010111', '1', 'F2N01-11', '1F24201', null, null, '1E136010123', null);
INSERT INTO `eth` VALUES ('2093', '1F242010112', '1', 'F2N01-12', '1F24201', null, null, '1E136010124', null);
INSERT INTO `eth` VALUES ('2094', '1F342010101', '1', 'F3N01-01', '1F34201', null, null, '1E134010101', null);
INSERT INTO `eth` VALUES ('2095', '1F342010102', '1', 'F3N01-02', '1F34201', null, null, '1E134010102', null);
INSERT INTO `eth` VALUES ('2096', '1F342010103', '1', 'F3N01-03', '1F34201', null, null, '1E134010103', null);
INSERT INTO `eth` VALUES ('2097', '1F342010104', '1', 'F3N01-04', '1F34201', null, null, '1E134010104', null);
INSERT INTO `eth` VALUES ('2098', '1F342010105', '1', 'F3N01-05', '1F34201', null, null, '1E134010105', null);
INSERT INTO `eth` VALUES ('2099', '1F342010106', '1', 'F3N01-06', '1F34201', null, null, '1E134010106', null);
INSERT INTO `eth` VALUES ('2100', '1F342010107', '1', 'F3N01-07', '1F34201', null, null, '1E134010107', null);
INSERT INTO `eth` VALUES ('2101', '1F342010108', '1', 'F3N01-08', '1F34201', null, null, '1E134010108', null);
INSERT INTO `eth` VALUES ('2102', '1F342010109', '1', 'F3N01-09', '1F34201', null, null, '1E134010109', null);
INSERT INTO `eth` VALUES ('2103', '1F342010110', '1', 'F3N01-10', '1F34201', null, null, '1E134010110', null);
INSERT INTO `eth` VALUES ('2104', '1F342010111', '1', 'F3N01-11', '1F34201', null, null, '1E134010111', null);
INSERT INTO `eth` VALUES ('2105', '1F342010112', '1', 'F3N01-12', '1F34201', null, null, '1E134010112', null);
INSERT INTO `eth` VALUES ('2106', '1F442010101', '1', 'F4N01-01', '1F44201', null, null, '1E134010113', null);
INSERT INTO `eth` VALUES ('2107', '1F442010102', '1', 'F4N01-02', '1F44201', null, null, '1E134010114', null);
INSERT INTO `eth` VALUES ('2108', '1F442010103', '1', 'F4N01-03', '1F44201', null, null, '1E134010115', null);
INSERT INTO `eth` VALUES ('2109', '1F442010104', '1', 'F4N01-04', '1F44201', null, null, '1E134010116', null);
INSERT INTO `eth` VALUES ('2110', '1F442010105', '1', 'F4N01-05', '1F44201', null, null, '1E134010117', null);
INSERT INTO `eth` VALUES ('2111', '1F442010106', '1', 'F4N01-06', '1F44201', null, null, '1E134010118', null);
INSERT INTO `eth` VALUES ('2112', '1F442010107', '1', 'F4N01-07', '1F44201', null, null, '1E134010119', null);
INSERT INTO `eth` VALUES ('2113', '1F442010108', '1', 'F4N01-08', '1F44201', null, null, '1E134010120', null);
INSERT INTO `eth` VALUES ('2114', '1F442010109', '1', 'F4N01-09', '1F44201', null, null, '1E134010121', null);
INSERT INTO `eth` VALUES ('2115', '1F442010110', '1', 'F4N01-10', '1F44201', null, null, '1E134010122', null);
INSERT INTO `eth` VALUES ('2116', '1F442010111', '1', 'F4N01-11', '1F44201', null, null, '1E134010123', null);
INSERT INTO `eth` VALUES ('2117', '1F442010112', '1', 'F4N01-12', '1F44201', null, null, '1E134010124', null);
INSERT INTO `eth` VALUES ('2118', '1F542010101', '1', 'F5N01-01', '1F54201', null, null, '1E132010101', null);
INSERT INTO `eth` VALUES ('2119', '1F542010102', '1', 'F5N01-02', '1F54201', null, null, '1E132010102', null);
INSERT INTO `eth` VALUES ('2120', '1F542010103', '1', 'F5N01-03', '1F54201', null, null, '1E132010103', null);
INSERT INTO `eth` VALUES ('2121', '1F542010104', '1', 'F5N01-04', '1F54201', null, null, '1E132010104', null);
INSERT INTO `eth` VALUES ('2122', '1F542010105', '1', 'F5N01-05', '1F54201', null, null, '1E132010105', null);
INSERT INTO `eth` VALUES ('2123', '1F542010106', '1', 'F5N01-06', '1F54201', null, null, '1E132010106', null);
INSERT INTO `eth` VALUES ('2124', '1F542010107', '1', 'F5N01-07', '1F54201', null, null, '1E132010107', null);
INSERT INTO `eth` VALUES ('2125', '1F542010108', '1', 'F5N01-08', '1F54201', null, null, '1E132010108', null);
INSERT INTO `eth` VALUES ('2126', '1F542010109', '1', 'F5N01-09', '1F54201', null, null, '1E132010109', null);
INSERT INTO `eth` VALUES ('2127', '1F542010110', '1', 'F5N01-10', '1F54201', null, null, '1E132010110', null);
INSERT INTO `eth` VALUES ('2128', '1F542010111', '1', 'F5N01-11', '1F54201', null, null, '1E132010111', null);
INSERT INTO `eth` VALUES ('2129', '1F542010112', '1', 'F5N01-12', '1F54201', null, null, '1E132010112', null);
INSERT INTO `eth` VALUES ('2130', '1F642010101', '1', 'F6N01-01', '1F64201', null, null, '1E132010113', null);
INSERT INTO `eth` VALUES ('2131', '1F642010102', '1', 'F6N01-02', '1F64201', null, null, '1E132010114', null);
INSERT INTO `eth` VALUES ('2132', '1F642010103', '1', 'F6N01-03', '1F64201', null, null, '1E132010115', null);
INSERT INTO `eth` VALUES ('2133', '1F642010104', '1', 'F6N01-04', '1F64201', null, null, '1E132010116', null);
INSERT INTO `eth` VALUES ('2134', '1F642010105', '1', 'F6N01-05', '1F64201', null, null, '1E132010117', null);
INSERT INTO `eth` VALUES ('2135', '1F642010106', '1', 'F6N01-06', '1F64201', null, null, '1E132010118', null);
INSERT INTO `eth` VALUES ('2136', '1F642010107', '1', 'F6N01-07', '1F64201', null, null, '1E132010119', null);
INSERT INTO `eth` VALUES ('2137', '1F642010108', '1', 'F6N01-08', '1F64201', null, null, '1E132010120', null);
INSERT INTO `eth` VALUES ('2138', '1F642010109', '1', 'F6N01-09', '1F64201', null, null, '1E132010121', null);
INSERT INTO `eth` VALUES ('2139', '1F642010110', '1', 'F6N01-10', '1F64201', null, null, '1E132010122', null);
INSERT INTO `eth` VALUES ('2140', '1F642010111', '1', 'F6N01-11', '1F64201', null, null, '1E132010123', null);
INSERT INTO `eth` VALUES ('2141', '1F642010112', '1', 'F6N01-12', '1F64201', null, null, '1E132010124', null);
INSERT INTO `eth` VALUES ('2142', '1F742010101', '1', 'F7N01-01', '1F74201', null, null, '1E130010101', null);
INSERT INTO `eth` VALUES ('2143', '1F742010102', '1', 'F7N01-02', '1F74201', null, null, '1E130010102', null);
INSERT INTO `eth` VALUES ('2144', '1F742010103', '1', 'F7N01-03', '1F74201', null, null, '1E130010103', null);
INSERT INTO `eth` VALUES ('2145', '1F742010104', '1', 'F7N01-04', '1F74201', null, null, '1E130010104', null);
INSERT INTO `eth` VALUES ('2146', '1F742010105', '1', 'F7N01-05', '1F74201', null, null, '1E130010105', null);
INSERT INTO `eth` VALUES ('2147', '1F742010106', '1', 'F7N01-06', '1F74201', null, null, '1E130010106', null);
INSERT INTO `eth` VALUES ('2148', '1F742010107', '1', 'F7N01-07', '1F74201', null, null, '1E130010107', null);
INSERT INTO `eth` VALUES ('2149', '1F742010108', '1', 'F7N01-08', '1F74201', null, null, '1E130010108', null);
INSERT INTO `eth` VALUES ('2150', '1F742010109', '1', 'F7N01-09', '1F74201', null, null, '1E130010109', null);
INSERT INTO `eth` VALUES ('2151', '1F742010110', '1', 'F7N01-10', '1F74201', null, null, '1E130010110', null);
INSERT INTO `eth` VALUES ('2152', '1F742010111', '1', 'F7N01-11', '1F74201', null, null, '1E130010111', null);
INSERT INTO `eth` VALUES ('2153', '1F742010112', '1', 'F7N01-12', '1F74201', null, null, '1E130010112', null);
INSERT INTO `eth` VALUES ('2154', '1F842010101', '1', 'F8N01-01', '1F84201', null, null, '1E130010113', null);
INSERT INTO `eth` VALUES ('2155', '1F842010102', '1', 'F8N01-02', '1F84201', null, null, '1E130010114', null);
INSERT INTO `eth` VALUES ('2156', '1F842010103', '1', 'F8N01-03', '1F84201', null, null, '1E130010115', null);
INSERT INTO `eth` VALUES ('2157', '1F842010104', '1', 'F8N01-04', '1F84201', null, null, '1E130010116', null);
INSERT INTO `eth` VALUES ('2158', '1F842010105', '1', 'F8N01-05', '1F84201', null, null, '1E130010117', null);
INSERT INTO `eth` VALUES ('2159', '1F842010106', '1', 'F8N01-06', '1F84201', null, null, '1E130010118', null);
INSERT INTO `eth` VALUES ('2160', '1F842010107', '1', 'F8N01-07', '1F84201', null, null, '1E130010119', null);
INSERT INTO `eth` VALUES ('2161', '1F842010108', '1', 'F8N01-08', '1F84201', null, null, '1E130010120', null);
INSERT INTO `eth` VALUES ('2162', '1F842010109', '1', 'F8N01-09', '1F84201', null, null, '1E130010121', null);
INSERT INTO `eth` VALUES ('2163', '1F842010110', '1', 'F8N01-10', '1F84201', null, null, '1E130010122', null);
INSERT INTO `eth` VALUES ('2164', '1F842010111', '1', 'F8N01-11', '1F84201', null, null, '1E130010123', null);
INSERT INTO `eth` VALUES ('2165', '1F842010112', '1', 'F8N01-12', '1F84201', null, null, '1E130010124', null);

-- ----------------------------
-- Table structure for eth_copy
-- ----------------------------
DROP TABLE IF EXISTS `eth_copy`;
CREATE TABLE `eth_copy` (
  `id` int(11) NOT NULL,
  `code` varchar(255) DEFAULT NULL,
  `isShow` tinyint(4) DEFAULT '1',
  `name` varchar(255) DEFAULT NULL,
  `device` varchar(255) DEFAULT NULL,
  `device_old` int(11) DEFAULT NULL,
  `ip` varchar(255) DEFAULT NULL,
  `peerId` varchar(255) DEFAULT NULL,
  `memo` varchar(1000) DEFAULT NULL,
  PRIMARY KEY (`id`)
) ENGINE=InnoDB DEFAULT CHARSET=utf8;

-- ----------------------------
-- Records of eth_copy
-- ----------------------------
INSERT INTO `eth_copy` VALUES ('1', '1C936020104', '1', '0104', '1C93602', '71', '', '1C942010101', '');
INSERT INTO `eth_copy` VALUES ('2', '1C933020104', '1', '0104', '1C93302', '41', '', '1C942010102', '');
INSERT INTO `eth_copy` VALUES ('3', '1C930020104', '1', '0104', '1C93002', '40', '', '1C942010103', '');
INSERT INTO `eth_copy` VALUES ('4', '1C925040202', '1', '0202', '1C92504', '39', '', '1C942010104', '');
INSERT INTO `eth_copy` VALUES ('5', '1C920040202', '1', '0202', '1C92004', '38', '', '1C942010105', '');
INSERT INTO `eth_copy` VALUES ('6', '1C930020302', '1', '0302', '1C93002', '40', '', '1C942010106', '');
INSERT INTO `eth_copy` VALUES ('7', '1C936020303', '1', '0303', '1C93602', '71', '', '1C942010107', '');
INSERT INTO `eth_copy` VALUES ('8', '1C933020303', '1', '0303', '1C93302', '41', '', '1C942010108', '');
INSERT INTO `eth_copy` VALUES ('9', '1C930020303', '1', '0303', '1C93002', '40', '', '1C942010109', '');
INSERT INTO `eth_copy` VALUES ('10', '1C925040202', '1', '0202', '1C92504', '39', '', '1C942010110', '');
INSERT INTO `eth_copy` VALUES ('11', '1C920040202', '1', '0202', '1C92004', '38', '', '1C942010111', '');
INSERT INTO `eth_copy` VALUES ('12', '1C930020202', '1', '0202', '1C93002', '40', '', '1C942010112', '');
INSERT INTO `eth_copy` VALUES ('18', '1C836020104', '1', '0104', '1C83602', '36', '', '1C842010101', '');
INSERT INTO `eth_copy` VALUES ('19', '1C833020104', '1', '0104', '1C83302', '35', '', '1C842010102', '');
INSERT INTO `eth_copy` VALUES ('20', '1C830020104', '1', '0104', '1C83002', '34', '', '1C842010103', '');
INSERT INTO `eth_copy` VALUES ('21', '1C825040202', '1', '0202', '1C82504', '33', '', '1C842010104', '');
INSERT INTO `eth_copy` VALUES ('22', '1C820040202', '1', '0202', '1C82004', '32', '', '1C842010105', '');
INSERT INTO `eth_copy` VALUES ('23', '1C830020302', '1', '0302', '1C83002', '34', '', '1C842010106', '');
INSERT INTO `eth_copy` VALUES ('24', '1C836020303', '1', '0303', '1C83602', '36', '', '1C842010107', '');
INSERT INTO `eth_copy` VALUES ('25', '1C833020303', '1', '0303', '1C83302', '35', '', '1C842010108', '');
INSERT INTO `eth_copy` VALUES ('26', '1C830020303', '1', '0303', '1C83002', '34', '', '1C842010109', '');
INSERT INTO `eth_copy` VALUES ('27', '1C825040203', '1', '0203', '1C82504', '33', '', '1C842010110', '');
INSERT INTO `eth_copy` VALUES ('28', '1C820040203', '1', '0203', '1C82004', '32', '', '1C842010111', '');
INSERT INTO `eth_copy` VALUES ('29', '1C830020202', '1', '0202', '1C83002', '34', '', '1C842010112', '');
INSERT INTO `eth_copy` VALUES ('35', '1C728040202', '1', '0202', '1C72804', '30', '', '1C742010101', '');
INSERT INTO `eth_copy` VALUES ('36', '1C717010102', '1', '0102', '1C71701', '26', '', '1C742010102', '');
INSERT INTO `eth_copy` VALUES ('37', '1C725010104', '1', '0104', '1C72501', '29', '', '1C742010103', '');
INSERT INTO `eth_copy` VALUES ('38', '1C722020102', '1', '0102', '1C72202', '28', '', '1C742010104', '');
INSERT INTO `eth_copy` VALUES ('39', '1C728040203', '1', '0203', '1C72804', '30', '', '1C742010107', '');
INSERT INTO `eth_copy` VALUES ('40', '1C717010103', '1', '0103', '1C71701', '26', '', '1C742010108', '');
INSERT INTO `eth_copy` VALUES ('42', '1C515010101', '1', '0101', '1C51501', '21', '', '1C542010101', '');
INSERT INTO `eth_copy` VALUES ('43', '1C521020204', '1', '0204', '1C52102', '23', '', '1C542010102', '');
INSERT INTO `eth_copy` VALUES ('44', '1C521020104', '1', '0104', '1C52102', '23', '', '1C542010104', '');
INSERT INTO `eth_copy` VALUES ('45', '1C513010101', '1', '0101', '1C51301', '20', '', '1C542010105', '');
INSERT INTO `eth_copy` VALUES ('46', '1C518020202', '1', '0202', '1C51802', '22', '', '1C542010106', '');
INSERT INTO `eth_copy` VALUES ('47', '1C515010103', '1', '0103', '1C51501', '21', '', '1C542010107', '');
INSERT INTO `eth_copy` VALUES ('48', '1C515010104', '1', '0104', '1C51501', '21', '', '1C542010108', '');
INSERT INTO `eth_copy` VALUES ('50', '1C421020303', '1', '0303', '1C42102', '19', '', '1C442010101', '');
INSERT INTO `eth_copy` VALUES ('51', '1C413010102', '1', '0102', '1C41301', '16', '', '1C442010102', '');
INSERT INTO `eth_copy` VALUES ('52', '1C415010105', '1', '0105', '1C41501', '17', '', '1C442010103', '');
INSERT INTO `eth_copy` VALUES ('53', '1C415010102', '1', '0102', '1C41501', '17', '', '1C442010104', '');
INSERT INTO `eth_copy` VALUES ('54', '1C418020203', '1', '0203', '1C41802', '18', '', '1C442010105', '');
INSERT INTO `eth_copy` VALUES ('55', '1C413010104', '1', '0104', '1C41301', '16', '', '1C442010106', '');
INSERT INTO `eth_copy` VALUES ('56', '1C415010103', '1', '0103', '1C41501', '17', '', '1C442010107', '');
INSERT INTO `eth_copy` VALUES ('57', '1C415010104', '1', '0104', '1C41501', '17', '', '1C442010108', '');
INSERT INTO `eth_copy` VALUES ('59', '1C330010101', '1', '0101', '1C33001', '15', '', '1C342010111', '');
INSERT INTO `eth_copy` VALUES ('60', '1C330010102', '1', '0102', '1C33001', '15', '', '1C342010112', '');
INSERT INTO `eth_copy` VALUES ('61', '1C330010103', '1', '0103', '1C33001', '15', '', '1C342010113', '');
INSERT INTO `eth_copy` VALUES ('62', '1C330010104', '1', '0104', '1C33001', '15', '', '1C342010114', '');
INSERT INTO `eth_copy` VALUES ('63', '1C330010105', '1', '0105', '1C33001', '15', '', '1C342010115', '');
INSERT INTO `eth_copy` VALUES ('64', '1C330010106', '1', '0106', '1C33001', '15', '', '1C342010116', '');
INSERT INTO `eth_copy` VALUES ('65', '1C330010107', '1', '0107', '1C33001', '15', '', '1C342010117', '');
INSERT INTO `eth_copy` VALUES ('66', '1C330010108', '1', '0108', '1C33001', '15', '', '1C342010118', '');
INSERT INTO `eth_copy` VALUES ('67', '1C330010109', '1', '0109', '1C33001', '15', '', '1C342010119', '');
INSERT INTO `eth_copy` VALUES ('68', '1C330010110', '1', '0110', '1C33001', '15', '', '1C342010110', '');
INSERT INTO `eth_copy` VALUES ('69', '1C330010111', '1', '0111', '1C33001', '15', '', '1C342010111', '');
INSERT INTO `eth_copy` VALUES ('70', '1C330010112', '1', '0112', '1C33001', '15', '', '1C342010112', '');
INSERT INTO `eth_copy` VALUES ('71', '1C330010113', '1', '0113', '1C33001', '15', '', '1C342010113', '');
INSERT INTO `eth_copy` VALUES ('72', '1C316020201', '1', '0201', '1C31602', '10', '', '1C342010114', '');
INSERT INTO `eth_copy` VALUES ('74', '1C330010104', '1', '0104', '1C33001', '15', '', '1C342010106', '');
INSERT INTO `eth_copy` VALUES ('75', '1C316020202', '1', '0202', '1C31602', '10', '', '1C342010105', '');
INSERT INTO `eth_copy` VALUES ('76', '1C327010102', '1', '0102', '1C32701', '14', '', '1C338010101', '');
INSERT INTO `eth_copy` VALUES ('77', '1C324020202', '1', '0202', '1C32402', '13', '', '1C338010102', '');
INSERT INTO `eth_copy` VALUES ('78', '1C322010102', '1', '0102', '1C32201', '12', '', '1C338010103', '');
INSERT INTO `eth_copy` VALUES ('79', '1C319020202', '1', '0202', '1C31902', '11', '', '1C338010104', '');
INSERT INTO `eth_copy` VALUES ('80', '1C230010101', '1', '0101', '1C23001', '7', '', '1C242010101', '');
INSERT INTO `eth_copy` VALUES ('81', '1C230010102', '1', '0102', '1C23001', '7', '', '1C242010102', '');
INSERT INTO `eth_copy` VALUES ('82', '1C230010103', '1', '0103', '1C23001', '7', '', '1C242010103', '');
INSERT INTO `eth_copy` VALUES ('83', '1C230010104', '1', '0104', '1C23001', '7', '', '1C242010104', '');
INSERT INTO `eth_copy` VALUES ('84', '1C230010105', '1', '0105', '1C23001', '7', '', '1C242010105', '');
INSERT INTO `eth_copy` VALUES ('85', '1C230010106', '1', '0106', '1C23001', '7', '', '1C242010106', '');
INSERT INTO `eth_copy` VALUES ('86', '1C230010107', '1', '0107', '1C23001', '7', '', '1C242010107', '');
INSERT INTO `eth_copy` VALUES ('87', '1C230010108', '1', '0108', '1C23001', '7', '', '1C242010108', '');
INSERT INTO `eth_copy` VALUES ('88', '1C230010109', '1', '0109', '1C23001', '7', '', '1C242010109', '');
INSERT INTO `eth_copy` VALUES ('89', '1C230010110', '1', '0110', '1C23001', '7', '', '1C242010110', '');
INSERT INTO `eth_copy` VALUES ('90', '1C230010111', '1', '0111', '1C23001', '7', '', '1C242010111', '');
INSERT INTO `eth_copy` VALUES ('91', '1C230010112', '1', '0112', '1C23001', '7', '', '1C242010112', '');
INSERT INTO `eth_copy` VALUES ('92', '1C230010113', '1', '0113', '1C23001', '7', '', '1C242010113', '');
INSERT INTO `eth_copy` VALUES ('93', '1C216020201', '1', '0201', '1C21602', '2', '', '1C242010114', '');
INSERT INTO `eth_copy` VALUES ('94', '1C216020202', '1', '0202', '1C21602', '2', '', '1C242010115', '');
INSERT INTO `eth_copy` VALUES ('95', '1C230010114', '1', '0114', '1C23001', '7', '', '1C242010116', '');
INSERT INTO `eth_copy` VALUES ('96', '1C230010136', '1', '0136', '1C23001', '7', '', '1C242010119', '');
INSERT INTO `eth_copy` VALUES ('97', '1C230010137', '1', '0137', '1C23001', '7', '', '1C242010120', '');
INSERT INTO `eth_copy` VALUES ('98', '1C214010101', '1', '0101', '1C21401', '1', '', '1C240010101', '');
INSERT INTO `eth_copy` VALUES ('99', '1C214010102', '1', '0102', '1C21401', '1', '', '1C240010102', '');
INSERT INTO `eth_copy` VALUES ('100', '1C214010103', '1', '0103', '1C21401', '1', '', '1C240010103', '');
INSERT INTO `eth_copy` VALUES ('101', '1C214010104', '1', '0104', '1C21401', '1', '', '1C240010104', '');
INSERT INTO `eth_copy` VALUES ('102', '1C214010105', '1', '0105', '1C21401', '1', '', '1C240010105', '');
INSERT INTO `eth_copy` VALUES ('103', '1C214010106', '1', '0106', '1C21401', '1', '', '1C240010106', '');
INSERT INTO `eth_copy` VALUES ('104', '1C214010107', '1', '0107', '1C21401', '1', '', '1C240010107', '');
INSERT INTO `eth_copy` VALUES ('105', '1C214010108', '1', '0108', '1C21401', '1', '', '1C240010108', '');
INSERT INTO `eth_copy` VALUES ('106', '1C214010109', '1', '0109', '1C21401', '1', '', '1C240010109', '');
INSERT INTO `eth_copy` VALUES ('107', '1C214010110', '1', '0110', '1C21401', '1', '', '1C240010110', '');
INSERT INTO `eth_copy` VALUES ('108', '1C214010111', '1', '0111', '1C21401', '1', '', '1C240010111', '');
INSERT INTO `eth_copy` VALUES ('109', '1C214010112', '1', '0112', '1C21401', '1', '', '1C240010112', '');
INSERT INTO `eth_copy` VALUES ('110', '1C214010113', '1', '0113', '1C21401', '1', '', '1C240010113', '');
INSERT INTO `eth_copy` VALUES ('111', '1C214010114', '1', '0114', '1C21401', '1', '', '1C240010114', '');
INSERT INTO `eth_copy` VALUES ('112', '1C227010102', '1', '0102', '1C22701', '6', '', '1C238010101', '');
INSERT INTO `eth_copy` VALUES ('113', '1C224020202', '1', '0202', '1C22402', '5', '', '1C238010102', '');
INSERT INTO `eth_copy` VALUES ('114', '1C222010102', '1', '0102', '1C22201', '4', '', '1C238010103', '');
INSERT INTO `eth_copy` VALUES ('115', '1C219020202', '1', '0202', '1C21902', '3', '', '1C238010104', '');
INSERT INTO `eth_copy` VALUES ('116', '1C232040103', '1', '0103', '1C23204', '8', '', '1C238010105', '');
INSERT INTO `eth_copy` VALUES ('117', '1C232040102', '1', '0102', '1C23204', '8', '', '1C238010106', '');
INSERT INTO `eth_copy` VALUES ('118', '1D622040202', '1', '0202', '1D62204', '66', '', '1D642010101', '');
INSERT INTO `eth_copy` VALUES ('119', '1D617040202', '1', '0202', '1D61704', '65', '', '1D642010102', '');
INSERT INTO `eth_copy` VALUES ('120', '1D622040203', '1', '0203', '1D62204', '66', '', '1D642010107', '');
INSERT INTO `eth_copy` VALUES ('121', '1D617040203', '1', '0203', '1D61704', '65', '', '1D642010108', '');
INSERT INTO `eth_copy` VALUES ('124', '1D236020104', '1', '0104', '1D23602', '45', '', '1D242010101', '');
INSERT INTO `eth_copy` VALUES ('125', '1D233020104', '1', '0104', '1D23302', '44', '', '1D242010102', '');
INSERT INTO `eth_copy` VALUES ('126', '1D228040202', '1', '0202', '1D22804', '43', '', '1D242010103', '');
INSERT INTO `eth_copy` VALUES ('127', '1D223040202', '1', '0202', '1D22304', '42', '', '1D242010104', '');
INSERT INTO `eth_copy` VALUES ('128', '1D236020302', '1', '0302', '1D23602', '45', '', '1D242010105', '');
INSERT INTO `eth_copy` VALUES ('129', '1D233020204', '1', '0204', '1D23302', '44', '', '1D242010106', '');
INSERT INTO `eth_copy` VALUES ('130', '1D236020303', '1', '0303', '1D23602', '45', '', '1D242010107', '');
INSERT INTO `eth_copy` VALUES ('131', '1D233020303', '1', '0303', '1D23302', '44', '', '1D242010108', '');
INSERT INTO `eth_copy` VALUES ('132', '1D228040203', '1', '0203', '1D22804', '43', '', '1D242010109', '');
INSERT INTO `eth_copy` VALUES ('133', '1D236020204', '1', '0204', '1D23602', '45', '', '1D242010111', '');
INSERT INTO `eth_copy` VALUES ('138', '1D336020104', '1', '0104', '1D33602', '49', '', '1D342010101', '');
INSERT INTO `eth_copy` VALUES ('139', '1D333020104', '1', '0104', '1D33302', '48', '', '1D342010102', '');
INSERT INTO `eth_copy` VALUES ('140', '1D323040202', '1', '0202', '1D32304', '46', '', '1D342010104', '');
INSERT INTO `eth_copy` VALUES ('141', '1D336020204', '1', '0204', '1D33602', '49', '', '1D342010105', '');
INSERT INTO `eth_copy` VALUES ('142', '1D333020204', '1', '0204', '1D33302', '48', '', '1D342010106', '');
INSERT INTO `eth_copy` VALUES ('143', '1D336020303', '1', '0303', '1D33602', '49', '', '1D342010107', '');
INSERT INTO `eth_copy` VALUES ('144', '1D333020303', '1', '0303', '1D33302', '48', '', '1D342010108', '');
INSERT INTO `eth_copy` VALUES ('145', '1D323040203', '1', '0203', '1D32304', '46', '', '1D342010110', '');
INSERT INTO `eth_copy` VALUES ('146', '1D336020302', '1', '0302', '1D33602', '49', '', '1D342010111', '');
INSERT INTO `eth_copy` VALUES ('151', '1D431010101', '1', '0101', '1D43101', '55', '', '1D442010101', '');
INSERT INTO `eth_copy` VALUES ('152', '1D431010102', '1', '0102', '1D43101', '55', '', '1D442010102', '');
INSERT INTO `eth_copy` VALUES ('153', '1D431010103', '1', '0103', '1D43101', '55', '', '1D442010103', '');
INSERT INTO `eth_copy` VALUES ('154', '1D431010104', '1', '0104', '1D43101', '55', '', '1D442010104', '');
INSERT INTO `eth_copy` VALUES ('155', '1D431010105', '1', '0105', '1D43101', '55', '', '1D442010105', '');
INSERT INTO `eth_copy` VALUES ('156', '1D431010106', '1', '0106', '1D43101', '55', '', '1D442010106', '');
INSERT INTO `eth_copy` VALUES ('157', '1D431010107', '1', '0107', '1D43101', '55', '', '1D442010107', '');
INSERT INTO `eth_copy` VALUES ('158', '1D431010108', '1', '0108', '1D43101', '55', '', '1D442010108', '');
INSERT INTO `eth_copy` VALUES ('159', '1D431010109', '1', '0109', '1D43101', '55', '', '1D442010109', '');
INSERT INTO `eth_copy` VALUES ('160', '1D431010110', '1', '0110', '1D43101', '55', '', '1D442010110', '');
INSERT INTO `eth_copy` VALUES ('161', '1D423010101', '1', '0101', '1D42301', '52', '', '1D442010111', '');
INSERT INTO `eth_copy` VALUES ('162', '1D428020201', '1', '0201', '1D42802', '54', '', '1D442010112', '');
INSERT INTO `eth_copy` VALUES ('163', '1D437010103', '1', '0103', '1D43701', '74', '', '1D442010113', '');
INSERT INTO `eth_copy` VALUES ('164', '1D426010101', '1', '0101', '1D42601', '53', '', '1D442010114', '');
INSERT INTO `eth_copy` VALUES ('165', '1D426010102', '1', '0102', '1D42601', '53', '', '1D442010115', '');
INSERT INTO `eth_copy` VALUES ('166', '1D431010131', '1', '0131', '1D43101', '55', '', '1D442010116', '');
INSERT INTO `eth_copy` VALUES ('167', '1D431010132', '1', '0132', '1D43101', '55', '', '1D442010117', '');
INSERT INTO `eth_copy` VALUES ('168', '1D416010115', '1', '0115', '1D41601', '50', '', '1D442010118', '');
INSERT INTO `eth_copy` VALUES ('169', '1D423010102', '1', '0102', '1D42301', '52', '', '1D442010120', '');
INSERT INTO `eth_copy` VALUES ('170', '1D420020202', '1', '0202', '1D42002', '51', '', '1D442010121', '');
INSERT INTO `eth_copy` VALUES ('171', '1D423010104', '1', '0104', '1D42301', '52', '', '1D442010122', '');
INSERT INTO `eth_copy` VALUES ('172', '1D531010101', '1', '0101', '1D53101', '63', '', '1D542010101', '');
INSERT INTO `eth_copy` VALUES ('173', '1D531010102', '1', '0102', '1D53101', '63', '', '1D542010102', '');
INSERT INTO `eth_copy` VALUES ('174', '1D531010103', '1', '0103', '1D53101', '63', '', '1D542010103', '');
INSERT INTO `eth_copy` VALUES ('175', '1D531010104', '1', '0104', '1D53101', '63', '', '1D542010104', '');
INSERT INTO `eth_copy` VALUES ('176', '1D531010105', '1', '0105', '1D53101', '63', '', '1D542010105', '');
INSERT INTO `eth_copy` VALUES ('177', '1D531010106', '1', '0106', '1D53101', '63', '', '1D542010106', '');
INSERT INTO `eth_copy` VALUES ('178', '1D531010107', '1', '0107', '1D53101', '63', '', '1D542010107', '');
INSERT INTO `eth_copy` VALUES ('179', '1D531010108', '1', '0108', '1D53101', '63', '', '1D542010108', '');
INSERT INTO `eth_copy` VALUES ('180', '1D531010109', '1', '0109', '1D53101', '63', '', '1D542010109', '');
INSERT INTO `eth_copy` VALUES ('181', '1D531010110', '1', '0110', '1D53101', '63', '', '1D542010110', '');
INSERT INTO `eth_copy` VALUES ('182', '1D528020201', '1', '0201', '1D52802', '62', '', '1D542010111', '');
INSERT INTO `eth_copy` VALUES ('183', '1D531010111', '1', '0111', '1D53101', '63', '', '1D542010113', '');
INSERT INTO `eth_copy` VALUES ('184', '1D531010131', '1', '0131', '1D53101', '63', '', '1D542010116', '');
INSERT INTO `eth_copy` VALUES ('185', '1D531010132', '1', '0132', '1D53101', '63', '', '1D542010117', '');
INSERT INTO `eth_copy` VALUES ('186', '1D531010133', '1', '0133', '1D53101', '63', '', '1D542010118', '');
INSERT INTO `eth_copy` VALUES ('187', '1D531010134', '1', '0134', '1D53101', '63', '', '1D542010119', '');
INSERT INTO `eth_copy` VALUES ('188', '1D523010102', '1', '0102', '1D52301', '60', '', '1D542010121', '');
INSERT INTO `eth_copy` VALUES ('189', '1D520020102', '1', '0102', '1D52002', '59', '', '1D542010122', '');
INSERT INTO `eth_copy` VALUES ('190', '1D513010101', '1', '0101', '1D51301', '57', '', '1D540010101', '');
INSERT INTO `eth_copy` VALUES ('191', '1D513010102', '1', '0102', '1D51301', '57', '', '1D540010102', '');
INSERT INTO `eth_copy` VALUES ('192', '1D513010103', '1', '0103', '1D51301', '57', '', '1D540010103', '');
INSERT INTO `eth_copy` VALUES ('193', '1D513010104', '1', '0104', '1D51301', '57', '', '1D540010104', '');
INSERT INTO `eth_copy` VALUES ('194', '1D513010105', '1', '0105', '1D51301', '57', '', '1D540010105', '');
INSERT INTO `eth_copy` VALUES ('195', '1D513010106', '1', '0106', '1D51301', '57', '', '1D540010106', '');
INSERT INTO `eth_copy` VALUES ('196', '1D513010107', '1', '0107', '1D51301', '57', '', '1D540010107', '');
INSERT INTO `eth_copy` VALUES ('197', '1D513010108', '1', '0108', '1D51301', '57', '', '1D540010108', '');
INSERT INTO `eth_copy` VALUES ('198', '1D513010109', '1', '0109', '1D51301', '57', '', '1D540010109', '');
INSERT INTO `eth_copy` VALUES ('199', '1D513010110', '1', '0110', '1D51301', '57', '', '1D540010110', '');
INSERT INTO `eth_copy` VALUES ('200', '1D513010111', '1', '0111', '1D51301', '57', '', '1D540010111', '');

-- ----------------------------
-- Table structure for event
-- ----------------------------
DROP TABLE IF EXISTS `event`;
CREATE TABLE `event` (
  `id` int(11) NOT NULL AUTO_INCREMENT,
  `name` varchar(255) DEFAULT NULL,
  `isShow` int(11) DEFAULT '1',
  `type` varchar(255) DEFAULT NULL,
  `match_func` varchar(255) DEFAULT NULL,
  `deal_func` varchar(20000) DEFAULT NULL,
  `dealFunc` varchar(255) DEFAULT NULL,
  `matchFunc` varchar(255) DEFAULT NULL,
  PRIMARY KEY (`id`)
) ENGINE=InnoDB AUTO_INCREMENT=15 DEFAULT CHARSET=utf8;

-- ----------------------------
-- Records of event
-- ----------------------------
INSERT INTO `event` VALUES ('1', 'card_event', '1', 'rclick', 'function(name){ return  name.indexOf(\'cab_\')>=0;}', 'function(obj){/* if(obj.pick) { obj.position.y -=200; obj.pick=0; } else {var box = new THREE.BoxHelper( obj,0xffff00 );D3DOBJ.scene.add(box); obj.pick=1;}*/}', null, null);
INSERT INTO `event` VALUES ('2', 'open_doorF', '1', 'dbclick', 'function(name){ return  name.indexOf(\'doorF\')>=0;}', 'function(obj){ D3DOBJ.openFrontDoor(obj); }', null, null);
INSERT INTO `event` VALUES ('3', 'open_doorB', '1', 'dbclick', 'function(name){ return  name.indexOf(\'doorB\')>=0;}', 'function(obj){ D3DOBJ.openBackDoor(obj);}', null, null);
INSERT INTO `event` VALUES ('4', 'open_doorL', '1', 'dbclick', 'function(name){ return  name.indexOf(\'doorR\')>=0;}', 'function(obj){ D3DOBJ.openLeftDoor(obj); }', null, null);
INSERT INTO `event` VALUES ('5', 'open_doorR', '1', 'dbclick', 'function(name){ return  name.indexOf(\'doorL\')>=0;}', 'function(obj){ D3DOBJ.openRightDoor(obj); }', null, null);
INSERT INTO `event` VALUES ('6', 'pull_device', '1', 'dbclick', 'function(name){ return  name.indexOf(\'dev_\')>=0;}', 'function(obj){ D3DOBJ.pullDevice(obj);}', null, null);
INSERT INTO `event` VALUES ('7', 'hide_cabinet', '1', 'rclick', 'function(name){ return  name.indexOf(\'col_\')>=0;}', 'function(obj){ D3DOBJ.hideCabinet(obj); }', null, null);
INSERT INTO `event` VALUES ('8', 'hide_cable', '1', 'rclick', 'function(name){ return name.indexOf(\'cable_\')===0;}', 'function(obj){D3DOBJ.hideCable(obj);}', null, null);
INSERT INTO `event` VALUES ('9', 'show_cable_info', '1', 'click', 'function(name){ return name.indexOf(\'cable_\')===0;}', 'function(obj){D3DOBJ.showCableInfo(obj);}', null, null);
INSERT INTO `event` VALUES ('10', 'show_device_info', '1', 'click', 'function(name){ return name.indexOf(\'dev_\')===0;}', 'function(obj){D3DOBJ.showDeviceInfo(obj);}', null, null);
INSERT INTO `event` VALUES ('11', 'hide_row', '1', 'rclick', 'function(name){ return  name.indexOf(\'row_\')>=0;}', 'function(obj){ D3DOBJ.hideRowCabinet(obj); }', null, null);
INSERT INTO `event` VALUES ('12', 'hide_power_line', '1', 'rclick', 'function(name){ return name.indexOf(\'power_\')===0;}', 'function(obj){D3DOBJ.hidePower(obj);}', null, null);
INSERT INTO `event` VALUES ('13', 'show_power_info', '1', 'click', 'function(name){ return name.indexOf(\'power_\')===0;}', 'function(obj){D3DOBJ.showPowerInfo(obj);}', null, null);
INSERT INTO `event` VALUES ('14', 'view_device', '1', 'rclick', 'function(name){ return  name.indexOf(\'dev_\')>=0;}', 'function(obj){D3DOBJ.viewServer(obj);}', null, null);

-- ----------------------------
-- Table structure for label
-- ----------------------------
DROP TABLE IF EXISTS `label`;
CREATE TABLE `label` (
  `id` int(11) NOT NULL AUTO_INCREMENT,
  `name` varchar(255) DEFAULT NULL,
  `isShow` int(11) DEFAULT NULL,
  `length` double DEFAULT NULL,
  `width` double DEFAULT NULL,
  `height` double DEFAULT NULL,
  `pos_x` double DEFAULT NULL,
  `pos_y` double DEFAULT NULL,
  `pos_z` double DEFAULT NULL,
  `rot_x` double DEFAULT '0',
  `rot_y` double DEFAULT '0',
  `rot_z` double DEFAULT '0',
  `scl_x` double DEFAULT '1',
  `scl_y` double DEFAULT '1',
  `scl_z` double DEFAULT '1',
  `fillColor` varchar(255) DEFAULT NULL,
  `pic` varchar(255) DEFAULT NULL,
  `parent` varchar(255) DEFAULT NULL,
  `isDirty` tinyint(4) DEFAULT '1',
  PRIMARY KEY (`id`)
) ENGINE=InnoDB AUTO_INCREMENT=125 DEFAULT CHARSET=utf8;

-- ----------------------------
-- Records of label
-- ----------------------------
INSERT INTO `label` VALUES ('1', 'col_F1', '1', '0', '64', '64', '0', '107.5', '0', '-90', '0', '0', '0.6', '0.6', '1', '#2B4C8F', null, 'cab_F1', '0');
INSERT INTO `label` VALUES ('2', 'col_F2', '1', '0', '64', '64', '0', '107.5', '0', '-90', '0', '0', '0.6', '0.6', '1', '#2B4C8F', null, 'cab_F2', '0');
INSERT INTO `label` VALUES ('3', 'col_F3', '1', '0', '64', '64', '0', '107.5', '0', '-90', '0', '0', '0.6', '0.6', '1', '#2B4C8F', null, 'cab_F3', '0');
INSERT INTO `label` VALUES ('4', 'col_F4', '1', '0', '64', '64', '0', '107.5', '0', '-90', '0', '0', '0.6', '0.6', '1', '#2B4C8F', null, 'cab_F4', '0');
INSERT INTO `label` VALUES ('5', 'col_F5', '1', '0', '64', '64', '0', '107.5', '0', '-90', '0', '0', '0.6', '0.6', '1', '#2B4C8F', null, 'cab_F5', '0');
INSERT INTO `label` VALUES ('6', 'col_F6', '1', '0', '64', '64', '0', '107.5', '0', '-90', '0', '0', '0.6', '0.6', '1', '#2B4C8F', '', 'cab_F6', '0');
INSERT INTO `label` VALUES ('7', 'col_F7', '1', '0', '64', '64', '0', '107.5', '0', '-90', '0', '0', '0.6', '0.6', '1', '#2B4C8F', null, 'cab_F7', '0');
INSERT INTO `label` VALUES ('8', 'col_F8', '1', '0', '64', '64', '0', '107.5', '0', '-90', '0', '0', '0.6', '0.6', '1', '#2B4C8F', null, 'cab_F8', '0');
INSERT INTO `label` VALUES ('9', 'col_F9', '1', '0', '64', '64', '0', '107.5', '0', '-90', '0', '0', '0.6', '0.6', '1', '#2B4C8F', null, 'cab_F9', '0');
INSERT INTO `label` VALUES ('10', 'row_FL', '1', '0', '64', '64', '0', '57.5', '-36', '0', '0', '0', '0.6', '0.6', '1', '#2B4C8F', null, 'cab_F1', '0');
INSERT INTO `label` VALUES ('11', 'row_FR', '1', '0', '64', '64', '0', '57.5', '36', '0', '180', '0', '0.6', '0.6', '1', '#2B4C8F', null, 'cab_F9', '0');
INSERT INTO `label` VALUES ('12', 'card_F1', '1', '0', '256', '256', '-1', '70', '0', '0', '90', '0', '0.1', '0.1', '1', null, 'card.png', 'doorF_cab_F1', '0');
INSERT INTO `label` VALUES ('13', 'col_E1', '1', '0', '64', '64', '0', '107.5', '0', '-90', '0', '0', '0.6', '0.6', '1', '#2B4C8F', null, 'cab_E1', '0');
INSERT INTO `label` VALUES ('14', 'col_E2', '1', '0', '64', '64', '0', '107.5', '0', '-90', '0', '0', '0.6', '0.6', '1', '#2B4C8F', null, 'cab_E2', '0');
INSERT INTO `label` VALUES ('15', 'col_E3', '1', '0', '64', '64', '0', '107.5', '0', '-90', '0', '0', '0.6', '0.6', '1', '#2B4C8F', null, 'cab_E3', '0');
INSERT INTO `label` VALUES ('16', 'col_E4', '1', '0', '64', '64', '0', '107.5', '0', '-90', '0', '0', '0.6', '0.6', '1', '#2B4C8F', null, 'cab_E4', '0');
INSERT INTO `label` VALUES ('17', 'col_E5', '1', '0', '64', '64', '0', '107.5', '0', '-90', '0', '0', '0.6', '0.6', '1', '#2B4C8F', null, 'cab_E5', '0');
INSERT INTO `label` VALUES ('18', 'col_E6', '1', '0', '64', '64', '0', '107.5', '0', '-90', '0', '0', '0.6', '0.6', '1', '#2B4C8F', null, 'cab_E6', '0');
INSERT INTO `label` VALUES ('19', 'col_E7', '1', '0', '64', '64', '0', '107.5', '0', '-90', '0', '0', '0.6', '0.6', '1', '#2B4C8F', null, 'cab_E7', '0');
INSERT INTO `label` VALUES ('20', 'col_E8', '1', '0', '64', '64', '0', '107.5', '0', '-90', '0', '0', '0.6', '0.6', '1', '#2B4C8F', null, 'cab_E8', '0');
INSERT INTO `label` VALUES ('21', 'col_E9', '1', '0', '64', '64', '0', '107.5', '0', '-90', '0', '0', '0.6', '0.6', '1', '#2B4C8F', null, 'cab_E9', '0');
INSERT INTO `label` VALUES ('22', 'col_D1', '1', '0', '64', '64', '0', '107.5', '0', '-90', '0', '0', '0.6', '0.6', '1', '#2B4C8F', null, 'cab_D1', '0');
INSERT INTO `label` VALUES ('23', 'col_D2', '1', '0', '64', '64', '0', '107.5', '0', '-90', '0', '0', '0.6', '0.6', '1', '#2B4C8F', null, 'cab_D2', '0');
INSERT INTO `label` VALUES ('24', 'col_D3', '1', '0', '64', '64', '0', '107.5', '0', '-90', '0', '0', '0.6', '0.6', '1', '#2B4C8F', null, 'cab_D3', '0');
INSERT INTO `label` VALUES ('25', 'col_D4', '1', '0', '64', '64', '0', '107.5', '0', '-90', '0', '0', '0.6', '0.6', '1', '#2B4C8F', null, 'cab_D4', '0');
INSERT INTO `label` VALUES ('26', 'col_D5', '1', '0', '64', '64', '0', '107.5', '0', '-90', '0', '0', '0.6', '0.6', '1', '#2B4C8F', null, 'cab_D5', '0');
INSERT INTO `label` VALUES ('27', 'col_D6', '1', '0', '64', '64', '0', '107.5', '0', '-90', '0', '0', '0.6', '0.6', '1', '#2B4C8F', null, 'cab_D6', '0');
INSERT INTO `label` VALUES ('28', 'col_D7', '1', '0', '64', '64', '0', '107.5', '0', '-90', '0', '0', '0.6', '0.6', '1', '#2B4C8F', null, 'cab_D7', '0');
INSERT INTO `label` VALUES ('29', 'col_D8', '1', '0', '64', '64', '0', '107.5', '0', '-90', '0', '0', '0.6', '0.6', '1', '#2B4C8F', null, 'cab_D8', '0');
INSERT INTO `label` VALUES ('30', 'col_D9', '1', '0', '64', '64', '0', '107.5', '0', '-90', '0', '0', '0.6', '0.6', '1', '#2B4C8F', null, 'cab_D9', '0');
INSERT INTO `label` VALUES ('31', 'col_C1', '1', '0', '64', '64', '0', '107.5', '0', '-90', '0', '0', '0.6', '0.6', '1', '#2B4C8F', null, 'cab_C1', '0');
INSERT INTO `label` VALUES ('32', 'col_C2', '1', '0', '64', '64', '0', '107.5', '0', '-90', '0', '0', '0.6', '0.6', '1', '#2B4C8F', null, 'cab_C2', '0');
INSERT INTO `label` VALUES ('33', 'col_C3', '1', '0', '64', '64', '0', '107.5', '0', '-90', '0', '0', '0.6', '0.6', '1', '#2B4C8F', null, 'cab_C3', '0');
INSERT INTO `label` VALUES ('34', 'col_C4', '1', '0', '64', '64', '0', '107.5', '0', '-90', '0', '0', '0.6', '0.6', '1', '#2B4C8F', null, 'cab_C4', '0');
INSERT INTO `label` VALUES ('35', 'col_C5', '1', '0', '64', '64', '0', '107.5', '0', '-90', '0', '0', '0.6', '0.6', '1', '#2B4C8F', null, 'cab_C5', '0');
INSERT INTO `label` VALUES ('36', 'col_C6', '1', '0', '64', '64', '0', '107.5', '0', '-90', '0', '0', '0.6', '0.6', '1', '#2B4C8F', null, 'cab_C6', '0');
INSERT INTO `label` VALUES ('37', 'col_C7', '1', '0', '64', '64', '0', '107.5', '0', '-90', '0', '0', '0.6', '0.6', '1', '#2B4C8F', null, 'cab_C7', '0');
INSERT INTO `label` VALUES ('38', 'col_C8', '1', '0', '64', '64', '0', '107.5', '0', '-90', '0', '0', '0.6', '0.6', '1', '#2B4C8F', null, 'cab_C8', '0');
INSERT INTO `label` VALUES ('39', 'col_C9', '1', '0', '64', '64', '0', '107.5', '0', '-90', '0', '0', '0.6', '0.6', '1', '#2B4C8F', null, 'cab_C9', '0');
INSERT INTO `label` VALUES ('40', 'col_B1', '1', '0', '64', '64', '0', '107.5', '0', '-90', '0', '0', '0.6', '0.6', '1', '#2B4C8F', null, 'cab_B1', '0');
INSERT INTO `label` VALUES ('41', 'col_B2', '1', '0', '64', '64', '0', '107.5', '0', '-90', '0', '0', '0.6', '0.6', '1', '#2B4C8F', null, 'cab_B2', '0');
INSERT INTO `label` VALUES ('42', 'col_B3', '1', '0', '64', '64', '0', '107.5', '0', '-90', '0', '0', '0.6', '0.6', '1', '#2B4C8F', null, 'cab_B3', '0');
INSERT INTO `label` VALUES ('43', 'col_B4', '1', '0', '64', '64', '0', '107.5', '0', '-90', '0', '0', '0.6', '0.6', '1', '#2B4C8F', null, 'cab_B4', '0');
INSERT INTO `label` VALUES ('44', 'col_B5', '1', '0', '64', '64', '0', '107.5', '0', '-90', '0', '0', '0.6', '0.6', '1', '#2B4C8F', null, 'cab_B5', '0');
INSERT INTO `label` VALUES ('45', 'col_B6', '1', '0', '64', '64', '0', '107.5', '0', '-90', '0', '0', '0.6', '0.6', '1', '#2B4C8F', null, 'cab_B6', '0');
INSERT INTO `label` VALUES ('46', 'col_B7', '1', '0', '64', '64', '0', '107.5', '0', '-90', '0', '0', '0.6', '0.6', '1', '#2B4C8F', null, 'cab_B7', '0');
INSERT INTO `label` VALUES ('47', 'col_B8', '1', '0', '64', '64', '0', '107.5', '0', '-90', '0', '0', '0.6', '0.6', '1', '#2B4C8F', null, 'cab_B8', '0');
INSERT INTO `label` VALUES ('48', 'col_B9', '1', '0', '64', '64', '0', '107.5', '0', '-90', '0', '0', '0.6', '0.6', '1', '#2B4C8F', null, 'cab_B9', '0');
INSERT INTO `label` VALUES ('49', 'col_A1', '1', '0', '64', '64', '0', '107.5', '0', '-90', '0', '0', '0.6', '0.6', '1', '#2B4C8F', null, 'cab_A1', '0');
INSERT INTO `label` VALUES ('50', 'col_A2', '1', '0', '64', '64', '0', '107.5', '0', '-90', '0', '0', '0.6', '0.6', '1', '#2B4C8F', null, 'cab_A2', '0');
INSERT INTO `label` VALUES ('51', 'col_A3', '1', '0', '64', '64', '0', '107.5', '0', '-90', '0', '0', '0.6', '0.6', '1', '#2B4C8F', null, 'cab_A3', '0');
INSERT INTO `label` VALUES ('52', 'col_A4', '1', '0', '64', '64', '0', '107.5', '0', '-90', '0', '0', '0.6', '0.6', '1', '#2B4C8F', null, 'cab_A4', '0');
INSERT INTO `label` VALUES ('53', 'col_A5', '1', '0', '64', '64', '0', '107.5', '0', '-90', '0', '0', '0.6', '0.6', '1', '#2B4C8F', null, 'cab_A5', '0');
INSERT INTO `label` VALUES ('54', 'col_A6', '1', '0', '64', '64', '0', '107.5', '0', '-90', '0', '0', '0.6', '0.6', '1', '#2B4C8F', null, 'cab_A6', '0');
INSERT INTO `label` VALUES ('55', 'col_A7', '1', '0', '64', '64', '0', '107.5', '0', '-90', '0', '0', '0.6', '0.6', '1', '#2B4C8F', null, 'cab_A7', '0');
INSERT INTO `label` VALUES ('56', 'col_A8', '1', '0', '64', '64', '0', '107.5', '0', '-90', '0', '0', '0.6', '0.6', '1', '#2B4C8F', null, 'cab_A8', '0');
INSERT INTO `label` VALUES ('57', 'col_A9', '1', '0', '64', '64', '0', '107.5', '0', '-90', '0', '0', '0.6', '0.6', '1', '#2B4C8F', null, 'cab_A9', '0');
INSERT INTO `label` VALUES ('58', 'row_EL', '1', '0', '64', '64', '0', '57.5', '-36', '0', '0', '0', '0.6', '0.6', '1', '#2B4C8F', null, 'cab_E1', '0');
INSERT INTO `label` VALUES ('59', 'row_ER', '1', '0', '64', '64', '0', '57.5', '36', '0', '180', '0', '0.6', '0.6', '1', '#2B4C8F', null, 'cab_E9', '0');
INSERT INTO `label` VALUES ('61', 'row_DL', '1', '0', '64', '64', '0', '57.5', '-36', '0', '0', '0', '0.6', '0.6', '1', '#2B4C8F', null, 'cab_D1', '0');
INSERT INTO `label` VALUES ('62', 'row_DR', '1', '0', '64', '64', '0', '57.5', '36', '0', '180', '0', '0.6', '0.6', '1', '#2B4C8F', null, 'cab_D9', '0');
INSERT INTO `label` VALUES ('63', 'row_CL', '1', '0', '64', '64', '0', '57.5', '-36', '0', '0', '0', '0.6', '0.6', '1', '#2B4C8F', null, 'cab_C1', '0');
INSERT INTO `label` VALUES ('64', 'row_CR', '1', '0', '64', '64', '0', '57.5', '36', '0', '180', '0', '0.6', '0.6', '1', '#2B4C8F', null, 'cab_C9', '0');
INSERT INTO `label` VALUES ('65', 'row_BL', '1', '0', '64', '64', '0', '57.5', '-36', '0', '0', '0', '0.6', '0.6', '1', '#2B4C8F', null, 'cab_B1', '0');
INSERT INTO `label` VALUES ('66', 'row_BR', '1', '0', '64', '64', '0', '57.5', '36', '0', '180', '0', '0.6', '0.6', '1', '#2B4C8F', null, 'cab_B9', '0');
INSERT INTO `label` VALUES ('67', 'row_AL', '1', '0', '64', '64', '0', '57.5', '-36', '0', '0', '0', '0.6', '0.6', '1', '#2B4C8F', null, 'cab_A1', '0');
INSERT INTO `label` VALUES ('68', 'row_AR', '1', '0', '64', '64', '0', '57.5', '36', '0', '180', '0', '0.6', '0.6', '1', '#2B4C8F', null, 'cab_A9', '0');
INSERT INTO `label` VALUES ('69', 'card_F2', '1', '0', '256', '256', '-1', '70', '0', '0', '90', '0', '0.1', '0.1', '1', null, 'card.png', 'doorF_cab_F2', '0');
INSERT INTO `label` VALUES ('70', 'card_F3', '1', '0', '256', '256', '-1', '70', '0', '0', '90', '0', '0.1', '0.1', '1', null, 'card.png', 'doorF_cab_F3', '0');
INSERT INTO `label` VALUES ('71', 'card_F4', '1', '0', '256', '256', '-1', '70', '0', '0', '90', '0', '0.1', '0.1', '1', null, 'card.png', 'doorF_cab_F4', '0');
INSERT INTO `label` VALUES ('72', 'card_F5', '1', '0', '256', '256', '-1', '70', '0', '0', '90', '0', '0.1', '0.1', '1', null, 'card.png', 'doorF_cab_F5', '0');
INSERT INTO `label` VALUES ('73', 'card_F6', '1', '0', '256', '256', '-1', '70', '0', '0', '90', '0', '0.1', '0.1', '1', null, 'card.png', 'doorF_cab_F6', '0');
INSERT INTO `label` VALUES ('74', 'card_F7', '1', '0', '256', '256', '-1', '70', '0', '0', '90', '0', '0.1', '0.1', '1', null, 'card.png', 'doorF_cab_F7', '0');
INSERT INTO `label` VALUES ('75', 'card_F8', '1', '0', '256', '256', '-1', '70', '0', '0', '90', '0', '0.1', '0.1', '1', null, 'card.png', 'doorF_cab_F8', '0');
INSERT INTO `label` VALUES ('76', 'card_F9', '1', '0', '256', '256', '-1', '70', '0', '0', '90', '0', '0.1', '0.1', '1', null, 'card.png', 'doorF_cab_F9', '0');
INSERT INTO `label` VALUES ('77', 'card_E1', '1', '0', '256', '256', '-1', '70', '0', '0', '90', '0', '0.1', '0.1', '1', null, 'card.png', 'doorF_cab_E1', '0');
INSERT INTO `label` VALUES ('78', 'card_E2', '1', '0', '256', '256', '-1', '70', '0', '0', '90', '0', '0.1', '0.1', '1', null, 'card.png', 'doorF_cab_E2', '0');
INSERT INTO `label` VALUES ('79', 'card_E3', '1', '0', '256', '256', '-1', '70', '0', '0', '90', '0', '0.1', '0.1', '1', null, 'card.png', 'doorF_cab_E3', '0');
INSERT INTO `label` VALUES ('80', 'card_E4', '1', '0', '256', '256', '-1', '70', '0', '0', '90', '0', '0.1', '0.1', '1', null, 'card.png', 'doorF_cab_E4', '0');
INSERT INTO `label` VALUES ('81', 'card_E5', '1', '0', '256', '256', '-1', '70', '0', '0', '90', '0', '0.1', '0.1', '1', null, 'card.png', 'doorF_cab_E5', '0');
INSERT INTO `label` VALUES ('82', 'card_E6', '1', '0', '256', '256', '-1', '70', '0', '0', '90', '0', '0.1', '0.1', '1', null, 'card.png', 'doorF_cab_E6', '0');
INSERT INTO `label` VALUES ('83', 'card_E7', '1', '0', '256', '256', '-1', '70', '0', '0', '90', '0', '0.1', '0.1', '1', null, 'card.png', 'doorF_cab_E7', '0');
INSERT INTO `label` VALUES ('84', 'card_E8', '1', '0', '256', '256', '-1', '70', '0', '0', '90', '0', '0.1', '0.1', '1', null, 'card.png', 'doorF_cab_E8', '0');
INSERT INTO `label` VALUES ('85', 'card_E9', '1', '0', '256', '256', '-1', '70', '0', '0', '90', '0', '0.1', '0.1', '1', null, 'card.png', 'doorF_cab_E9', '0');
INSERT INTO `label` VALUES ('86', 'card_D1', '1', '0', '256', '256', '-1', '70', '0', '0', '90', '0', '0.1', '0.1', '1', null, 'card.png', 'doorF_cab_D1', '0');
INSERT INTO `label` VALUES ('87', 'card_D2', '1', '0', '256', '256', '-1', '70', '0', '0', '90', '0', '0.1', '0.1', '1', null, 'card.png', 'doorF_cab_D2', '0');
INSERT INTO `label` VALUES ('88', 'card_D3', '1', '0', '256', '256', '-1', '70', '0', '0', '90', '0', '0.1', '0.1', '1', null, 'card.png', 'doorF_cab_D3', '0');
INSERT INTO `label` VALUES ('89', 'card_D4', '1', '0', '256', '256', '-1', '70', '0', '0', '90', '0', '0.1', '0.1', '1', null, 'card.png', 'doorF_cab_D4', '0');
INSERT INTO `label` VALUES ('90', 'card_D5', '1', '0', '256', '256', '-1', '70', '0', '0', '90', '0', '0.1', '0.1', '1', null, 'card.png', 'doorF_cab_D5', '0');
INSERT INTO `label` VALUES ('91', 'card_D6', '1', '0', '256', '256', '-1', '70', '0', '0', '90', '0', '0.1', '0.1', '1', null, 'card.png', 'doorF_cab_D6', '0');
INSERT INTO `label` VALUES ('92', 'card_D7', '1', '0', '256', '256', '-1', '70', '0', '0', '90', '0', '0.1', '0.1', '1', null, 'card.png', 'doorF_cab_D7', '0');
INSERT INTO `label` VALUES ('93', 'card_D8', '1', '0', '256', '256', '-1', '70', '0', '0', '90', '0', '0.1', '0.1', '1', null, 'card.png', 'doorF_cab_D8', '0');
INSERT INTO `label` VALUES ('94', 'card_D9', '1', '0', '256', '256', '-1', '70', '0', '0', '90', '0', '0.1', '0.1', '1', null, 'card.png', 'doorF_cab_D9', '0');
INSERT INTO `label` VALUES ('95', 'card_C1', '1', '0', '256', '256', '-1', '70', '0', '0', '90', '0', '0.1', '0.1', '1', null, 'card.png', 'doorF_cab_C1', '0');
INSERT INTO `label` VALUES ('96', 'card_C2', '1', '0', '256', '256', '-1', '70', '0', '0', '90', '0', '0.1', '0.1', '1', null, 'card.png', 'doorF_cab_C2', '0');
INSERT INTO `label` VALUES ('97', 'card_C3', '1', '0', '256', '256', '-1', '70', '0', '0', '90', '0', '0.1', '0.1', '1', null, 'card.png', 'doorF_cab_C3', '0');
INSERT INTO `label` VALUES ('98', 'card_C4', '1', '0', '256', '256', '-1', '70', '0', '0', '90', '0', '0.1', '0.1', '1', null, 'card.png', 'doorF_cab_C4', '0');
INSERT INTO `label` VALUES ('99', 'card_C5', '1', '0', '256', '256', '-1', '70', '0', '0', '90', '0', '0.1', '0.1', '1', null, 'card.png', 'doorF_cab_C5', '0');
INSERT INTO `label` VALUES ('100', 'card_C6', '1', '0', '256', '256', '-1', '70', '0', '0', '90', '0', '0.1', '0.1', '1', null, 'card.png', 'doorF_cab_C6', '0');
INSERT INTO `label` VALUES ('101', 'card_C7', '1', '0', '256', '256', '-1', '70', '0', '0', '90', '0', '0.1', '0.1', '1', null, 'card.png', 'doorF_cab_C7', '0');
INSERT INTO `label` VALUES ('102', 'card_C8', '1', '0', '256', '256', '-1', '70', '0', '0', '90', '0', '0.1', '0.1', '1', null, 'card.png', 'doorF_cab_C8', '0');
INSERT INTO `label` VALUES ('103', 'card_C9', '1', '0', '256', '256', '-1', '70', '0', '0', '90', '0', '0.1', '0.1', '1', null, 'card.png', 'doorF_cab_C9', '0');
INSERT INTO `label` VALUES ('104', 'card_B1', '1', '0', '256', '256', '-1', '70', '0', '0', '90', '0', '0.1', '0.1', '1', null, 'card.png', 'doorF_cab_B1', '0');
INSERT INTO `label` VALUES ('105', 'card_B2', '1', '0', '256', '256', '-1', '70', '0', '0', '90', '0', '0.1', '0.1', '1', null, 'card.png', 'doorF_cab_B2', '0');
INSERT INTO `label` VALUES ('106', 'card_B3', '1', '0', '256', '256', '-1', '70', '0', '0', '90', '0', '0.1', '0.1', '1', null, 'card.png', 'doorF_cab_B3', '0');
INSERT INTO `label` VALUES ('107', 'card_B4', '1', '0', '256', '256', '-1', '70', '0', '0', '90', '0', '0.1', '0.1', '1', null, 'card.png', 'doorF_cab_B4', '0');
INSERT INTO `label` VALUES ('108', 'card_B5', '1', '0', '256', '256', '-1', '70', '0', '0', '90', '0', '0.1', '0.1', '1', null, 'card.png', 'doorF_cab_B5', '0');
INSERT INTO `label` VALUES ('109', 'card_B6', '1', '0', '256', '256', '-1', '70', '0', '0', '90', '0', '0.1', '0.1', '1', null, 'card.png', 'doorF_cab_B6', '0');
INSERT INTO `label` VALUES ('110', 'card_B7', '1', '0', '256', '256', '-1', '70', '0', '0', '90', '0', '0.1', '0.1', '1', null, 'card.png', 'doorF_cab_B7', '0');
INSERT INTO `label` VALUES ('111', 'card_B8', '1', '0', '256', '256', '-1', '70', '0', '0', '90', '0', '0.1', '0.1', '1', null, 'card.png', 'doorF_cab_B8', '0');
INSERT INTO `label` VALUES ('112', 'card_B9', '1', '0', '256', '256', '-1', '70', '0', '0', '90', '0', '0.1', '0.1', '1', null, 'card.png', 'doorF_cab_B9', '0');
INSERT INTO `label` VALUES ('113', 'card_A1', '1', '0', '256', '256', '-1', '70', '0', '0', '90', '0', '0.1', '0.1', '1', null, 'card.png', 'doorF_cab_A1', '0');
INSERT INTO `label` VALUES ('114', 'card_A2', '1', '0', '256', '256', '-1', '70', '0', '0', '90', '0', '0.1', '0.1', '1', null, 'card.png', 'doorF_cab_A2', '0');
INSERT INTO `label` VALUES ('115', 'card_A3', '1', '0', '256', '256', '-1', '70', '0', '0', '90', '0', '0.1', '0.1', '1', null, 'card.png', 'doorF_cab_A3', '0');
INSERT INTO `label` VALUES ('116', 'card_A4', '1', '0', '256', '256', '-1', '70', '0', '0', '90', '0', '0.1', '0.1', '1', null, 'card.png', 'doorF_cab_A4', '0');
INSERT INTO `label` VALUES ('117', 'card_A5', '1', '0', '256', '256', '-1', '70', '0', '0', '90', '0', '0.1', '0.1', '1', null, 'card.png', 'doorF_cab_A5', '0');
INSERT INTO `label` VALUES ('118', 'card_A6', '1', '0', '256', '256', '-1', '70', '0', '0', '90', '0', '0.1', '0.1', '1', null, 'card.png', 'doorF_cab_A6', '0');
INSERT INTO `label` VALUES ('119', 'card_A7', '1', '0', '256', '256', '-1', '70', '0', '0', '90', '0', '0.1', '0.1', '1', null, 'card.png', 'doorF_cab_A7', '0');
INSERT INTO `label` VALUES ('120', 'card_A8', '1', '0', '256', '256', '-1', '70', '0', '0', '90', '0', '0.1', '0.1', '1', null, 'card.png', 'doorF_cab_A8', '0');
INSERT INTO `label` VALUES ('121', 'card_A9', '1', '0', '256', '256', '-1', '70', '0', '0', '90', '0', '0.1', '0.1', '1', null, 'card.png', 'doorF_cab_A9', '0');
INSERT INTO `label` VALUES ('122', 'area_Prod', '1', '0', '512', '64', '-450', '12', '310', '90', '0', '0', '1', '1', '1', '#cccccc', null, null, '1');
INSERT INTO `label` VALUES ('123', 'area_Ctrl1', '1', '0', '512', '64', '250', '12', '310', '90', '0', '0', '1', '1', '1', '#cccccc', null, null, '1');
INSERT INTO `label` VALUES ('124', 'area_Ctrl2', '1', '0', '420', '64', '750', '12', '310', '90', '0', '0', '1', '1', '1', '#cccccc', null, null, '1');

-- ----------------------------
-- Table structure for material
-- ----------------------------
DROP TABLE IF EXISTS `material`;
CREATE TABLE `material` (
  `id` int(10) NOT NULL AUTO_INCREMENT,
  `name` varchar(255) DEFAULT NULL,
  `skinColor` varchar(255) DEFAULT '',
  `imgurl` varchar(255) DEFAULT '',
  `isRepeat` int(11) DEFAULT '0',
  `skin_up_skinColor` varchar(255) DEFAULT NULL,
  `skin_up_imgUrl` varchar(255) DEFAULT NULL,
  `skin_down_skinColor` varchar(255) DEFAULT NULL,
  `skin_down_imgUrl` varchar(255) DEFAULT NULL,
  `skin_left_skinColor` varchar(255) DEFAULT NULL,
  `skin_left_imgUrl` varchar(255) DEFAULT NULL,
  `skin_right_skinColor` varchar(255) DEFAULT NULL,
  `skin_right_imgUrl` varchar(255) DEFAULT NULL,
  `skin_fore_skinColor` varchar(255) DEFAULT NULL,
  `skin_fore_imgUrl` varchar(255) DEFAULT NULL,
  `skin_back_skinColor` varchar(255) DEFAULT NULL,
  `skin_back_imgUrl` varchar(255) DEFAULT NULL,
  PRIMARY KEY (`id`)
) ENGINE=InnoDB AUTO_INCREMENT=90 DEFAULT CHARSET=utf8;

-- ----------------------------
-- Records of material
-- ----------------------------
INSERT INTO `material` VALUES ('1', 'floor', '0x00b0e2', '', '1', '0x00B2EE', 'floor.jpg', null, null, null, null, null, null, null, null, null, null);
INSERT INTO `material` VALUES ('2', null, '0x6699ff', '', '0', null, null, null, null, null, null, null, null, null, null, null, null);
INSERT INTO `material` VALUES ('3', null, '0x9933cc', '', '0', null, null, null, null, null, null, null, null, null, null, null, null);
INSERT INTO `material` VALUES ('4', null, '0xFF7F00', '', '0', null, null, null, null, null, null, null, null, null, null, null, null);
INSERT INTO `material` VALUES ('5', null, '0xFF7F00', '', '1', '0x00B2EE', 'grid_floor.png', '0x00B2EE', 'grid_floor.png', null, null, null, null, '0x00B2EE', 'grid_floor.png', null, null);
INSERT INTO `material` VALUES ('6', null, '', '', '0', '', '', '', '', '', '', '', '', '', '', '', null);
INSERT INTO `material` VALUES ('7', null, '', '', '0', null, null, null, null, null, null, null, null, null, null, null, null);
INSERT INTO `material` VALUES ('8', null, '', '', '0', null, null, null, null, null, null, null, null, null, null, null, null);
INSERT INTO `material` VALUES ('9', null, '', '', '0', null, null, null, null, null, null, null, null, null, null, null, null);
INSERT INTO `material` VALUES ('10', null, '', '', '0', null, null, null, null, null, null, null, null, null, null, null, null);
INSERT INTO `material` VALUES ('11', null, '', '', '0', '0x00B2EE', null, '0x00B2EE', null, '0x00B2EE', null, '0x00B2EE', null, '0x00B2EE', null, '0x00B2EE', null);
INSERT INTO `material` VALUES ('12', null, '', '', '0', '0x00B2EE', null, '0x00B2EE', null, '0x00B2EE', null, '0x00B2EE', null, '0x00B2EE', null, '0x00B2EE', null);
INSERT INTO `material` VALUES ('13', null, '', '', '0', '0x00B2EE', null, '0x00B2EE', null, '0x00B2EE', null, '0x00B2EE', null, '0x00B2EE', null, '0x00B2EE', null);
INSERT INTO `material` VALUES ('14', null, '', '', '0', '0x00B2EE', null, '0x00B2EE', null, '0x00B2EE', null, '0x00B2EE', null, '0x00B2EE', null, '0x00B2EE', null);
INSERT INTO `material` VALUES ('15', 'wall2', '', '', '0', '', '', '', '', '', '', '', '', '', '', '', null);
INSERT INTO `material` VALUES ('16', 'wall2-hole', '0xffdddd', '', '0', null, null, '0xdddddd', null, null, null, null, null, null, null, null, null);
INSERT INTO `material` VALUES ('17', 'wall2-doorL', '', '', '0', null, '', null, '', null, 'doorone_in.png', null, 'doorone_in_right.png', null, '', null, null);
INSERT INTO `material` VALUES ('18', 'wall2-doorR', '0x51443e', '', '0', null, null, null, null, null, 'doorone_in_right.png', null, 'doorone_in.png', null, null, null, null);
INSERT INTO `material` VALUES ('19', null, '', '', '0', null, null, null, null, null, null, null, null, null, null, null, null);
INSERT INTO `material` VALUES ('20', null, '0x00B2EE', '', '0', null, null, null, null, null, null, null, null, null, null, null, null);
INSERT INTO `material` VALUES ('21', 'wall3', '', '', '0', '', '', '', '', '', '', '', '', '', '', '', null);
INSERT INTO `material` VALUES ('22', 'wall3-doorHole', '0xffdddd', '', '0', null, null, '0xdddddd', null, null, null, null, null, null, null, null, null);
INSERT INTO `material` VALUES ('23', 'wall3-doorL', '0x51443e', '', '0', null, null, null, null, null, '', null, '', null, 'door_left.jpg', null, 'door_right.jpg');
INSERT INTO `material` VALUES ('24', 'wall3-doorRight', '0x51443e', '', '0', null, null, null, null, null, '', null, '', null, 'door_right.jpg', null, 'door_left.jpg');
INSERT INTO `material` VALUES ('25', null, '', '', '0', '', '', '', '', '', '', '', '', '', '', '', null);
INSERT INTO `material` VALUES ('26', null, '', '', '0', null, null, null, null, null, null, null, null, null, null, null, null);
INSERT INTO `material` VALUES ('27', null, '0x00B2EE', '', '0', null, null, null, null, null, null, null, null, null, null, null, null);
INSERT INTO `material` VALUES ('28', null, '0x00B2EE', '', '0', null, null, null, null, null, null, null, null, null, null, null, null);
INSERT INTO `material` VALUES ('29', null, '0x00B2EE', '', '0', null, null, null, null, null, null, null, null, null, null, null, null);
INSERT INTO `material` VALUES ('30', null, '0x00B2EE', '', '0', null, null, null, null, null, null, null, null, null, null, null, null);
INSERT INTO `material` VALUES ('31', null, '0x51443e', '', '0', null, null, null, null, null, 'doorone_in.png', null, 'doorone_in.png', null, '', null, null);
INSERT INTO `material` VALUES ('32', null, '', '', '0', null, null, null, null, null, null, null, null, null, null, null, null);
INSERT INTO `material` VALUES ('33', null, '', '', '0', null, null, null, null, null, null, null, null, null, null, null, null);
INSERT INTO `material` VALUES ('34', null, '0xffdddd', '', '0', null, null, '0xdddddd', null, null, null, null, null, null, null, null, null);
INSERT INTO `material` VALUES ('35', null, '0x51443e', '', '0', null, null, null, null, null, 'doorone_in_right.png', null, 'doorone_in_right.png', null, '', null, null);
INSERT INTO `material` VALUES ('36', null, '0x51443e', '', '0', null, null, null, null, null, 'doorone_in.png', null, 'doorone_in.png', null, null, null, null);
INSERT INTO `material` VALUES ('37', null, '', '', '0', '', '', '', '', '', '', '', '', '', '', '', null);
INSERT INTO `material` VALUES ('38', null, '', 'glass.png', '0', null, null, null, null, null, null, null, null, null, null, null, null);
INSERT INTO `material` VALUES ('39', null, '', 'glass.png', '0', null, null, null, null, null, null, null, null, null, null, null, null);
INSERT INTO `material` VALUES ('40', null, '', 'glass.png', '0', null, null, null, null, null, null, null, null, null, null, null, null);
INSERT INTO `material` VALUES ('41', null, '', 'glass.png', '0', null, null, null, null, null, null, null, null, null, null, null, null);
INSERT INTO `material` VALUES ('42', null, '', 'glass.png', '0', null, null, null, null, null, null, null, null, null, null, null, null);
INSERT INTO `material` VALUES ('43', null, '', 'glass.png', '0', null, null, null, null, null, null, null, null, null, null, null, null);
INSERT INTO `material` VALUES ('44', null, '0xfefefe', '', '0', null, '/aircondition_side.png', null, null, null, 'aircondition_side.png', null, 'aircondition_side.png', null, 'aircondition_front.png', null, null);
INSERT INTO `material` VALUES ('45', null, '0xfefefe', '', '0', null, null, null, null, null, null, null, null, null, 'aircondition.jpg', null, null);
INSERT INTO `material` VALUES ('46', null, '0xfefefe', '', '0', null, null, null, null, null, 'firedevice_side.png', null, 'firedevice_side.png', null, 'firedevice.png', null, null);
INSERT INTO `material` VALUES ('47', null, '', 'message.jpg', '0', null, null, null, null, null, null, null, null, null, null, null, null);
INSERT INTO `material` VALUES ('48', null, '0x8ac9e2', '', '0', null, null, null, null, null, null, null, null, null, null, null, null);
INSERT INTO `material` VALUES ('49', null, '0x8ac9e2', '', '0', null, null, null, null, null, null, null, null, null, null, null, null);
INSERT INTO `material` VALUES ('50', null, '0x8ac9e2', '', '0', null, null, null, null, null, null, null, null, null, null, null, null);
INSERT INTO `material` VALUES ('51', null, '0x8ac9e2', '', '0', null, null, null, null, null, null, null, null, null, null, null, null);
INSERT INTO `material` VALUES ('52', 'cabinet', '0x333333', '', '0', null, null, null, '', null, '', null, '', null, '', null, null);
INSERT INTO `material` VALUES ('53', 'cabinet-sideL', '0x666666', '', '0', null, '', null, '', null, './cabinet/side_out.png', null, './cabinet/side_in.png', null, '', null, 'rack_door_back.jpg');
INSERT INTO `material` VALUES ('54', 'cabinet-sideR', '0x666666', '', '0', null, '', null, '', null, './cabinet/side_in.png', null, './cabinet/side_out.png', null, '', null, null);
INSERT INTO `material` VALUES ('55', 'cabinet-doorF', '0x666666', '', '0', null, null, null, null, null, null, null, null, null, './cabinet/front.png', null, 'cabinet_door2.png');
INSERT INTO `material` VALUES ('56', 'cabinet-doorB', '0x666666', '', '0', null, null, null, null, null, null, null, null, null, './cabinet/top.jpg', null, 'rack_door_back.jpg');
INSERT INTO `material` VALUES ('57', '1u_firewall', '0x666666', '', '0', '', '', null, '', null, '', null, '', null, './device/1u_firewall.jpg', null, null);
INSERT INTO `material` VALUES ('58', '1u_fwdiso', '0x222222', '', '0', null, null, null, null, null, null, null, null, null, './device/1u_fwdiso.jpg', null, null);
INSERT INTO `material` VALUES ('59', '1u_kvm', '0x555555', '', '0', null, null, null, null, null, null, null, null, null, './device/1u_kvm.jpg', null, null);
INSERT INTO `material` VALUES ('60', '1u_switch', '0x555555', '', '0', null, null, null, null, null, null, null, null, null, './device/1u_switch.jpg', null, null);
INSERT INTO `material` VALUES ('61', null, '0x555555', '', '0', null, null, null, null, null, null, null, null, null, null, null, null);
INSERT INTO `material` VALUES ('62', '2u_detector', '0x555555', '', '0', null, null, null, null, null, null, null, null, null, './device/2u_detector.jpg', null, null);
INSERT INTO `material` VALUES ('63', '2u_dframe', '0x555555', '', '0', null, null, null, null, null, null, null, null, null, './device/2u_dframe.jpg', null, null);
INSERT INTO `material` VALUES ('64', '2u_enc', '0x555555', '', '0', null, null, null, null, null, null, null, null, null, './device/2u_enc.jpg', null, null);
INSERT INTO `material` VALUES ('65', '2u_encmgr', '0xbbbbbb', '', '0', null, null, null, null, null, null, null, null, null, './device/2u_encmgr.jpg', null, null);
INSERT INTO `material` VALUES ('66', '2u_firewall', '0x555555', '', '0', null, null, null, null, null, null, null, null, null, './device/2u_firewall.jpg', null, null);
INSERT INTO `material` VALUES ('67', '2u_lizhuo', '0x333333', '', '0', null, null, null, null, null, null, null, null, null, './device/2u_lizhuo.jpg', null, null);
INSERT INTO `material` VALUES ('68', '2u_routepwr', '0x555555', '', '0', null, null, null, null, null, null, null, null, null, './device/2u_routepwr.jpg', null, null);
INSERT INTO `material` VALUES ('69', '2u_rvsiso', '0x999999', '', '0', null, null, null, null, null, null, null, null, null, './device/2u_rvsiso.jpg', null, null);
INSERT INTO `material` VALUES ('70', '2u_server', '0x555555', '', '0', null, null, null, null, null, null, null, null, null, './device/2u_server.jpg', null, null);
INSERT INTO `material` VALUES ('71', '3u_raid', '0x555555', '', '0', null, null, null, null, null, null, null, null, null, './device/3u_raid.jpg', null, null);
INSERT INTO `material` VALUES ('72', '3u_server', '0x555555', '', '0', null, null, null, null, null, null, null, null, null, './device/3u_server.jpg', null, null);
INSERT INTO `material` VALUES ('73', '4u_clock', '0x555555', '', '0', null, null, null, null, null, null, null, null, null, './device/4u_clock.jpg', null, null);
INSERT INTO `material` VALUES ('74', '4u_server', '0x555555', '', '0', null, null, null, null, null, null, null, null, null, './device/4u_server.png', null, null);
INSERT INTO `material` VALUES ('75', '4u_worksta', '0x555555', '', '0', null, null, null, null, null, null, null, null, null, './device/4u_worksta.jpg', null, null);
INSERT INTO `material` VALUES ('76', '14u_router', '0x555555', '', '0', null, null, null, null, null, null, null, null, null, './device/14u_router.jpg', null, null);
INSERT INTO `material` VALUES ('77', '21u_router_h3c', '0x555555', '', '0', null, null, null, null, null, null, null, null, null, './device/21u_router_h3c.jpg', null, null);
INSERT INTO `material` VALUES ('78', '21u_router_zx', '0x555555', '', '0', null, null, null, null, null, null, null, null, null, './device/21u_router_zx.jpg', null, null);
INSERT INTO `material` VALUES ('79', 'cabinet-sideU', '0x666666', '', '0', null, './cabinet/top.jpg', null, './cabinet/top.jpg', null, null, null, null, null, null, null, null);
INSERT INTO `material` VALUES ('80', '2u_isocom', '0x555555', '', '0', null, null, null, null, null, null, null, null, null, './device/2u_isocom.jpg', null, null);
INSERT INTO `material` VALUES ('81', '1u_detector', '0x555555', '', '0', null, null, null, null, null, null, null, null, null, './device/1u_detector.png', null, null);
INSERT INTO `material` VALUES ('82', '1u_powersiwtch', '0x555555', '', '0', null, null, null, null, null, null, null, null, null, './device/1u_powerswitch.png', null, null);
INSERT INTO `material` VALUES ('83', '1u_rvsiso', '0x555555', '', '0', null, null, null, null, null, null, null, null, null, './device/1u_rvsiso.png', null, null);
INSERT INTO `material` VALUES ('84', '1u_switchpower', '0x555555', '', '0', null, null, null, null, null, null, null, null, null, './device/1u_switchpower.jpg', null, null);
INSERT INTO `material` VALUES ('85', '1u_enc', '0x555555', '', '0', null, null, null, null, null, null, null, null, null, './device/1u_enc.jpg', null, null);
INSERT INTO `material` VALUES ('86', '1u_rack', '0x999999', '', '0', null, null, null, null, null, null, null, null, null, './device/1u_rack.jpg', null, null);
INSERT INTO `material` VALUES ('87', '1u_pstrip', '0x333333', '', '0', null, null, null, null, null, null, null, null, null, '', null, null);
INSERT INTO `material` VALUES ('88', '42_ups', '0x555555', '', '0', null, null, null, null, null, null, null, null, null, './device/42u_ups.jpg', null, null);
INSERT INTO `material` VALUES ('89', '42_elec', '0x555555', '', '0', null, null, null, null, null, null, null, null, null, './device/42u_elec.jpg', null, null);

-- ----------------------------
-- Table structure for mesh
-- ----------------------------
DROP TABLE IF EXISTS `mesh`;
CREATE TABLE `mesh` (
  `id` int(11) unsigned NOT NULL AUTO_INCREMENT,
  `name` varchar(255) NOT NULL,
  `type` varchar(255) NOT NULL,
  `isShow` int(11) DEFAULT NULL,
  `length` double DEFAULT '0',
  `width` double DEFAULT '0',
  `height` double DEFAULT '0',
  `pos_x` double DEFAULT '0',
  `pos_y` double DEFAULT '0',
  `pos_z` double DEFAULT '0',
  `rot_x` double DEFAULT '0',
  `rot_y` double DEFAULT '0',
  `rot_z` double DEFAULT '0',
  `scl_x` double DEFAULT '1',
  `scl_y` double DEFAULT '1',
  `scl_z` double DEFAULT '1',
  `transparent` int(11) DEFAULT '0',
  `opacity` double DEFAULT '1',
  `material` int(11) DEFAULT '0',
  `parent` varchar(255) DEFAULT '',
  `opcode` varchar(255) DEFAULT '',
  `isDirty` tinyint(4) DEFAULT '1',
  PRIMARY KEY (`id`)
) ENGINE=InnoDB AUTO_INCREMENT=57 DEFAULT CHARSET=utf8;

-- ----------------------------
-- Records of mesh
-- ----------------------------
INSERT INTO `mesh` VALUES ('1', 'floor', 'floor', '1', '2080', '1300', '10', '0', '0', '0', '0', '0', '0', '0', '0', '0', '0', '1', '1', '', '', '0');
INSERT INTO `mesh` VALUES ('2', 'area1', 'floor', '1', '860', '750', '0.2', '-430', '5.5', '-110', '0', '0', '0', '0', '0', '0', '0', '1', '2', '', '', '0');
INSERT INTO `mesh` VALUES ('3', 'area2', 'floor', '1', '540', '750', '0.2', '270', '5.5', '-110', '0', '0', '0', '0', '0', '0', '0', '1', '3', '', '', '0');
INSERT INTO `mesh` VALUES ('4', 'area3', 'floor', '1', '300', '750', '0.2', '690', '5.5', '-110', '0', '0', '0', '0', '0', '0', '0', '1', '4', '', '', '0');
INSERT INTO `mesh` VALUES ('5', 'area_de', 'floor', '1', '210', '656', '0.2', '262', '6.5', '-108', '0', '0', '0', '0', '0', '0', '0', '1', '5', '', '', '0');
INSERT INTO `mesh` VALUES ('6', 'wall1', 'wall', '1', '2060', '20', '240', '0', '120', '-640', '0', '0', '0', '0', '0', '0', '0', '1', '6', '', '', '0');
INSERT INTO `mesh` VALUES ('7', 'windowHole1', 'hole', '1', '250', '20', '160', '-693', '130', '-640', '0', '0', '0', '0', '0', '0', '0', '1', '7', 'wall1', '-', '0');
INSERT INTO `mesh` VALUES ('8', 'windowHole2', 'hole', '1', '250', '20', '160', '-231', '130', '-640', '0', '0', '0', '0', '0', '0', '0', '1', '8', 'wall1', '-', '0');
INSERT INTO `mesh` VALUES ('9', 'windowHole3', 'hole', '1', '250', '20', '160', '231', '130', '-640', '0', '0', '0', '0', '0', '0', '0', '1', '9', 'wall1', '-', '0');
INSERT INTO `mesh` VALUES ('10', 'windowHole4', 'hole', '1', '250', '20', '160', '693', '130', '-640', '0', '0', '0', '0', '0', '0', '0', '1', '10', 'wall1', '-', '0');
INSERT INTO `mesh` VALUES ('11', 'windowCaseBottom1', 'cube', '1', '250', '30', '10', '-693', '50', '-640', '0', '0', '0', '0', '0', '0', '0', '1', '11', '', '', '0');
INSERT INTO `mesh` VALUES ('12', 'windowCaseBottom2', 'cube', '1', '250', '30', '10', '-231', '50', '-640', '0', '0', '0', '0', '0', '0', '0', '1', '12', '', '', '0');
INSERT INTO `mesh` VALUES ('13', 'windowCaseBottom3', 'cube', '1', '250', '30', '10', '231', '50', '-640', '0', '0', '0', '0', '0', '0', '0', '1', '13', '', '', '0');
INSERT INTO `mesh` VALUES ('14', 'windowCaseBottom4', 'cube', '1', '250', '30', '10', '693', '50', '-640', '0', '0', '0', '0', '0', '0', '0', '1', '14', '', '', '0');
INSERT INTO `mesh` VALUES ('15', 'wall2', 'wall', '1', '2060', '20', '240', '0', '120', '640', '0', '0', '0', '0', '0', '0', '0', '1', '15', '', '', '0');
INSERT INTO `mesh` VALUES ('16', 'wall2-doorhole1', 'hole', '1', '208', '20', '220', '565', '110', '640', '0', '0', '0', '0', '0', '0', '0', '1', '16', 'wall2', '-', '0');
INSERT INTO `mesh` VALUES ('17', 'wall2-doorL', 'cube', '1', '104', '4', '210', '617', '112', '640', '0', '0', '0', '0', '0', '0', '0', '1', '17', '', '', '0');
INSERT INTO `mesh` VALUES ('18', 'wall2-doorR', 'cube', '1', '104', '4', '210', '513', '112', '640', '0', '0', '0', '0', '0', '0', '0', '1', '18', '', '', '0');
INSERT INTO `mesh` VALUES ('19', 'wall2-windowHole1', 'hole', '1', '250', '20', '160', '-231', '130', '640', '0', '0', '0', '0', '0', '0', '0', '1', '19', 'wall2', '-', '0');
INSERT INTO `mesh` VALUES ('20', 'wall2-windowCaseBottom1', 'cube', '1', '250', '30', '10', '-231', '50', '640', '0', '0', '0', '0', '0', '0', '0', '1', '20', '', '', '0');
INSERT INTO `mesh` VALUES ('21', 'wall3', 'wall', '1', '20', '1300', '240', '1030', '120', '0', '0', '0', '0', '0', '0', '0', '0', '1', '21', '', '', '0');
INSERT INTO `mesh` VALUES ('22', 'wall3-doorhole', 'hole', '1', '20', '208', '220', '1030', '120', '486', '0', '0', '0', '0', '0', '0', '0', '1', '22', 'wall3', '-', '0');
INSERT INTO `mesh` VALUES ('23', 'wall3-doorL', 'cube', '1', '4', '104', '216', '1032', '120', '538', '0', '0', '0', '0', '0', '0', '0', '0.1', '23', '', '', '0');
INSERT INTO `mesh` VALUES ('24', 'wall3-doorR', 'cube', '1', '4', '104', '216', '1030', '120', '434', '0', '0', '0', '0', '0', '0', '0', '1', '24', '', '', '0');
INSERT INTO `mesh` VALUES ('25', 'wall4', 'wall', '1', '20', '1300', '240', '-1030', '120', '0', '0', '0', '0', '0', '0', '0', '0', '1', '25', '', '', '0');
INSERT INTO `mesh` VALUES ('26', 'wall4-doorhole1', 'hole', '1', '20', '104', '220', '-1030', '110', '518', '0', '0', '0', '0', '0', '0', '0', '1', '26', 'wall4', '-', '0');
INSERT INTO `mesh` VALUES ('27', 'wall4-doorCaseRight', 'cube', '1', '20', '5', '220', '-1030', '110', '570', '0', '0', '0', '0', '0', '0', '0', '1', '27', '', '', '0');
INSERT INTO `mesh` VALUES ('28', 'wall4-doorCaseLeft', 'cube', '1', '20', '5', '220', '-1030', '110', '466', '0', '0', '0', '0', '0', '0', '0', '1', '28', '', '', '0');
INSERT INTO `mesh` VALUES ('29', 'wall4-doorCaseTop', 'cube', '1', '20', '108', '5', '-1030', '220', '518', '0', '0', '0', '0', '0', '0', '0', '1', '29', '', '', '0');
INSERT INTO `mesh` VALUES ('30', 'wall4-doorCaseBottom', 'cube', '1', '20', '175', '5', '-1030', '5', '485', '0', '0', '0', '0', '0', '0', '0', '1', '30', '', '', '0');
INSERT INTO `mesh` VALUES ('31', 'wall4-doorR', 'cube', '1', '100', '4', '210', '-1032', '112', '518', '0', '90', '0', '0', '0', '0', '0', '1', '31', '', '', '0');
INSERT INTO `mesh` VALUES ('32', 'wall4-windowHole', 'hole', '1', '20', '1095', '200', '-1030', '120', '-82.5', '0', '0', '0', '0', '0', '0', '0', '1', '32', 'wall4', '-', '0');
INSERT INTO `mesh` VALUES ('33', 'wall5', 'wall', '1', '620', '20', '240', '720', '120', '370', '0', '0', '0', '0', '0', '0', '0', '1', '33', '', '', '0');
INSERT INTO `mesh` VALUES ('34', 'wall5-doorhole', 'hole', '1', '210', '20', '220', '565', '110', '370', '0', '0', '0', '0', '0', '0', '0', '1', '34', 'wall5', '-', '0');
INSERT INTO `mesh` VALUES ('35', 'wall5-doorR', 'cube', '1', '104', '4', '210', '-205', '0', '0', '0', '0', '0', '0', '0', '0', '0', '1', '35', 'wall5', '', '0');
INSERT INTO `mesh` VALUES ('36', 'wall5-doorL', 'cube', '1', '104', '4', '210', '-101', '0', '0', '0', '0', '0', '0', '0', '0', '0', '1', '36', 'wall5', '', '0');
INSERT INTO `mesh` VALUES ('37', 'wall6', 'wall', '1', '20', '290', '240', '400', '120', '505', '0', '0', '0', '0', '0', '0', '0', '1', '37', '', '', '0');
INSERT INTO `mesh` VALUES ('38', 'wall2-glass1', 'glass', '1', '0', '250', '160', '-693', '130', '-640', '0', '0', '0', '0', '0', '0', '1', '1', '38', '', '', '0');
INSERT INTO `mesh` VALUES ('39', 'wall2-glass2', 'glass', '1', '0', '250', '160', '-231', '130', '-640', '0', '0', '0', '0', '0', '0', '1', '1', '39', '', '', '0');
INSERT INTO `mesh` VALUES ('40', 'wall2-glass3', 'glass', '1', '0', '250', '160', '231', '130', '-640', '0', '0', '0', '0', '0', '0', '1', '1', '40', '', '', '0');
INSERT INTO `mesh` VALUES ('41', 'wall2-glass4', 'glass', '1', '0', '250', '160', '693', '130', '-640', '0', '0', '0', '0', '0', '0', '1', '1', '41', '', '', '0');
INSERT INTO `mesh` VALUES ('42', 'wall1-glass1', 'glass', '1', '0', '250', '160', '-231', '130', '640', '0', '0', '0', '0', '0', '0', '1', '1', '42', '', '', '0');
INSERT INTO `mesh` VALUES ('43', 'wall4-glass1', 'glass', '1', '0', '1095', '200', '-1030', '120', '-93', '0', '90', '0', '0', '0', '0', '1', '1', '43', '', '', '0');
INSERT INTO `mesh` VALUES ('44', 'aircondition1', 'cube', '0', '60', '150', '220', '-450', '110', '-595', '0', '-90', '0', '0', '0', '0', '0', '1', '44', '', '', '1');
INSERT INTO `mesh` VALUES ('45', 'aircondition3', 'cube', '1', '60', '60', '220', '-880', '110', '-595', '0', '-90', '0', '0', '0', '0', '0', '1', '45', '', '', '0');
INSERT INTO `mesh` VALUES ('46', 'firedevice1', 'cube', '0', '60', '80', '220', '-650', '110', '-595', '0', '-90', '0', '0', '0', '0', '0', '1', '46', '', '', '1');
INSERT INTO `mesh` VALUES ('47', 'messagePanel', 'plane', '1', '0', '100', '160', '388', '150', '495', '0', '-90', '0', '0', '1', '0', '1', '1', '47', '', '', '0');
INSERT INTO `mesh` VALUES ('48', 'cylinder21', 'cube', '1', '100', '50', '242', '0', '120', '656', '0', '0', '0', '0', '0', '0', '0', '1', '48', '', '', '0');
INSERT INTO `mesh` VALUES ('49', 'cylinder22', 'cube', '1', '100', '50', '242', '-950', '120', '656', '0', '0', '0', '0', '0', '0', '0', '1', '49', '', '', '0');
INSERT INTO `mesh` VALUES ('50', 'cylinder11', 'cube', '1', '50', '50', '242', '0', '120', '-624', '0', '0', '0', '0', '0', '0', '0', '1', '50', '', '', '0');
INSERT INTO `mesh` VALUES ('51', 'cylinder12', 'cube', '1', '50', '50', '242', '-950', '120', '-624', '0', '0', '0', '0', '0', '0', '0', '1', '51', '', '', '0');
INSERT INTO `mesh` VALUES ('52', 'cylinder13', 'cube', '1', '50', '50', '242', '1014', '120', '-624', '0', '0', '0', '0', '0', '0', '0', '1', '52', '', '', '0');
INSERT INTO `mesh` VALUES ('53', 'cabinet11', 'cube', '0', '80', '70', '215', '680', '113', '-400', '0', '0', '0', '0', '0', '0', '0', '1', '53', '', '', '1');
INSERT INTO `mesh` VALUES ('54', 'hole', 'hole', '0', '80', '66', '211', '680', '113', '-400', '0', '0', '0', '0', '0', '0', '0', '1', '54', 'cab_F1', '-', '1');
INSERT INTO `mesh` VALUES ('55', 'doorF', 'cube', '0', '2', '66', '211', '-40', '0', '0', '0', '0', '0', '1', '1', '1', '0', '1', '55', 'cab_F1', '', '1');
INSERT INTO `mesh` VALUES ('56', 'doorB', 'cube', '0', '2', '66', '211', '40', '0', '0', '0', '0', '0', '1', '1', '1', '0', '1', '56', 'cab_F1', '', '1');

-- ----------------------------
-- Table structure for power
-- ----------------------------
DROP TABLE IF EXISTS `power`;
CREATE TABLE `power` (
  `id` int(11) NOT NULL AUTO_INCREMENT,
  `name` varchar(255) DEFAULT NULL,
  `isShow` int(11) DEFAULT '1',
  `type` int(11) DEFAULT '1',
  `from` varchar(255) DEFAULT NULL,
  `fromDevice` varchar(255) DEFAULT NULL,
  `to` varchar(255) DEFAULT NULL,
  `toDevice` varchar(255) DEFAULT NULL,
  `radius` double DEFAULT '0.8',
  PRIMARY KEY (`id`)
) ENGINE=InnoDB AUTO_INCREMENT=113 DEFAULT CHARSET=utf8;

-- ----------------------------
-- Records of power
-- ----------------------------
INSERT INTO `power` VALUES ('1', 'F9-E8#09', '1', '1', '1F901423701', '1F90142', '1E801420909', '1E80142', '3');
INSERT INTO `power` VALUES ('2', 'F9-E9#09', '1', '1', '1F901423720', '1F90142', '1E901420911', '1E90142', '3');
INSERT INTO `power` VALUES ('3', 'E8-A2D', '1', '2', '1E801422003F', '1E80142', '1A202010101', '1A20201', '1.4');
INSERT INTO `power` VALUES ('4', 'E8-A3D', '1', '2', '1E801422005F', '1E80142', '1A302010101', '1A30201', '1.4');
INSERT INTO `power` VALUES ('5', 'E8-A4D', '1', '2', '1E801422007F', '1E80142', '1A402010101', '1A40201', '1.4');
INSERT INTO `power` VALUES ('14', 'E8-A5D', '1', '2', '1E801422009F', '1E80142', '1A502010101', '1A50201', '1.4');
INSERT INTO `power` VALUES ('15', 'E8-A6D', '1', '2', '1E801422011F', '1E80142', '1A602010101', '1A60201', '1.4');
INSERT INTO `power` VALUES ('16', 'E8-A7D', '1', '2', '1E801422013F', '1E80142', '1A702010101', '1A70201', '1.4');
INSERT INTO `power` VALUES ('17', 'E8-A8D', '1', '2', '1E801422015F', '1E80142', '1A802010101', '1A80201', '1.4');
INSERT INTO `power` VALUES ('18', 'E8-A9D', '1', '2', '1E801422017F', '1E80142', '1A902010101', '1A90201', '1.4');
INSERT INTO `power` VALUES ('29', 'E8-B2D', '1', '2', '1E801422303F', '1E80142', '1B202010101', '1B20201', '1.4');
INSERT INTO `power` VALUES ('30', 'E8-B3D', '1', '2', '1E801422305F', '1E80142', '1B302010101', '1B30201', '1.4');
INSERT INTO `power` VALUES ('31', 'E8-B4D', '1', '2', '1E801422307F', '1E80142', '1B402010101', '1B40201', '1.4');
INSERT INTO `power` VALUES ('32', 'E8-B5D', '1', '2', '1E801422309F', '1E80142', '1B502010101', '1B50201', '1.4');
INSERT INTO `power` VALUES ('33', 'E8-B6D', '1', '2', '1E801422311F', '1E80142', '1B602010101', '1B60201', '1.4');
INSERT INTO `power` VALUES ('34', 'E8-B7D', '1', '2', '1E801422313F', '1E80142', '1B702010101', '1B70201', '1.4');
INSERT INTO `power` VALUES ('35', 'E8-B8D', '1', '2', '1E801422315F', '1E80142', '1B802010101', '1B80201', '1.4');
INSERT INTO `power` VALUES ('36', 'E8-B9D', '1', '2', '1E801422317F', '1E80142', '1B902010101', '1B90201', '1.4');
INSERT INTO `power` VALUES ('37', 'E8-C2D', '1', '2', '1E801422603F', '1E80142', '1C202010101', '1C20201', '1.4');
INSERT INTO `power` VALUES ('38', 'E8-C3D', '1', '2', '1E801422605F', '1E80142', '1C302010101', '1C30201', '1.4');
INSERT INTO `power` VALUES ('39', 'E8-C4D', '1', '2', '1E801422607F', '1E80142', '1C402010101', '1C40201', '1.4');
INSERT INTO `power` VALUES ('40', 'E8-C5D', '1', '2', '1E801422609F', '1E80142', '1C502010101', '1C50201', '1.4');
INSERT INTO `power` VALUES ('41', 'E8-C6D', '1', '2', '1E801422611F', '1E80142', '1C602010101', '1C60201', '1.4');
INSERT INTO `power` VALUES ('42', 'E8-C7D', '1', '2', '1E801422613F', '1E80142', '1C702010101', '1C70201', '1.4');
INSERT INTO `power` VALUES ('43', 'E8-C8D', '1', '2', '1E801422615F', '1E80142', '1C802010101', '1C80201', '1.4');
INSERT INTO `power` VALUES ('44', 'E8-C9D', '1', '2', '1E801422617F', '1E80142', '1C902010101', '1C90201', '1.4');
INSERT INTO `power` VALUES ('45', 'E8-D2D', '1', '2', '1E801422903F', '1E80142', '1D202010101', '1D20201', '1.4');
INSERT INTO `power` VALUES ('46', 'E8-D3D', '1', '2', '1E801422905F', '1E80142', '1D302010101', '1D30201', '1.4');
INSERT INTO `power` VALUES ('47', 'E8-D4D', '1', '2', '1E801422907F', '1E80142', '1D402010101', '1D40201', '1.4');
INSERT INTO `power` VALUES ('48', 'E8-D5D', '1', '2', '1E801422909F', '1E80142', '1D502010101', '1D50201', '1.4');
INSERT INTO `power` VALUES ('49', 'E8-D6D', '1', '2', '1E801422911F', '1E80142', '1D602010101', '1D60201', '1.4');
INSERT INTO `power` VALUES ('50', 'E8-D7D', '1', '2', '1E801422913F', '1E80142', '1D702010101', '1D70201', '1.4');
INSERT INTO `power` VALUES ('51', 'E8-D8D', '1', '2', '1E801422915F', '1E80142', '1D802010101', '1D80201', '1.4');
INSERT INTO `power` VALUES ('52', 'E8-D9D', '1', '2', '1E801422917F', '1E80142', '1D902010101', '1D90201', '1.4');
INSERT INTO `power` VALUES ('53', 'E8-E2D', '1', '2', '1E801423203F', '1E80142', '1E202010101', '1E20201', '1.4');
INSERT INTO `power` VALUES ('54', 'E8-E3D', '1', '2', '1E801423205F', '1E80142', '1E302010101', '1E30201', '1.4');
INSERT INTO `power` VALUES ('55', 'E8-E4D', '1', '2', '1E801423207F', '1E80142', '1E402010101', '1E40201', '1.4');
INSERT INTO `power` VALUES ('56', 'E8-E5D', '1', '2', '1E801423209F', '1E80142', '1E502010101', '1E50201', '1.4');
INSERT INTO `power` VALUES ('57', 'E8-E6D', '1', '2', '1E801423211F', '1E80142', '1E602010101', '1E60201', '1.4');
INSERT INTO `power` VALUES ('58', 'E8-E7D', '1', '2', '1E801423213F', '1E80142', '1E702010101', '1E70201', '1.4');
INSERT INTO `power` VALUES ('59', 'E8-F2D', '1', '2', '1E801423503F', '1E80142', '1F202010101', '1F20201', '1.4');
INSERT INTO `power` VALUES ('60', 'E8-F3D', '1', '2', '1E801423505F', '1E80142', '1F302010101', '1F30201', '1.4');
INSERT INTO `power` VALUES ('61', 'E8-F4D', '1', '2', '1E801423507F', '1E80142', '1F402010101', '1F40201', '1.4');
INSERT INTO `power` VALUES ('62', 'E8-F5D', '1', '2', '1E801423509F', '1E80142', '1F502010101', '1F50201', '1.4');
INSERT INTO `power` VALUES ('63', 'E8-F6D', '1', '2', '1E801423511F', '1E80142', '1F602010101', '1F60201', '1.4');
INSERT INTO `power` VALUES ('64', 'E8-F7D', '1', '2', '1E801423513F', '1E80142', '1F702010101', '1F70201', '1.4');
INSERT INTO `power` VALUES ('65', 'E8-F8D', '1', '2', '1E801423515F', '1E80142', '1F802010101', '1F80201', '1.4');
INSERT INTO `power` VALUES ('66', 'E9-A2U', '1', '2', '1E901422003F', '1E90142', '1A204010101', '1A20401', '1.4');
INSERT INTO `power` VALUES ('67', 'E9-A3U', '1', '2', '1E901422005F', '1E90142', '1A304010101', '1A30401', '1.4');
INSERT INTO `power` VALUES ('68', 'E9-A4U', '1', '2', '1E901422007F', '1E90142', '1A404010101', '1A40401', '1.4');
INSERT INTO `power` VALUES ('69', 'E9-A5U', '1', '2', '1E901422009F', '1E90142', '1A504010101', '1A50401', '1.4');
INSERT INTO `power` VALUES ('70', 'E9-A6U', '1', '2', '1E901422011F', '1E90142', '1A604010101', '1A60401', '1.4');
INSERT INTO `power` VALUES ('71', 'E9-A7U', '1', '2', '1E901422013F', '1E90142', '1A704010101', '1A70401', '1.4');
INSERT INTO `power` VALUES ('72', 'E9-A8U', '1', '2', '1E901422015F', '1E90142', '1A804010101', '1A80401', '1.4');
INSERT INTO `power` VALUES ('73', 'E9-A9U', '1', '2', '1E901422017F', '1E90142', '1A904010101', '1A90401', '1.4');
INSERT INTO `power` VALUES ('74', 'E9-B2U', '1', '2', '1E901422303F', '1E90142', '1B204010101', '1B20401', '1.4');
INSERT INTO `power` VALUES ('75', 'E9-B3U', '1', '2', '1E901422305F', '1E90142', '1B304010101', '1B30401', '1.4');
INSERT INTO `power` VALUES ('76', 'E9-B4U', '1', '2', '1E901422307F', '1E90142', '1B404010101', '1B40401', '1.4');
INSERT INTO `power` VALUES ('77', 'E9-B5U', '1', '2', '1E901422309F', '1E90142', '1B504010101', '1B50401', '1.4');
INSERT INTO `power` VALUES ('78', 'E9-B6U', '1', '2', '1E901422311F', '1E90142', '1B604010101', '1B60401', '1.4');
INSERT INTO `power` VALUES ('79', 'E9-B7U', '1', '2', '1E901422313F', '1E90142', '1B704010101', '1B70401', '1.4');
INSERT INTO `power` VALUES ('80', 'E9-B8U', '1', '2', '1E901422315F', '1E90142', '1B804010101', '1B80401', '1.4');
INSERT INTO `power` VALUES ('81', 'E9-B9U', '1', '2', '1E901422317F', '1E90142', '1B904010101', '1B90401', '1.4');
INSERT INTO `power` VALUES ('82', 'E9-C2U', '1', '2', '1E901422603F', '1E90142', '1C204010101', '1C20401', '1.4');
INSERT INTO `power` VALUES ('83', 'E9-C3U', '1', '2', '1E901422605F', '1E90142', '1C304010101', '1C30401', '1.4');
INSERT INTO `power` VALUES ('84', 'E9-C4U', '1', '2', '1E901422607F', '1E90142', '1C404010101', '1C40401', '1.4');
INSERT INTO `power` VALUES ('85', 'E9-C5U', '1', '2', '1E901422609F', '1E90142', '1C504010101', '1C50401', '1.4');
INSERT INTO `power` VALUES ('86', 'E9-C6U', '1', '2', '1E901422611F', '1E90142', '1C604010101', '1C60401', '1.4');
INSERT INTO `power` VALUES ('87', 'E9-C7U', '1', '2', '1E901422613F', '1E90142', '1C704010101', '1C70401', '1.4');
INSERT INTO `power` VALUES ('88', 'E9-C8U', '1', '2', '1E901422615F', '1E90142', '1C804010101', '1C80401', '1.4');
INSERT INTO `power` VALUES ('89', 'E9-C9U', '1', '2', '1E901422617F', '1E90142', '1C904010101', '1C90401', '1.4');
INSERT INTO `power` VALUES ('90', 'E9-D2U', '1', '2', '1E901422903F', '1E90142', '1D204010101', '1D20401', '1.4');
INSERT INTO `power` VALUES ('91', 'E9-D3U', '1', '2', '1E901422905F', '1E90142', '1D304010101', '1D30401', '1.4');
INSERT INTO `power` VALUES ('92', 'E9-D4U', '1', '2', '1E901422907F', '1E90142', '1D404010101', '1D40401', '1.4');
INSERT INTO `power` VALUES ('93', 'E9-D5U', '1', '2', '1E901422909F', '1E90142', '1D504010101', '1D50401', '1.4');
INSERT INTO `power` VALUES ('94', 'E9-D6U', '1', '2', '1E901422911F', '1E90142', '1D604010101', '1D60401', '1.4');
INSERT INTO `power` VALUES ('95', 'E9-D7U', '1', '2', '1E901422913F', '1E90142', '1D704010101', '1D70401', '1.4');
INSERT INTO `power` VALUES ('96', 'E9-D8U', '1', '2', '1E901422915F', '1E90142', '1D804010101', '1D80401', '1.4');
INSERT INTO `power` VALUES ('97', 'E9-D9U', '1', '2', '1E901422917F', '1E90142', '1D904010101', '1D90401', '1.4');
INSERT INTO `power` VALUES ('98', 'E9-E2U', '1', '2', '1E901423203F', '1E90142', '1E204010101', '1E20401', '1.4');
INSERT INTO `power` VALUES ('99', 'E9-E3U', '1', '2', '1E901423205F', '1E90142', '1E304010101', '1E30401', '1.4');
INSERT INTO `power` VALUES ('100', 'E9-E4U', '1', '2', '1E901423207F', '1E90142', '1E404010101', '1E40401', '1.4');
INSERT INTO `power` VALUES ('101', 'E9-E5U', '1', '2', '1E901423209F', '1E90142', '1E504010101', '1E50401', '1.4');
INSERT INTO `power` VALUES ('102', 'E9-E6U', '1', '2', '1E901423211F', '1E90142', '1E604010101', '1E60401', '1.4');
INSERT INTO `power` VALUES ('103', 'E9-E7U', '1', '2', '1E901423213F', '1E90142', '1E704010101', '1E70401', '1.4');
INSERT INTO `power` VALUES ('104', 'E9-F2U', '1', '2', '1E901422903F', '1E90142', '1F204010101', '1F20401', '1.4');
INSERT INTO `power` VALUES ('105', 'E9-F3U', '1', '2', '1E901422905F', '1E90142', '1F304010101', '1F30401', '1.4');
INSERT INTO `power` VALUES ('106', 'E9-F4U', '1', '2', '1E901422907F', '1E90142', '1F404010101', '1F40401', '1.4');
INSERT INTO `power` VALUES ('107', 'E9-F5U', '1', '2', '1E901422909F', '1E90142', '1F504010101', '1F50401', '1.4');
INSERT INTO `power` VALUES ('108', 'E9-F6U', '1', '2', '1E901422911F', '1E90142', '1F604010101', '1F60401', '1.4');
INSERT INTO `power` VALUES ('109', 'E9-F7U', '1', '2', '1E901422913F', '1E90142', '1F704010101', '1F70401', '1.4');
INSERT INTO `power` VALUES ('110', 'E9-F8U', '1', '2', '1E901422915F', '1E90142', '1F804010101', '1F80401', '1.4');
INSERT INTO `power` VALUES ('111', 'C3D-30U', '1', '3', '1C302010102', '1C30201', '1C330010101', '1C33001', '0.8');
INSERT INTO `power` VALUES ('112', 'C3U-30U', '1', '3', '1C304010102', '1C30401', '1C330010102', '1C33001', '0.8');

-- ----------------------------
-- Table structure for station
-- ----------------------------
DROP TABLE IF EXISTS `station`;
CREATE TABLE `station` (
  `id` int(11) NOT NULL,
  `code` varchar(255) DEFAULT NULL,
  `name` varchar(255) DEFAULT NULL,
  `memo` varchar(1000) DEFAULT NULL,
  PRIMARY KEY (`id`)
) ENGINE=InnoDB DEFAULT CHARSET=utf8;

-- ----------------------------
-- Records of station
-- ----------------------------
INSERT INTO `station` VALUES ('1', '1', '黄山市调度主站', '');

-- ----------------------------
-- Table structure for system
-- ----------------------------
DROP TABLE IF EXISTS `system`;
CREATE TABLE `system` (
  `id` int(11) NOT NULL AUTO_INCREMENT,
  `name` varchar(255) DEFAULT NULL,
  `areaId` int(11) DEFAULT NULL,
  PRIMARY KEY (`id`)
) ENGINE=InnoDB AUTO_INCREMENT=11 DEFAULT CHARSET=utf8;

-- ----------------------------
-- Records of system
-- ----------------------------
INSERT INTO `system` VALUES ('1', '配自调度控制系统', '1');
INSERT INTO `system` VALUES ('2', '新一代智能调度控制系统', '1');
INSERT INTO `system` VALUES ('3', '调度数据网系统', '1');
INSERT INTO `system` VALUES ('4', '配自调度管理系统', '2');
INSERT INTO `system` VALUES ('5', '新一代智能调度管理系统', '2');
INSERT INTO `system` VALUES ('6', '电力监控安全防护系统', '2');
INSERT INTO `system` VALUES ('7', '新能源安全接入系统', '2');
INSERT INTO `system` VALUES ('8', '机房供电系统', '3');
INSERT INTO `system` VALUES ('9', '动环系统', '3');
INSERT INTO `system` VALUES ('10', '其他系统', '3');

-- ----------------------------
-- Table structure for template
-- ----------------------------
DROP TABLE IF EXISTS `template`;
CREATE TABLE `template` (
  `id` int(11) NOT NULL AUTO_INCREMENT,
  `name` varchar(255) DEFAULT NULL,
  `type` varchar(255) DEFAULT NULL,
  `isShow` tinyint(4) DEFAULT '0',
  `length` double DEFAULT NULL,
  `width` double DEFAULT NULL,
  `height` double DEFAULT NULL,
  `pos_x` double DEFAULT NULL,
  `pos_y` double DEFAULT NULL,
  `pos_z` double DEFAULT NULL,
  `rot_x` double DEFAULT NULL,
  `rot_y` double DEFAULT NULL,
  `rot_z` double DEFAULT NULL,
  `scl_x` double DEFAULT NULL,
  `scl_y` double DEFAULT NULL,
  `scl_z` double DEFAULT NULL,
  `transparent` int(11) DEFAULT NULL,
  `opacity` double DEFAULT NULL,
  `material` int(11) DEFAULT NULL,
  `parent` varchar(255) DEFAULT NULL,
  `opcode` varchar(255) DEFAULT NULL,
  `transprent` int(11) NOT NULL,
  PRIMARY KEY (`id`)
) ENGINE=InnoDB AUTO_INCREMENT=44 DEFAULT CHARSET=utf8;

-- ----------------------------
-- Records of template
-- ----------------------------
INSERT INTO `template` VALUES ('1', 'cabinet', 'cabinet', '1', '80', '70', '215', null, null, null, null, null, null, null, null, null, '1', '0', '52', null, null, '0');
INSERT INTO `template` VALUES ('2', 'hole', 'hole', '1', '80', '66', '211', null, null, null, null, null, null, null, null, null, '0', '1', '54', 'cabinet', '-', '0');
INSERT INTO `template` VALUES ('3', 'doorF', 'cube', '1', '2', '66', '211', '-40', null, null, null, null, null, null, null, null, '0', '1', '55', 'cabinet', null, '0');
INSERT INTO `template` VALUES ('4', 'doorB', 'cube', '1', '2', '66', '211', '40', null, null, null, null, null, null, null, null, '0', '1', '56', 'cabinet', null, '0');
INSERT INTO `template` VALUES ('5', 'firedevice', 'cube', '1', '60', '80', '220', null, null, null, null, null, null, null, null, null, '0', '1', '46', null, null, '0');
INSERT INTO `template` VALUES ('6', 'aircondition', 'cube', '1', '60', '150', '220', null, null, null, null, null, null, null, null, null, '0', '1', '44', null, null, '0');
INSERT INTO `template` VALUES ('7', '1u_firewall', 'cube', '1', '70', '65', '5', '0', '0', '0', null, null, null, null, null, null, '0', '1', '57', null, null, '0');
INSERT INTO `template` VALUES ('8', '1u_fwdiso', 'cube', '1', '70', '65', '5', null, null, null, null, null, null, null, null, null, null, null, '58', null, null, '0');
INSERT INTO `template` VALUES ('9', '1u_kvm', 'cube', '1', '70', '65', '5', null, null, null, null, null, null, null, null, null, null, null, '59', null, null, '0');
INSERT INTO `template` VALUES ('10', '1u_switch', 'cube', '1', '70', '65', '5', null, null, null, null, null, null, null, null, null, null, null, '60', null, null, '0');
INSERT INTO `template` VALUES ('12', '2u_detector', 'cube', '1', '70', '65', '10', null, null, null, null, null, null, null, null, null, null, null, '62', null, null, '0');
INSERT INTO `template` VALUES ('13', '2u_dframe', 'cube', '1', '70', '65', '10', null, null, null, null, null, null, null, null, null, null, null, '63', null, null, '0');
INSERT INTO `template` VALUES ('14', '2u_enc', 'cube', '1', '70', '65', '10', null, null, null, null, null, null, null, null, null, null, null, '64', null, null, '0');
INSERT INTO `template` VALUES ('15', '2u_encmgr', 'cube', '1', '70', '65', '10', null, null, null, null, null, null, null, null, null, null, null, '65', null, null, '0');
INSERT INTO `template` VALUES ('16', '2u_firewall', 'cube', '1', '70', '65', '10', null, null, null, null, null, null, null, null, null, null, null, '66', null, null, '0');
INSERT INTO `template` VALUES ('17', '2u_lizhuo', 'cube', '1', '70', '65', '10', null, null, null, null, null, null, null, null, null, null, null, '67', null, null, '0');
INSERT INTO `template` VALUES ('18', '2u_routerpwr', 'cube', '1', '70', '65', '10', null, null, null, null, null, null, null, null, null, null, null, '68', null, null, '0');
INSERT INTO `template` VALUES ('19', '2u_rvsiso', 'cube', '1', '70', '65', '10', null, null, null, null, null, null, null, null, null, null, null, '69', null, null, '0');
INSERT INTO `template` VALUES ('20', '2u_server', 'cube', '1', '70', '65', '10', null, null, null, null, null, null, null, null, null, null, null, '70', null, null, '0');
INSERT INTO `template` VALUES ('21', '3u_raid', 'cube', '1', '70', '65', '15', null, null, null, null, null, null, null, null, null, null, null, '71', null, null, '0');
INSERT INTO `template` VALUES ('22', '3u_server', 'cube', '1', '70', '65', '15', null, null, null, null, null, null, null, null, null, null, null, '72', null, null, '0');
INSERT INTO `template` VALUES ('23', '4u_clock', 'cube', '1', '70', '65', '20', null, null, null, null, null, null, null, null, null, null, null, '73', null, null, '0');
INSERT INTO `template` VALUES ('24', '4u_server', 'cube', '1', '70', '65', '20', null, null, null, null, null, null, null, null, null, null, null, '74', null, null, '0');
INSERT INTO `template` VALUES ('25', '4u_worksta', 'cube', '1', '70', '65', '20', null, null, null, null, null, null, null, null, null, null, null, '75', null, null, '0');
INSERT INTO `template` VALUES ('26', '14u_router', 'cube', '1', '70', '65', '70', null, null, null, null, null, null, null, null, null, null, null, '76', null, null, '0');
INSERT INTO `template` VALUES ('27', '21u_router_h3c', 'cube', '1', '70', '65', '110', null, null, null, null, null, null, null, null, null, null, null, '77', null, null, '0');
INSERT INTO `template` VALUES ('28', '21u_router_zx', 'cube', '1', '70', '65', '110', null, null, null, null, null, null, null, null, null, null, null, '78', null, null, '0');
INSERT INTO `template` VALUES ('29', 'cabinet', 'cube', '0', '80', '70', '215', null, null, null, null, null, null, null, null, null, null, null, '53', null, null, '0');
INSERT INTO `template` VALUES ('30', 'sideL', 'cube', '1', '80', '2', '213', '0', '0', '-34', null, null, null, null, null, null, null, null, '53', 'cabinet', null, '0');
INSERT INTO `template` VALUES ('31', 'sideR', 'cube', '1', '80', '2', '213', '0', '0', '34', null, null, null, null, null, null, null, null, '54', 'cabinet', null, '0');
INSERT INTO `template` VALUES ('32', 'sideU', 'cube', '1', '80', '70', '2', '0', '106', '0', null, null, null, null, null, null, null, null, '79', 'cabinet', null, '0');
INSERT INTO `template` VALUES ('33', 'sideD', 'cube', '1', '80', '70', '2', '0', '-107', '0', null, null, null, null, null, null, null, null, '79', 'cabinet', null, '0');
INSERT INTO `template` VALUES ('34', '2u_isocom', 'cube', '1', '70', '65', '10', null, null, null, null, null, null, null, null, null, null, null, '80', '', '', '0');
INSERT INTO `template` VALUES ('35', '1u_detector', 'cube', '1', '70', '65', '5', null, null, null, null, null, null, null, null, null, null, null, '81', null, null, '0');
INSERT INTO `template` VALUES ('36', '1u_powerswitch', 'cube', '1', '70', '65', '5', null, null, null, null, null, null, null, null, null, null, null, '82', null, null, '0');
INSERT INTO `template` VALUES ('37', '1u_rvsiso', 'cube', '1', '70', '65', '5', null, null, null, null, null, null, null, null, null, null, null, '83', null, null, '0');
INSERT INTO `template` VALUES ('38', '1u_switchpower', 'cube', '1', '70', '65', '5', null, null, null, null, null, null, null, null, null, null, null, '84', null, null, '0');
INSERT INTO `template` VALUES ('39', '1u_enc', 'cube', '1', '70', '65', '5', null, null, null, null, null, null, null, null, null, null, null, '85', null, null, '0');
INSERT INTO `template` VALUES ('40', '1u_rack', 'cube', '1', '70', '65', '5', null, null, null, null, null, null, null, null, null, null, null, '86', null, null, '0');
INSERT INTO `template` VALUES ('41', '1u_pstrip', 'pstrip', '1', '5', '65', '5', '30', null, null, null, null, null, null, null, null, null, null, '87', null, null, '0');
INSERT INTO `template` VALUES ('42', '42u_ups', 'cube', '1', '40', '65', '200', '-15', null, null, null, null, null, null, null, null, null, null, '88', null, null, '0');
INSERT INTO `template` VALUES ('43', '42u_elec', 'cube', '1', '40', '65', '200', '-15', null, null, null, null, null, null, null, null, null, null, '89', null, null, '0');

-- ----------------------------
-- Table structure for text
-- ----------------------------
DROP TABLE IF EXISTS `text`;
CREATE TABLE `text` (
  `id` int(11) NOT NULL AUTO_INCREMENT,
  `name` varchar(255) DEFAULT NULL,
  `isShow` int(11) DEFAULT '1',
  `font` varchar(255) DEFAULT 'Bold 26px serif',
  `color` varchar(255) DEFAULT '#143A3F',
  `text` varchar(255) DEFAULT NULL,
  `labelIds` varchar(255) DEFAULT '0',
  `offX` double DEFAULT '128',
  `offY` double DEFAULT '130',
  PRIMARY KEY (`id`)
) ENGINE=InnoDB AUTO_INCREMENT=180 DEFAULT CHARSET=utf8;

-- ----------------------------
-- Records of text
-- ----------------------------
INSERT INTO `text` VALUES ('1', 'F1', '1', 'Bold 48px serif', '#FFFFFF', 'F1', '1', '32', '32');
INSERT INTO `text` VALUES ('2', 'F2', '1', 'Bold 48px serif', '#FFFFFF', 'F2', '2', '32', '32');
INSERT INTO `text` VALUES ('3', 'F3', '1', 'Bold 48px serif', '#FFFFFF', 'F3', '3', '32', '32');
INSERT INTO `text` VALUES ('4', 'F4', '1', 'Bold 48px serif', '#FFFFFF', 'F4', '4', '32', '32');
INSERT INTO `text` VALUES ('5', 'F5', '1', 'Bold 48px serif', '#FFFFFF', 'F5', '5', '32', '32');
INSERT INTO `text` VALUES ('6', 'F6', '1', 'Bold 48px serif', '#FFFFFF', 'F6', '6', '32', '32');
INSERT INTO `text` VALUES ('7', 'F7', '1', 'Bold 48px serif', '#FFFFFF', 'F7', '7', '32', '32');
INSERT INTO `text` VALUES ('8', 'F8', '1', 'Bold 48px serif', '#FFFFFF', 'F8', '8', '32', '32');
INSERT INTO `text` VALUES ('9', 'F9', '1', 'Bold 48px serif', '#FFFFFF', 'F9', '9', '32', '32');
INSERT INTO `text` VALUES ('10', 'F', '1', 'Bold 48px serif', '#FFFFFF', 'F', '10,11', '32', '32');
INSERT INTO `text` VALUES ('11', 'F-1', '1', '24px serif', '#143A3F', 'F-1', '12', '128', '90');
INSERT INTO `text` VALUES ('12', '配网安全接入I', '0', 'Bold 26px serif', '#143A3F', '配网安全接入I', '69-121', '128', '130');
INSERT INTO `text` VALUES ('13', '生产控制大区', '1', '24px serif', '#143A3F', '生产控制大区', '95-121', '128', '170');
INSERT INTO `text` VALUES ('14', 'E1', '1', 'Bold 48px serif', '#FFFFFF', 'E1', '13', '32', '32');
INSERT INTO `text` VALUES ('15', 'E2', '1', 'Bold 48px serif', '#FFFFFF', 'E2', '14', '32', '32');
INSERT INTO `text` VALUES ('16', 'E3', '1', 'Bold 48px serif', '#FFFFFF', 'E3', '15', '32', '32');
INSERT INTO `text` VALUES ('17', 'E4', '1', 'Bold 48px serif', '#FFFFFF', 'E4', '16', '32', '32');
INSERT INTO `text` VALUES ('18', 'E5', '1', 'Bold 48px serif', '#FFFFFF', 'E5', '17', '32', '32');
INSERT INTO `text` VALUES ('19', 'E6', '1', 'Bold 48px serif', '#FFFFFF', 'E6', '18', '32', '32');
INSERT INTO `text` VALUES ('20', 'E7', '1', 'Bold 48px serif', '#FFFFFF', 'E7', '19', '32', '32');
INSERT INTO `text` VALUES ('21', 'E8', '1', 'Bold 48px serif', '#FFFFFF', 'E8', '20', '32', '32');
INSERT INTO `text` VALUES ('22', 'E9', '1', 'Bold 48px serif', '#FFFFFF', 'E9', '21', '32', '32');
INSERT INTO `text` VALUES ('23', 'D1', '1', 'Bold 48px serif', '#FFFFFF', 'D1', '22', '32', '32');
INSERT INTO `text` VALUES ('24', 'D2', '1', 'Bold 48px serif', '#FFFFFF', 'D2', '23', '32', '32');
INSERT INTO `text` VALUES ('25', 'D3', '1', 'Bold 48px serif', '#FFFFFF', 'D3', '24', '32', '32');
INSERT INTO `text` VALUES ('26', 'D4', '1', 'Bold 48px serif', '#FFFFFF', 'D4', '25', '32', '32');
INSERT INTO `text` VALUES ('27', 'D5', '1', 'Bold 48px serif', '#FFFFFF', 'D5', '26', '32', '32');
INSERT INTO `text` VALUES ('28', 'D6', '1', 'Bold 48px serif', '#FFFFFF', 'D6', '27', '32', '32');
INSERT INTO `text` VALUES ('29', 'D7', '1', 'Bold 48px serif', '#FFFFFF', 'D7', '28', '32', '32');
INSERT INTO `text` VALUES ('30', 'D8', '1', 'Bold 48px serif', '#FFFFFF', 'D8', '29', '32', '32');
INSERT INTO `text` VALUES ('31', 'D9', '1', 'Bold 48px serif', '#FFFFFF', 'D9', '30', '32', '32');
INSERT INTO `text` VALUES ('32', 'C1', '1', 'Bold 48px serif', '#FFFFFF', 'C1', '31', '32', '32');
INSERT INTO `text` VALUES ('33', 'C2', '1', 'Bold 48px serif', '#FFFFFF', 'C2', '32', '32', '32');
INSERT INTO `text` VALUES ('34', 'C3', '1', 'Bold 48px serif', '#FFFFFF', 'C3', '33', '32', '32');
INSERT INTO `text` VALUES ('35', 'C4', '1', 'Bold 48px serif', '#FFFFFF', 'C4', '34', '32', '32');
INSERT INTO `text` VALUES ('36', 'C5', '1', 'Bold 48px serif', '#FFFFFF', 'C5', '35', '32', '32');
INSERT INTO `text` VALUES ('37', 'C6', '1', 'Bold 48px serif', '#FFFFFF', 'C6', '36', '32', '32');
INSERT INTO `text` VALUES ('38', 'C7', '1', 'Bold 48px serif', '#FFFFFF', 'C7', '37', '32', '32');
INSERT INTO `text` VALUES ('39', 'C8', '1', 'Bold 48px serif', '#FFFFFF', 'C8', '38', '32', '32');
INSERT INTO `text` VALUES ('40', 'C9', '1', 'Bold 48px serif', '#FFFFFF', 'C9', '39', '32', '32');
INSERT INTO `text` VALUES ('41', 'B1', '1', 'Bold 48px serif', '#FFFFFF', 'B1', '40', '32', '32');
INSERT INTO `text` VALUES ('42', 'B2', '1', 'Bold 48px serif', '#FFFFFF', 'B2', '41', '32', '32');
INSERT INTO `text` VALUES ('43', 'B3', '1', 'Bold 48px serif', '#FFFFFF', 'B3', '42', '32', '32');
INSERT INTO `text` VALUES ('44', 'B4', '1', 'Bold 48px serif', '#FFFFFF', 'B4', '43', '32', '32');
INSERT INTO `text` VALUES ('45', 'B5', '1', 'Bold 48px serif', '#FFFFFF', 'B5', '44', '32', '32');
INSERT INTO `text` VALUES ('46', 'B6', '1', 'Bold 48px serif', '#FFFFFF', 'B6', '45', '32', '32');
INSERT INTO `text` VALUES ('47', 'B7', '1', 'Bold 48px serif', '#FFFFFF', 'B7', '46', '32', '32');
INSERT INTO `text` VALUES ('48', 'B8', '1', 'Bold 48px serif', '#FFFFFF', 'B8', '47', '32', '32');
INSERT INTO `text` VALUES ('49', 'B9', '1', 'Bold 48px serif', '#FFFFFF', 'B9', '48', '32', '32');
INSERT INTO `text` VALUES ('50', 'A1', '1', 'Bold 48px serif', '#FFFFFF', 'A1', '49', '32', '32');
INSERT INTO `text` VALUES ('51', 'A2', '1', 'Bold 48px serif', '#FFFFFF', 'A2', '50', '32', '32');
INSERT INTO `text` VALUES ('52', 'A3', '1', 'Bold 48px serif', '#FFFFFF', 'A3', '51', '32', '32');
INSERT INTO `text` VALUES ('53', 'A4', '1', 'Bold 48px serif', '#FFFFFF', 'A4', '52', '32', '32');
INSERT INTO `text` VALUES ('54', 'A5', '1', 'Bold 48px serif', '#FFFFFF', 'A5', '53', '32', '32');
INSERT INTO `text` VALUES ('55', 'A6', '1', 'Bold 48px serif', '#FFFFFF', 'A6', '54', '32', '32');
INSERT INTO `text` VALUES ('56', 'A7', '1', 'Bold 48px serif', '#FFFFFF', 'A7', '55', '32', '32');
INSERT INTO `text` VALUES ('57', 'A8', '1', 'Bold 48px serif', '#FFFFFF', 'A8', '56', '32', '32');
INSERT INTO `text` VALUES ('58', 'A9', '1', 'Bold 48px serif', '#FFFFFF', 'A9', '57', '32', '32');
INSERT INTO `text` VALUES ('59', 'E', '1', 'Bold 48px serif', '#FFFFFF', 'E', '58,59', '32', '32');
INSERT INTO `text` VALUES ('60', 'D', '1', 'Bold 48px serif', '#FFFFFF', 'D', '61,62', '32', '32');
INSERT INTO `text` VALUES ('61', 'C', '1', 'Bold 48px serif', '#FFFFFF', 'C', '63,64', '32', '32');
INSERT INTO `text` VALUES ('62', 'B', '1', 'Bold 48px serif', '#FFFFFF', 'B', '65,66', '32', '32');
INSERT INTO `text` VALUES ('63', 'A', '1', 'Bold 48px serif', '#FFFFFF', 'A', '67,68', '32', '32');
INSERT INTO `text` VALUES ('64', 'F-2', '1', '24px serif', '#143A3F', 'F-2', '69', '128', '90');
INSERT INTO `text` VALUES ('65', 'F-3', '1', '24px serif', '#143A3F', 'F-3', '70', '128', '90');
INSERT INTO `text` VALUES ('66', 'F-4', '1', '24px serif', '#143A3F', 'F-4', '71', '128', '90');
INSERT INTO `text` VALUES ('67', 'F-5', '1', '24px serif', '#143A3F', 'F-5', '72', '128', '90');
INSERT INTO `text` VALUES ('68', 'F-6', '1', '24px serif', '#143A3F', 'F-6', '73', '128', '90');
INSERT INTO `text` VALUES ('69', 'F-7', '1', '24px serif', '#143A3F', 'F-7', '74', '128', '90');
INSERT INTO `text` VALUES ('70', 'F-8', '1', '24px serif', '#143A3F', 'F-8', '75', '128', '90');
INSERT INTO `text` VALUES ('71', 'F-9', '1', '24px serif', '#143A3F', 'F-9', '76', '128', '90');
INSERT INTO `text` VALUES ('72', 'E-1', '1', '24px serif', '#143A3F', 'E-1', '77', '128', '90');
INSERT INTO `text` VALUES ('73', 'E-2', '1', '24px serif', '#143A3F', 'E-2', '78', '128', '90');
INSERT INTO `text` VALUES ('74', 'E-3', '1', '24px serif', '#143A3F', 'E-3', '79', '128', '90');
INSERT INTO `text` VALUES ('75', 'E-4', '1', '24px serif', '#143A3F', 'E-4', '80', '128', '90');
INSERT INTO `text` VALUES ('76', 'E-5', '1', '24px serif', '#143A3F', 'E-5', '81', '128', '90');
INSERT INTO `text` VALUES ('77', 'E-6', '1', '24px serif', '#143A3F', 'E-6', '82', '128', '90');
INSERT INTO `text` VALUES ('78', 'E-7', '1', '24px serif', '#143A3F', 'E-7', '83', '128', '90');
INSERT INTO `text` VALUES ('79', 'E-8', '1', '24px serif', '#143A3F', 'E-8', '84', '128', '90');
INSERT INTO `text` VALUES ('80', 'E-9', '1', '24px serif', '#143A3F', 'E-9', '85', '128', '90');
INSERT INTO `text` VALUES ('81', 'D-1', '1', '24px serif', '#143A3F', 'D-1', '86', '128', '90');
INSERT INTO `text` VALUES ('82', 'D-2', '1', '24px serif', '#143A3F', 'D-2', '87', '128', '90');
INSERT INTO `text` VALUES ('83', 'D-3', '1', '24px serif', '#143A3F', 'D-3', '88', '128', '90');
INSERT INTO `text` VALUES ('84', 'D-4', '1', '24px serif', '#143A3F', 'D-4', '89', '128', '90');
INSERT INTO `text` VALUES ('85', 'D-5', '1', '24px serif', '#143A3F', 'D-5', '90', '128', '90');
INSERT INTO `text` VALUES ('86', 'D-6', '1', '24px serif', '#143A3F', 'D-6', '91', '128', '90');
INSERT INTO `text` VALUES ('87', 'D-7', '1', '24px serif', '#143A3F', 'D-7', '92', '128', '90');
INSERT INTO `text` VALUES ('88', 'D-8', '1', '24px serif', '#143A3F', 'D-8', '93', '128', '90');
INSERT INTO `text` VALUES ('89', 'D-9', '1', '24px serif', '#143A3F', 'D-9', '94', '128', '90');
INSERT INTO `text` VALUES ('90', 'C-1', '1', '24px serif', '#143A3F', 'C-1', '95', '128', '90');
INSERT INTO `text` VALUES ('91', 'C-2', '1', '24px serif', '#143A3F', 'C-2', '96', '128', '90');
INSERT INTO `text` VALUES ('92', 'C-3', '1', '24px serif', '#143A3F', 'C-3', '97', '128', '90');
INSERT INTO `text` VALUES ('93', 'C-4', '1', '24px serif', '#143A3F', 'C-4', '98', '128', '90');
INSERT INTO `text` VALUES ('94', 'C-5', '1', '24px serif', '#143A3F', 'C-5', '99', '128', '90');
INSERT INTO `text` VALUES ('95', 'C-6', '1', '24px serif', '#143A3F', 'C-6', '100', '128', '90');
INSERT INTO `text` VALUES ('96', 'C-7', '1', '24px serif', '#143A3F', 'C-7', '101', '128', '90');
INSERT INTO `text` VALUES ('97', 'C-8', '1', '24px serif', '#143A3F', 'C-8', '102', '128', '90');
INSERT INTO `text` VALUES ('98', 'C-9', '1', '24px serif', '#143A3F', 'C-9', '103', '128', '90');
INSERT INTO `text` VALUES ('99', 'B-1', '1', '24px serif', '#143A3F', 'B-1', '104', '128', '90');
INSERT INTO `text` VALUES ('100', 'B-2', '1', '24px serif', '#143A3F', 'B-2', '105', '128', '90');
INSERT INTO `text` VALUES ('101', 'B-3', '1', '24px serif', '#143A3F', 'B-3', '106', '128', '90');
INSERT INTO `text` VALUES ('102', 'B-4', '1', '24px serif', '#143A3F', 'B-4', '107', '128', '90');
INSERT INTO `text` VALUES ('103', 'B-5', '1', '24px serif', '#143A3F', 'B-5', '108', '128', '90');
INSERT INTO `text` VALUES ('104', 'B-6', '1', '24px serif', '#143A3F', 'B-6', '109', '128', '90');
INSERT INTO `text` VALUES ('105', 'B-7', '1', '24px serif', '#143A3F', 'B-7', '110', '128', '90');
INSERT INTO `text` VALUES ('106', 'B-8', '1', '24px serif', '#143A3F', 'B-8', '111', '128', '90');
INSERT INTO `text` VALUES ('107', 'B-9', '1', '24px serif', '#143A3F', 'B-9', '112', '128', '90');
INSERT INTO `text` VALUES ('108', 'A-1', '1', '24px serif', '#143A3F', 'A-1', '113', '128', '90');
INSERT INTO `text` VALUES ('109', 'A-2', '1', '24px serif', '#143A3F', 'A-2', '114', '128', '90');
INSERT INTO `text` VALUES ('110', 'A-3', '1', '24px serif', '#143A3F', 'A-3', '115', '128', '90');
INSERT INTO `text` VALUES ('111', 'A-4', '1', '24px serif', '#143A3F', 'A-4', '116', '128', '90');
INSERT INTO `text` VALUES ('112', 'A-5', '1', '24px serif', '#143A3F', 'A-5', '117', '128', '90');
INSERT INTO `text` VALUES ('113', 'A-6', '1', '24px serif', '#143A3F', 'A-6', '118', '128', '90');
INSERT INTO `text` VALUES ('114', 'A-7', '1', '24px serif', '#143A3F', 'A-7', '119', '128', '90');
INSERT INTO `text` VALUES ('115', 'A-8', '1', '24px serif', '#143A3F', 'A-8', '120', '128', '90');
INSERT INTO `text` VALUES ('116', 'A-9', '1', '24px serif', '#143A3F', 'A-9', '121', '128', '90');
INSERT INTO `text` VALUES ('117', 'XXX机柜', '0', 'Bold 26px serif', '#000000', 'XXX机柜', '69,70,71,72', '128', '130');
INSERT INTO `text` VALUES ('118', 'XXXX大区', '0', '24px serif', '#000000', 'XXXX大区', '69,70,71,72', '128', '170');
INSERT INTO `text` VALUES ('119', 'prodArea', '1', 'Bold 60px serif', '#000000', '生产控制大区', '122', '256', '32');
INSERT INTO `text` VALUES ('120', 'ctrlArea1', '1', 'Bold 60px serif', '#000000', '控制大区一', '123', '256', '32');
INSERT INTO `text` VALUES ('121', 'ctrlArea2', '1', 'Bold 60px serif', '#000000', '控制大区二', '124', '256', '32');
INSERT INTO `text` VALUES ('122', 'A1网络列头柜1', '1', 'Bold 26px serif', '#143A3F', '网络列头柜1', '113', '128', '130');
INSERT INTO `text` VALUES ('123', 'A3D5000网络柜I', '1', 'Bold 26px serif', '#143A3F', 'D5000网络柜1', '114', '128', '130');
INSERT INTO `text` VALUES ('124', 'A3D5000网络柜II', '1', 'Bold 26px serif', '#143A3F', 'D5000网络柜Ⅱ', '115', '128', '130');
INSERT INTO `text` VALUES ('125', 'A4D5000网络柜III', '1', 'Bold 26px serif', '#143A3F', 'D5000网络柜III', '116', '128', '130');
INSERT INTO `text` VALUES ('126', 'A5D5000网络柜IV', '1', 'Bold 26px serif', '#143A3F', 'D5000网络柜IV', '117', '128', '130');
INSERT INTO `text` VALUES ('127', 'A6D5000服务器柜I', '1', 'Bold 26px serif', '#143A3F', 'D5000服务器柜Ⅰ', '118', '128', '130');
INSERT INTO `text` VALUES ('128', 'A7D5000服务器柜II', '1', 'Bold 26px serif', '#143A3F', 'D5000服务器柜Ⅱ', '119', '128', '130');
INSERT INTO `text` VALUES ('129', 'A8D5000服务器柜III', '1', 'Bold 26px serif', '#143A3F', 'D5000服务器柜III', '120', '128', '130');
INSERT INTO `text` VALUES ('130', 'A9D5000服务器柜IV', '1', 'Bold 26px serif', '#143A3F', 'D5000服务器柜IV', '121', '128', '130');
INSERT INTO `text` VALUES ('131', 'B1网络列头柜1', '1', 'Bold 26px serif', '#143A3F', '网络列头柜1', '104', '128', '130');
INSERT INTO `text` VALUES ('132', 'B2未分配', '1', 'Bold 26px serif', '#143A3F', '未分配', '105', '128', '130');
INSERT INTO `text` VALUES ('133', 'B3未分配', '1', 'Bold 26px serif', '#143A3F', '未分配', '106', '128', '130');
INSERT INTO `text` VALUES ('134', 'B4未分配', '1', 'Bold 26px serif', '#143A3F', '未分配', '107', '128', '130');
INSERT INTO `text` VALUES ('135', 'B5未分配', '1', 'Bold 26px serif', '#143A3F', '未分配', '108', '128', '130');
INSERT INTO `text` VALUES ('136', 'B6未分配', '1', 'Bold 26px serif', '#143A3F', '未分配', '109', '128', '130');
INSERT INTO `text` VALUES ('137', 'B7未分配', '1', 'Bold 26px serif', '#143A3F', '未分配', '110', '128', '130');
INSERT INTO `text` VALUES ('138', 'B8未分配', '1', 'Bold 26px serif', '#143A3F', '未分配', '111', '128', '130');
INSERT INTO `text` VALUES ('139', 'B9未分配', '1', 'Bold 26px serif', '#143A3F', '未分配', '112', '128', '130');
INSERT INTO `text` VALUES ('140', 'C1网络列头柜1', '1', 'Bold 26px serif', '#143A3F', '网络列头柜1', '95', '128', '130');
INSERT INTO `text` VALUES ('141', 'C2配自网络机柜I', '1', 'Bold 26px serif', '#143A3F', '配自网络机柜Ⅰ', '96', '128', '130');
INSERT INTO `text` VALUES ('142', 'C3配自网络机柜II', '1', 'Bold 26px serif', '#143A3F', '配自网络机柜Ⅱ', '97', '128', '130');
INSERT INTO `text` VALUES ('143', 'C4配自安全接入I', '1', 'Bold 26px serif', '#143A3F', '配自安全接入Ⅰ', '98', '128', '130');
INSERT INTO `text` VALUES ('144', 'C5配自安全接入II', '1', 'Bold 26px serif', '#143A3F', '配自安全接入Ⅱ', '99', '128', '130');
INSERT INTO `text` VALUES ('145', 'C6配自工作站柜', '1', 'Bold 26px serif', '#143A3F', '配自工作站柜', '100', '128', '130');
INSERT INTO `text` VALUES ('146', 'C7配自安全防护', '1', 'Bold 26px serif', '#143A3F', '配自安全防护', '101', '128', '130');
INSERT INTO `text` VALUES ('147', 'C8配自服务器柜I', '1', 'Bold 26px serif', '#143A3F', '配自服务器柜Ⅰ', '102', '128', '130');
INSERT INTO `text` VALUES ('148', 'C9配自服务器柜Ⅱ', '1', 'Bold 26px serif', '#143A3F', '配自服务器柜Ⅱ', '103', '128', '130');
INSERT INTO `text` VALUES ('149', 'D1网络列头柜1', '1', 'Bold 26px serif', '#143A3F', '网络列头柜1', '86', '128', '130');
INSERT INTO `text` VALUES ('150', 'D2配自服务器柜Ⅰ', '1', 'Bold 26px serif', '#143A3F', '配自服务器柜Ⅰ', '87', '128', '130');
INSERT INTO `text` VALUES ('151', 'D3配自服务器柜Ⅱ', '1', 'Bold 26px serif', '#143A3F', '配自服务器柜Ⅱ', '88', '128', '130');
INSERT INTO `text` VALUES ('152', 'D4配自安全接入Ⅰ', '1', 'Bold 26px serif', '#143A3F', '配自安全接入Ⅰ', '89', '128', '130');
INSERT INTO `text` VALUES ('153', 'D5配自安全接入Ⅱ', '1', 'Bold 26px serif', '#143A3F', '配自安全接入Ⅱ', '90', '128', '130');
INSERT INTO `text` VALUES ('154', 'D6配自服务器柜III', '1', 'Bold 26px serif', '#143A3F', '配自服务器柜III', '91', '128', '130');
INSERT INTO `text` VALUES ('155', 'D7未分配', '1', 'Bold 26px serif', '#143A3F', '未分配', '92', '128', '130');
INSERT INTO `text` VALUES ('156', 'D8未分配', '1', 'Bold 26px serif', '#143A3F', '未分配', '93', '128', '130');
INSERT INTO `text` VALUES ('157', 'D9未分配', '1', 'Bold 26px serif', '#143A3F', '未分配', '94', '128', '130');
INSERT INTO `text` VALUES ('158', '管理信息大区', '1', '24px serif', '#143A3F', '管理信息大区', '86-94', '128', '130');
INSERT INTO `text` VALUES ('159', 'E1网络列头柜1', '1', 'Bold 26px serif', '#143A3F', '网络列头柜1', '77', '128', '130');
INSERT INTO `text` VALUES ('160', 'E2新能源数据采集', '1', 'Bold 26px serif', '#143A3F', '新能源数据采集', '78', '128', '130');
INSERT INTO `text` VALUES ('161', 'E3监控安全防护Ⅰ', '1', 'Bold 26px serif', '#143A3F', '监控安全防护Ⅰ', '79', '128', '130');
INSERT INTO `text` VALUES ('162', 'E4监控安全防护Ⅱ', '1', 'Bold 26px serif', '#143A3F', '监控安全防护Ⅱ', '80', '128', '130');
INSERT INTO `text` VALUES ('163', 'E5未分配', '1', 'Bold 26px serif', '#143A3F', '未分配', '81', '128', '130');
INSERT INTO `text` VALUES ('164', 'E6未分配', '1', 'Bold 26px serif', '#143A3F', '未分配', '82', '128', '130');
INSERT INTO `text` VALUES ('165', 'E7未分配', '1', 'Bold 26px serif', '#143A3F', '未分配', '83', '128', '130');
INSERT INTO `text` VALUES ('166', 'E81#UPS配电柜', '1', 'Bold 26px serif', '#143A3F', '1#UPS配电柜', '84', '128', '130');
INSERT INTO `text` VALUES ('167', 'E92#UPS配电柜', '1', 'Bold 26px serif', '#143A3F', '2#UPS配电柜', '85', '128', '130');
INSERT INTO `text` VALUES ('168', 'E2安全接入区', '1', '24px serif', '#143A3F', '安全接入区', '78', '128', '170');
INSERT INTO `text` VALUES ('169', 'E3内网监控平台', '1', '24px serif', '#143A3F', '内网监控平台', '79', '128', '170');
INSERT INTO `text` VALUES ('170', 'E4入侵、加密', '1', '24px serif', '#143A3F', '入侵、加密', '80', '128', '170');
INSERT INTO `text` VALUES ('171', 'F1网络列头柜1', '1', 'Bold 26px serif', '#143A3F', '网络列头柜1', '12', '128', '130');
INSERT INTO `text` VALUES ('172', 'F2骨干网一平面', '1', 'Bold 26px serif', '#143A3F', '骨干网一平面', '69', '128', '130');
INSERT INTO `text` VALUES ('173', 'F3骨干网二平面', '1', 'Bold 26px serif', '#143A3F', '骨干网二平面', '70', '128', '130');
INSERT INTO `text` VALUES ('174', 'F4入侵检测加密管理', '1', 'Bold 26px serif', '#143A3F', '入侵检测加密管理', '71', '128', '130');
INSERT INTO `text` VALUES ('175', 'F5地调接入网', '1', 'Bold 26px serif', '#143A3F', '地调接入网', '72', '128', '130');
INSERT INTO `text` VALUES ('176', 'F6未分配', '1', 'Bold 26px serif', '#143A3F', '未分配', '73', '128', '130');
INSERT INTO `text` VALUES ('177', 'F7未分配', '1', 'Bold 26px serif', '#143A3F', '未分配', '74', '128', '130');
INSERT INTO `text` VALUES ('178', 'F8未分配', '1', 'Bold 26px serif', '#143A3F', '未分配', '75', '128', '130');
INSERT INTO `text` VALUES ('179', 'F9市电配电柜', '1', 'Bold 26px serif', '#143A3F', '市电配电柜', '76', '128', '130');
